23.09.2026                                                                                                                                                                                                                                                                                                                                Dynamic List Display                                                                                                                                                                                                                                                                                                                                                                                         1


	RCLNT	RLDNR	RRCTY	RVERS	RYEAR	ROBJNR	COBJNR	SOBJNR	RTCUR	RUNIT	DRCRK	RPMAX	RBUKRS	RJVNAM	REGROU	RACCT	RBUSA	RCNTR	RORDNR	  RPROJK	RPRCTR	RANLN1	RANLN2	RANBWA	RRECIN	RPARTN	RKOKRS	NPLNR	VORNR	     AUFPL	   APLZL	             TSLVT	TSL01	TSL02	TSL03	TSL04	TSL05	TSL06	TSL07	TSL08	TSL09	TSL10	TSL11	TSL12	TSL13	TSL14	TSL15	TSL16	            HSLVT	HSL01	HSL02	HSL03	HSL04	HSL05	HSL06	HSL07	HSL08	HSL09	HSL10	HSL11	HSL12	HSL13	HSL14	HSL15	HSL16	          KSLVT	KSL01	KSL02	KSL03	KSL04	KSL05	KSL06	KSL07	KSL08	KSL09	KSL10	KSL11	KSL12	KSL13	KSL14	KSL15	KSL16	 MSLVT	 MSL01	 MSL02	 MSL03	 MSL04	 MSL05	 MSL06	 MSL07	 MSL08	 MSL09	 MSL10	 MSL11	 MSL12	 MSL13	 MSL14	 MSL15	 MSL16

	500	4A	0	001	 2026	000000000001474221	000000000000000000	000000000000000000	EUR		H	  016	OVL	MM1601	OE1	0000120170				00000000					CP					0000000000	00000000	-10,026,449.64	0.00	0.00	0.00	0.00	0.00	0.00	0.00	0.00	0.00	0.00	0.00	0.00	0.00	0.00	0.00	0.00	-751,557,001.42	0.00	0.00	0.00	0.00	0.00	0.00	0.00	0.00	0.00	0.00	0.00	0.00	0.00	0.00	0.00	0.00	-11,413,973.67	0.00	0.00	0.00	0.00	0.00	0.00	0.00	0.00	0.00	0.00	0.00	0.00	0.00	0.00	0.00	0.00
	500	4A	0	001	 2026	000000000001474221	000000000000000000	000000000000000000	EUR		S	  016	OVL	MM1601	OE1	0000120170				00000000					CP					0000000000	00000000	    10,239,755.34	0.00	0.00	0.00	0.00	0.00	0.00	0.00	0.00	0.00	0.00	0.00	0.00	0.00	0.00	0.00	0.00	  766,890,529.21	0.00	0.00	0.00	0.00	0.00	0.00	0.00	0.00	0.00	0.00	0.00	0.00	0.00	0.00	0.00	0.00	 11,654,715.78	0.00	0.00	0.00	0.00	0.00	0.00	0.00	0.00	0.00	0.00	0.00	0.00	0.00	0.00	0.00	0.00
	500	4A	0	001	 2026	000000000001474221	000000000000000000	000000000000000000	INR		H	  016	OVL	MM1601	OE1	0000120170				00000000					CP					0000000000	00000000	-11,527,826.37	0.00	0.00	0.00	0.00	0.00	0.00	0.00	0.00	0.00	0.00	0.00	0.00	0.00	0.00	0.00	0.00	-11,527,826.37	0.00	0.00	0.00	0.00	0.00	0.00	0.00	0.00	0.00	0.00	0.00	0.00	0.00	0.00	0.00	0.00	-168,631.32	0.00	0.00	0.00	0.00	0.00	0.00	0.00	0.00	0.00	0.00	0.00	0.00	0.00	0.00	0.00	0.00
	500	4A	0	001	 2026	000000000001474221	000000000000000000	000000000000000000	INR		S	  016	OVL	MM1601	OE1	0000120170				00000000					CP					0000000000	00000000	     8,820,436.51	0.00	0.00	0.00	0.00	0.00	0.00	0.00	0.00	0.00	0.00	0.00	0.00	0.00	0.00	0.00	0.00	    8,820,436.51	0.00	0.00	0.00	0.00	0.00	0.00	0.00	0.00	0.00	0.00	0.00	0.00	0.00	0.00	0.00	0.00	    125,754.62	0.00	0.00	0.00	0.00	0.00	0.00	0.00	0.00	0.00	0.00	0.00	0.00	0.00	0.00	0.00	0.00
	500	4A	0	001	 2026	000000000001474221	000000000000000000	000000000000000000	MMK		H	  016	OVL	MM1601	OE1	0000120170				00000000					CP					0000000000	00000000	-540,945,347.40	0.00	0.00	0.00	0.00	0.00	0.00	0.00	0.00	0.00	0.00	0.00	0.00	0.00	0.00	0.00	0.00	-28,712,570.60	0.00	0.00	0.00	0.00	0.00	0.00	0.00	0.00	0.00	0.00	0.00	0.00	0.00	0.00	0.00	0.00	-1,019,529.22	0.00	0.00	0.00	0.00	0.00	0.00	0.00	0.00	0.00	0.00	0.00	0.00	0.00	0.00	0.00	0.00
	500	4A	0	001	 2026	000000000001474221	000000000000000000	000000000000000000	MMK		S	  016	OVL	MM1601	OE1	0000120170				00000000					CP					0000000000	00000000	    12,675,615.50	0.00	0.00	0.00	0.00	0.00	0.00	0.00	0.00	0.00	0.00	0.00	0.00	0.00	0.00	0.00	0.00	      647,760.84	0.00	0.00	0.00	0.00	0.00	0.00	0.00	0.00	0.00	0.00	0.00	0.00	0.00	0.00	0.00	0.00	    131,417.51	0.00	0.00	0.00	0.00	0.00	0.00	0.00	0.00	0.00	0.00	0.00	0.00	0.00	0.00	0.00	0.00
	500	4A	0	001	 2026	000000000001474221	000000000000000000	000000000000000000	USD		H	  016	OVL	MM1601	OE1	0000120170				00000000					CP					0000000000	00000000	-2,021,671.06	0.00	0.00	0.00	0.00	0.00	0.00	0.00	0.00	0.00	0.00	0.00	0.00	0.00	0.00	0.00	0.00	-149,790,563.87	0.00	0.00	0.00	0.00	0.00	0.00	0.00	0.00	0.00	0.00	0.00	0.00	0.00	0.00	0.00	0.00	-2,022,701.22	0.00	0.00	0.00	0.00	0.00	0.00	0.00	0.00	0.00	0.00	0.00	0.00	0.00	0.00	0.00	0.00
	500	4A	0	001	 2026	000000000001474221	000000000000000000	000000000000000000	USD		S	  016	OVL	MM1601	OE1	0000120170				00000000					CP					0000000000	00000000	       805,722.47	0.00	0.00	0.00	0.00	0.00	0.00	0.00	0.00	0.00	0.00	0.00	0.00	0.00	0.00	0.00	0.00	   19,757,162.55	0.00	0.00	0.00	0.00	0.00	0.00	0.00	0.00	0.00	0.00	0.00	0.00	0.00	0.00	0.00	0.00	    805,722.47	0.00	0.00	0.00	0.00	0.00	0.00	0.00	0.00	0.00	0.00	0.00	0.00	0.00	0.00	0.00	0.00
	500	4A	0	001	 2026	000000000001474222	000000000000000000	000000000000000000	EUR		S	  016	OVL	MM1601	OE1	0000200355	JV	MMEP3BRE1B		00000000	MMEP3BRE1B				BR		OVL			0000000000	00000000	         1,687.11	0.00	0.00	0.00	0.00	0.00	0.00	0.00	0.00	0.00	0.00	0.00	0.00	0.00	0.00	0.00	0.00	      118,975.00	0.00	0.00	0.00	0.00	0.00	0.00	0.00	0.00	0.00	0.00	0.00	0.00	0.00	0.00	0.00	0.00	      1,892.10	0.00	0.00	0.00	0.00	0.00	0.00	0.00	0.00	0.00	0.00	0.00	0.00	0.00	0.00	0.00	0.00
	500	4A	0	001	 2026	000000000001474222	000000000000000000	000000000000000000	MMK		H	  016	OVL	MM1601	OE1	0000200355	JV	MMEP3BRE1B		00000000	MMEP3BRE1B				BR		OVL			0000000000	00000000	-1,312,882.00	0.00	0.00	0.00	0.00	0.00	0.00	0.00	0.00	0.00	0.00	0.00	0.00	0.00	0.00	0.00	0.00	-68,414.28	0.00	0.00	0.00	0.00	0.00	0.00	0.00	0.00	0.00	0.00	0.00	0.00	0.00	0.00	0.00	0.00	-17,072.59	0.00	0.00	0.00	0.00	0.00	0.00	0.00	0.00	0.00	0.00	0.00	0.00	0.00	0.00	0.00	0.00
	500	4A	0	001	 2026	000000000001474222	000000000000000000	000000000000000000	MMK		S	  016	OVL	MM1601	OE1	0000200355	JV	MMEP3BRE1B		00000000	MMEP3BRE1B				BR		OVL			0000000000	00000000	    88,188,921.23	0.00	0.00	0.00	0.00	0.00	0.00	0.00	0.00	0.00	0.00	0.00	0.00	0.00	0.00	0.00	0.00	    4,536,284.27	0.00	0.00	0.00	0.00	0.00	0.00	0.00	0.00	0.00	0.00	0.00	0.00	0.00	0.00	0.00	0.00	    101,423.57	0.00	0.00	0.00	0.00	0.00	0.00	0.00	0.00	0.00	0.00	0.00	0.00	0.00	0.00	0.00	0.00
	500	4A	0	001	 2026	000000000001474222	000000000000000000	000000000000000000	USD		H	  016	OVL	MM1601	OE1	0000200355	JV	MMEP3BRE1B		00000000	MMEP3BRE1B				BR		OVL			0000000000	00000000	-16,751.01	0.00	0.00	0.00	0.00	0.00	0.00	0.00	0.00	0.00	0.00	0.00	0.00	0.00	0.00	0.00	0.00	-0.01	0.00	0.00	0.00	0.00	0.00	0.00	0.00	0.00	0.00	0.00	0.00	0.00	0.00	0.00	0.00	0.00	-16,751.01	0.00	0.00	0.00	0.00	0.00	0.00	0.00	0.00	0.00	0.00	0.00	0.00	0.00	0.00	0.00	0.00
	500	4A	0	001	 2026	000000000001474223	000000000000000000	000000000000000000	MMK		H	  016	OVL	MM1601	OE1	0000200820	JV	MMEP3BRE1B		00000000	MMEP3BRE1B				BR		OVL			0000000000	00000000	-2,247,832.00	0.00	0.00	0.00	0.00	0.00	0.00	0.00	0.00	0.00	0.00	0.00	0.00	0.00	0.00	0.00	0.00	-117,134.53	0.00	0.00	0.00	0.00	0.00	0.00	0.00	0.00	0.00	0.00	0.00	0.00	0.00	0.00	0.00	0.00	-29,230.59	0.00	0.00	0.00	0.00	0.00	0.00	0.00	0.00	0.00	0.00	0.00	0.00	0.00	0.00	0.00	0.00
	500	4A	0	001	 2026	000000000001474223	000000000000000000	000000000000000000	MMK		S	  016	OVL	MM1601	OE1	0000200820	JV	MMEP3BRE1B		00000000	MMEP3BRE1B				BR		OVL			0000000000	00000000	    47,845,655.00	0.00	0.00	0.00	0.00	0.00	0.00	0.00	0.00	0.00	0.00	0.00	0.00	0.00	0.00	0.00	0.00	    2,571,172.01	0.00	0.00	0.00	0.00	0.00	0.00	0.00	0.00	0.00	0.00	0.00	0.00	0.00	0.00	0.00	0.00	    113,423.88	0.00	0.00	0.00	0.00	0.00	0.00	0.00	0.00	0.00	0.00	0.00	0.00	0.00	0.00	0.00	0.00
	500	4A	0	001	 2026	000000000001474223	000000000000000000	000000000000000000	USD		H	  016	OVL	MM1601	OE1	0000200820	JV	MMEP3BRE1B		00000000	MMEP3BRE1B				BR		OVL			0000000000	00000000	-46,633.61	0.00	0.00	0.00	0.00	0.00	0.00	0.00	0.00	0.00	0.00	0.00	0.00	0.00	0.00	0.00	0.00	-0.01	0.00	0.00	0.00	0.00	0.00	0.00	0.00	0.00	0.00	0.00	0.00	0.00	0.00	0.00	0.00	0.00	-46,633.61	0.00	0.00	0.00	0.00	0.00	0.00	0.00	0.00	0.00	0.00	0.00	0.00	0.00	0.00	0.00	0.00
	500	4A	0	001	 2026	000000000001474224	000000000000000000	000000000000000000	MMK		S	  016	OVL	MM1601	OE1	0000201202	JV	MMEP3BRE1B		00000000	MMEP3BRE1B				BR		OVL			0000000000	00000000	   147,592,814.02	0.00	0.00	0.00	0.00	0.00	0.00	0.00	0.00	0.00	0.00	0.00	0.00	0.00	0.00	0.00	0.00	    7,848,994.76	0.00	0.00	0.00	0.00	0.00	0.00	0.00	0.00	0.00	0.00	0.00	0.00	0.00	0.00	0.00	0.00	    297,885.36	0.00	0.00	0.00	0.00	0.00	0.00	0.00	0.00	0.00	0.00	0.00	0.00	0.00	0.00	0.00	0.00
	500	4A	0	001	 2026	000000000001474224	000000000000000000	000000000000000000	USD		H	  016	OVL	MM1601	OE1	0000201202	JV	MMEP3BRE1B		00000000	MMEP3BRE1B				BR		OVL			0000000000	00000000	-176,603.26	0.00	0.00	0.00	0.00	0.00	0.00	0.00	0.00	0.00	0.00	0.00	0.00	0.00	0.00	0.00	0.00	-0.01	0.00	0.00	0.00	0.00	0.00	0.00	0.00	0.00	0.00	0.00	0.00	0.00	0.00	0.00	0.00	0.00	-176,603.26	0.00	0.00	0.00	0.00	0.00	0.00	0.00	0.00	0.00	0.00	0.00	0.00	0.00	0.00	0.00	0.00
	500	4A	0	001	 2026	000000000001474225	000000000000000000	000000000000000000	MMK		H	  016	OVL	MM1601	OE1	0000201419	JV	MMEP3BRE1B		00000000	MMEP3BRE1B				BR		OVL			0000000000	00000000	-84,475.00	0.00	0.00	0.00	0.00	0.00	0.00	0.00	0.00	0.00	0.00	0.00	0.00	0.00	0.00	0.00	0.00	-4,401.99	0.00	0.00	0.00	0.00	0.00	0.00	0.00	0.00	0.00	0.00	0.00	0.00	0.00	0.00	0.00	0.00	-1,098.50	0.00	0.00	0.00	0.00	0.00	0.00	0.00	0.00	0.00	0.00	0.00	0.00	0.00	0.00	0.00	0.00
	500	4A	0	001	 2026	000000000001474225	000000000000000000	000000000000000000	MMK		S	  016	OVL	MM1601	OE1	0000201419	JV	MMEP3BRE1B		00000000	MMEP3BRE1B				BR		OVL			0000000000	00000000	     4,623,799.00	0.00	0.00	0.00	0.00	0.00	0.00	0.00	0.00	0.00	0.00	0.00	0.00	0.00	0.00	0.00	0.00	      239,813.99	0.00	0.00	0.00	0.00	0.00	0.00	0.00	0.00	0.00	0.00	0.00	0.00	0.00	0.00	0.00	0.00	      5,227.61	0.00	0.00	0.00	0.00	0.00	0.00	0.00	0.00	0.00	0.00	0.00	0.00	0.00	0.00	0.00	0.00
	500	4A	0	001	 2026	000000000001474225	000000000000000000	000000000000000000	USD		H	  016	OVL	MM1601	OE1	0000201419	JV	MMEP3BRE1B		00000000	MMEP3BRE1B				BR		OVL			0000000000	00000000	-546.88	0.00	0.00	0.00	0.00	0.00	0.00	0.00	0.00	0.00	0.00	0.00	0.00	0.00	0.00	0.00	0.00	-0.01	0.00	0.00	0.00	0.00	0.00	0.00	0.00	0.00	0.00	0.00	0.00	0.00	0.00	0.00	0.00	0.00	-546.88	0.00	0.00	0.00	0.00	0.00	0.00	0.00	0.00	0.00	0.00	0.00	0.00	0.00	0.00	0.00	0.00
	500	4A	0	001	 2026	000000000001474226	000000000000000000	000000000000000000	MMK		S	  016	OVL	MM1601	OE1	0000201420	JV	MMEP3BRE1B		00000000	MMEP3BRE1B				BR		OVL			0000000000	00000000	     1,405,871.00	0.00	0.00	0.00	0.00	0.00	0.00	0.00	0.00	0.00	0.00	0.00	0.00	0.00	0.00	0.00	0.00	       85,321.48	0.00	0.00	0.00	0.00	0.00	0.00	0.00	0.00	0.00	0.00	0.00	0.00	0.00	0.00	0.00	0.00	      1,373.71	0.00	0.00	0.00	0.00	0.00	0.00	0.00	0.00	0.00	0.00	0.00	0.00	0.00	0.00	0.00	0.00
	500	4A	0	001	 2026	000000000001474227	000000000000000000	000000000000000000	EUR		H	  016	OVL	MM1601	OE1	0000201427	JV	MMEP3BRE1B		00000000	MMEP3BRE1B				BR		OVL			0000000000	00000000	-10,000,000.00	0.00	0.00	0.00	0.00	0.00	0.00	0.00	0.00	0.00	0.00	0.00	0.00	0.00	0.00	0.00	0.00	-749,700,000.00	0.00	0.00	0.00	0.00	0.00	0.00	0.00	0.00	0.00	0.00	0.00	0.00	0.00	0.00	0.00	0.00	-11,385,000.00	0.00	0.00	0.00	0.00	0.00	0.00	0.00	0.00	0.00	0.00	0.00	0.00	0.00	0.00	0.00	0.00
	500	4A	0	001	 2026	000000000001474227	000000000000000000	000000000000000000	EUR		S	  016	OVL	MM1601	OE1	0000201427	JV	MMEP3BRE1B		00000000	MMEP3BRE1B				BR		OVL			0000000000	00000000	    10,000,212.06	0.00	0.00	0.00	0.00	0.00	0.00	0.00	0.00	0.00	0.00	0.00	0.00	0.00	0.00	0.00	0.00	  749,715,130.32	0.00	0.00	0.00	0.00	0.00	0.00	0.00	0.00	0.00	0.00	0.00	0.00	0.00	0.00	0.00	0.00	 11,385,234.04	0.00	0.00	0.00	0.00	0.00	0.00	0.00	0.00	0.00	0.00	0.00	0.00	0.00	0.00	0.00	0.00
	500	4A	0	001	 2026	000000000001474227	000000000000000000	000000000000000000	MMK		H	  016	OVL	MM1601	OE1	0000201427	JV	MMEP3BRE1B		00000000	MMEP3BRE1B				BR		OVL			0000000000	00000000	-2,500,500.00	0.00	0.00	0.00	0.00	0.00	0.00	0.00	0.00	0.00	0.00	0.00	0.00	0.00	0.00	0.00	0.00	-118,376.06	0.00	0.00	0.00	0.00	0.00	0.00	0.00	0.00	0.00	0.00	0.00	0.00	0.00	0.00	0.00	0.00	-1,831.50	0.00	0.00	0.00	0.00	0.00	0.00	0.00	0.00	0.00	0.00	0.00	0.00	0.00	0.00	0.00	0.00
	500	4A	0	001	 2026	000000000001474227	000000000000000000	000000000000000000	MMK		S	  016	OVL	MM1601	OE1	0000201427	JV	MMEP3BRE1B		00000000	MMEP3BRE1B				BR		OVL			0000000000	00000000	     3,425,785.00	0.00	0.00	0.00	0.00	0.00	0.00	0.00	0.00	0.00	0.00	0.00	0.00	0.00	0.00	0.00	0.00	      162,344.91	0.00	0.00	0.00	0.00	0.00	0.00	0.00	0.00	0.00	0.00	0.00	0.00	0.00	0.00	0.00	0.00	      2,510.94	0.00	0.00	0.00	0.00	0.00	0.00	0.00	0.00	0.00	0.00	0.00	0.00	0.00	0.00	0.00	0.00
	500	4A	0	001	 2026	000000000001474228	000000000000000000	000000000000000000	EUR		S	  016	OVL	MM1601	OE1	0000201430	JV	MMEP3BRE1B		00000000	MMEP3BRE1B				BR		OVL			0000000000	00000000	           745.10	0.00	0.00	0.00	0.00	0.00	0.00	0.00	0.00	0.00	0.00	0.00	0.00	0.00	0.00	0.00	0.00	       52,096.69	0.00	0.00	0.00	0.00	0.00	0.00	0.00	0.00	0.00	0.00	0.00	0.00	0.00	0.00	0.00	0.00	        811.91	0.00	0.00	0.00	0.00	0.00	0.00	0.00	0.00	0.00	0.00	0.00	0.00	0.00	0.00	0.00	0.00
	500	4A	0	001	 2026	000000000001474228	000000000000000000	000000000000000000	MMK		H	  016	OVL	MM1601	OE1	0000201430	JV	MMEP3BRE1B		00000000	MMEP3BRE1B				BR		OVL			0000000000	00000000	-82,680.00	0.00	0.00	0.00	0.00	0.00	0.00	0.00	0.00	0.00	0.00	0.00	0.00	0.00	0.00	0.00	0.00	-4,305.25	0.00	0.00	0.00	0.00	0.00	0.00	0.00	0.00	0.00	0.00	0.00	0.00	0.00	0.00	0.00	0.00	-1,066.88	0.00	0.00	0.00	0.00	0.00	0.00	0.00	0.00	0.00	0.00	0.00	0.00	0.00	0.00	0.00	0.00
	500	4A	0	001	 2026	000000000001474228	000000000000000000	000000000000000000	MMK		S	  016	OVL	MM1601	OE1	0000201430	JV	MMEP3BRE1B		00000000	MMEP3BRE1B				BR		OVL			0000000000	00000000	    19,091,617.50	0.00	0.00	0.00	0.00	0.00	0.00	0.00	0.00	0.00	0.00	0.00	0.00	0.00	0.00	0.00	0.00	    1,038,439.75	0.00	0.00	0.00	0.00	0.00	0.00	0.00	0.00	0.00	0.00	0.00	0.00	0.00	0.00	0.00	0.00	     33,232.40	0.00	0.00	0.00	0.00	0.00	0.00	0.00	0.00	0.00	0.00	0.00	0.00	0.00	0.00	0.00	0.00
	500	4A	0	001	 2026	000000000001474228	000000000000000000	000000000000000000	USD		H	  016	OVL	MM1601	OE1	0000201430	JV	MMEP3BRE1B		00000000	MMEP3BRE1B				BR		OVL			0000000000	00000000	-16,268.03	0.00	0.00	0.00	0.00	0.00	0.00	0.00	0.00	0.00	0.00	0.00	0.00	0.00	0.00	0.00	0.00	-0.01	0.00	0.00	0.00	0.00	0.00	0.00	0.00	0.00	0.00	0.00	0.00	0.00	0.00	0.00	0.00	0.00	-16,268.03	0.00	0.00	0.00	0.00	0.00	0.00	0.00	0.00	0.00	0.00	0.00	0.00	0.00	0.00	0.00	0.00
	500	4A	0	001	 2026	000000000001474695	000000000000000000	000000000000000000	INR		H	  016	OVL	MM1601	OE1	0000100701	JV			00000000					PC		OVL			0000000000	00000000	-3,512,573.20	0.00	0.00	0.00	0.00	0.00	0.00	0.00	0.00	0.00	0.00	0.00	0.00	0.00	0.00	0.00	0.00	-3,512,573.20	0.00	0.00	0.00	0.00	0.00	0.00	0.00	0.00	0.00	0.00	0.00	0.00	0.00	0.00	0.00	0.00	-52,499.70	0.00	0.00	0.00	0.00	0.00	0.00	0.00	0.00	0.00	0.00	0.00	0.00	0.00	0.00	0.00	0.00
	500	4A	0	001	 2026	000000000001474695	000000000000000000	000000000000000000	INR		S	  016	OVL	MM1601	OE1	0000100701	JV			00000000					PC		OVL			0000000000	00000000	     3,950,206.03	0.00	0.00	0.00	0.00	0.00	0.00	0.00	0.00	0.00	0.00	0.00	0.00	0.00	0.00	0.00	0.00	    3,950,206.03	0.00	0.00	0.00	0.00	0.00	0.00	0.00	0.00	0.00	0.00	0.00	0.00	0.00	0.00	0.00	0.00	     62,029.48	0.00	0.00	0.00	0.00	0.00	0.00	0.00	0.00	0.00	0.00	0.00	0.00	0.00	0.00	0.00	0.00
	500	4A	0	001	 2026	000000000001474695	000000000000000000	000000000000000000	MMK		H	  016	OVL	MM1601	OE1	0000100701	JV			00000000					PC		OVL			0000000000	00000000	-50,441,775.00	0.00	0.00	0.00	0.00	0.00	0.00	0.00	0.00	0.00	0.00	0.00	0.00	0.00	0.00	0.00	0.00	-2,702,993.66	0.00	0.00	0.00	0.00	0.00	0.00	0.00	0.00	0.00	0.00	0.00	0.00	0.00	0.00	0.00	0.00	-41,321.49	0.00	0.00	0.00	0.00	0.00	0.00	0.00	0.00	0.00	0.00	0.00	0.00	0.00	0.00	0.00	0.00
	500	4A	0	001	 2026	000000000001474695	000000000000000000	000000000000000000	MMK		S	  016	OVL	MM1601	OE1	0000100701	JV			00000000					PC		OVL			0000000000	00000000	   578,711,506.90	0.00	0.00	0.00	0.00	0.00	0.00	0.00	0.00	0.00	0.00	0.00	0.00	0.00	0.00	0.00	0.00	   30,767,803.42	0.00	0.00	0.00	0.00	0.00	0.00	0.00	0.00	0.00	0.00	0.00	0.00	0.00	0.00	0.00	0.00	    929,433.20	0.00	0.00	0.00	0.00	0.00	0.00	0.00	0.00	0.00	0.00	0.00	0.00	0.00	0.00	0.00	0.00
	500	4A	0	001	 2026	000000000001474695	000000000000000000	000000000000000000	USD		H	  016	OVL	MM1601	OE1	0000100701	JV			00000000					PC		OVL			0000000000	00000000	-478,300.20	0.00	0.00	0.00	0.00	0.00	0.00	0.00	0.00	0.00	0.00	0.00	0.00	0.00	0.00	0.00	0.00	-1,447,182.56	0.00	0.00	0.00	0.00	0.00	0.00	0.00	0.00	0.00	0.00	0.00	0.00	0.00	0.00	0.00	0.00	-478,300.20	0.00	0.00	0.00	0.00	0.00	0.00	0.00	0.00	0.00	0.00	0.00	0.00	0.00	0.00	0.00	0.00
	500	4A	0	001	 2026	000000000001474695	000000000000000000	000000000000000000	USD		S	  016	OVL	MM1601	OE1	0000100701	JV			00000000					PC		OVL			0000000000	00000000	     2,068,863.11	0.00	0.00	0.00	0.00	0.00	0.00	0.00	0.00	0.00	0.00	0.00	0.00	0.00	0.00	0.00	0.00	  146,425,566.03	0.00	0.00	0.00	0.00	0.00	0.00	0.00	0.00	0.00	0.00	0.00	0.00	0.00	0.00	0.00	0.00	  2,069,893.27	0.00	0.00	0.00	0.00	0.00	0.00	0.00	0.00	0.00	0.00	0.00	0.00	0.00	0.00	0.00	0.00
	500	4A	0	001	 2026	000000000001474696	000000000000000000	000000000000000000	INR		H	  016	OVL	MM1601	OE1	0000201427	JV	MMEP3BRE1B		00000000	MMEP3BRE1B				CB		OVL			0000000000	00000000	-15,130.32	0.00	0.00	0.00	0.00	0.00	0.00	0.00	0.00	0.00	0.00	0.00	0.00	0.00	0.00	0.00	0.00	-15,130.32	0.00	0.00	0.00	0.00	0.00	0.00	0.00	0.00	0.00	0.00	0.00	0.00	0.00	0.00	0.00	0.00	-234.04	0.00	0.00	0.00	0.00	0.00	0.00	0.00	0.00	0.00	0.00	0.00	0.00	0.00	0.00	0.00	0.00
	500	4A	0	001	 2026	000000000001474696	000000000000000000	000000000000000000	MMK		H	  016	OVL	MM1601	OE1	0000201427	JV	MMEP3BRE1B		00000000	MMEP3BRE1B				CB		OVL			0000000000	00000000	-925,285.00	0.00	0.00	0.00	0.00	0.00	0.00	0.00	0.00	0.00	0.00	0.00	0.00	0.00	0.00	0.00	0.00	-43,968.85	0.00	0.00	0.00	0.00	0.00	0.00	0.00	0.00	0.00	0.00	0.00	0.00	0.00	0.00	0.00	0.00	-679.44	0.00	0.00	0.00	0.00	0.00	0.00	0.00	0.00	0.00	0.00	0.00	0.00	0.00	0.00	0.00	0.00
	500	4A	0	001	 2026	000000000001474701	000000000000000000	000000000000000000	INR		H	  016	OVL	MM1601	OE1	0000200355	JV	MMEP3BRE1B		00000000	MMEP3BRE1B				CB		OVL			0000000000	00000000	-118,975.00	0.00	0.00	0.00	0.00	0.00	0.00	0.00	0.00	0.00	0.00	0.00	0.00	0.00	0.00	0.00	0.00	-118,975.00	0.00	0.00	0.00	0.00	0.00	0.00	0.00	0.00	0.00	0.00	0.00	0.00	0.00	0.00	0.00	0.00	-1,892.10	0.00	0.00	0.00	0.00	0.00	0.00	0.00	0.00	0.00	0.00	0.00	0.00	0.00	0.00	0.00	0.00
	500	4A	0	001	 2026	000000000001474701	000000000000000000	000000000000000000	MMK		H	  016	OVL	MM1601	OE1	0000200355	JV	MMEP3BRE1B		00000000	MMEP3BRE1B				CB		OVL			0000000000	00000000	-86,876,039.23	0.00	0.00	0.00	0.00	0.00	0.00	0.00	0.00	0.00	0.00	0.00	0.00	0.00	0.00	0.00	0.00	-4,467,869.99	0.00	0.00	0.00	0.00	0.00	0.00	0.00	0.00	0.00	0.00	0.00	0.00	0.00	0.00	0.00	0.00	-84,350.98	0.00	0.00	0.00	0.00	0.00	0.00	0.00	0.00	0.00	0.00	0.00	0.00	0.00	0.00	0.00	0.00
	500	4A	0	001	 2026	000000000001474701	000000000000000000	000000000000000000	USD		S	  016	OVL	MM1601	OE1	0000200355	JV	MMEP3BRE1B		00000000	MMEP3BRE1B				CB		OVL			0000000000	00000000	        16,751.01	0.00	0.00	0.00	0.00	0.00	0.00	0.00	0.00	0.00	0.00	0.00	0.00	0.00	0.00	0.00	0.00	            0.01	0.00	0.00	0.00	0.00	0.00	0.00	0.00	0.00	0.00	0.00	0.00	0.00	0.00	0.00	0.00	0.00	     16,751.01	0.00	0.00	0.00	0.00	0.00	0.00	0.00	0.00	0.00	0.00	0.00	0.00	0.00	0.00	0.00	0.00
	500	4A	0	001	 2026	000000000001474702	000000000000000000	000000000000000000	MMK		H	  016	OVL	MM1601	OE1	0000200820	JV	MMEP3BRE1B		00000000	MMEP3BRE1B				CB		OVL			0000000000	00000000	-45,597,823.00	0.00	0.00	0.00	0.00	0.00	0.00	0.00	0.00	0.00	0.00	0.00	0.00	0.00	0.00	0.00	0.00	-2,454,037.48	0.00	0.00	0.00	0.00	0.00	0.00	0.00	0.00	0.00	0.00	0.00	0.00	0.00	0.00	0.00	0.00	-84,193.29	0.00	0.00	0.00	0.00	0.00	0.00	0.00	0.00	0.00	0.00	0.00	0.00	0.00	0.00	0.00	0.00
	500	4A	0	001	 2026	000000000001474702	000000000000000000	000000000000000000	USD		S	  016	OVL	MM1601	OE1	0000200820	JV	MMEP3BRE1B		00000000	MMEP3BRE1B				CB		OVL			0000000000	00000000	        46,633.61	0.00	0.00	0.00	0.00	0.00	0.00	0.00	0.00	0.00	0.00	0.00	0.00	0.00	0.00	0.00	0.00	            0.01	0.00	0.00	0.00	0.00	0.00	0.00	0.00	0.00	0.00	0.00	0.00	0.00	0.00	0.00	0.00	0.00	     46,633.61	0.00	0.00	0.00	0.00	0.00	0.00	0.00	0.00	0.00	0.00	0.00	0.00	0.00	0.00	0.00	0.00
	500	4A	0	001	 2026	000000000001474703	000000000000000000	000000000000000000	MMK		H	  016	OVL	MM1601	OE1	0000201202	JV	MMEP3BRE1B		00000000	MMEP3BRE1B				CB		OVL			0000000000	00000000	-147,592,814.02	0.00	0.00	0.00	0.00	0.00	0.00	0.00	0.00	0.00	0.00	0.00	0.00	0.00	0.00	0.00	0.00	-7,848,994.76	0.00	0.00	0.00	0.00	0.00	0.00	0.00	0.00	0.00	0.00	0.00	0.00	0.00	0.00	0.00	0.00	-297,885.36	0.00	0.00	0.00	0.00	0.00	0.00	0.00	0.00	0.00	0.00	0.00	0.00	0.00	0.00	0.00	0.00
	500	4A	0	001	 2026	000000000001474703	000000000000000000	000000000000000000	USD		S	  016	OVL	MM1601	OE1	0000201202	JV	MMEP3BRE1B		00000000	MMEP3BRE1B				CB		OVL			0000000000	00000000	       176,603.26	0.00	0.00	0.00	0.00	0.00	0.00	0.00	0.00	0.00	0.00	0.00	0.00	0.00	0.00	0.00	0.00	            0.01	0.00	0.00	0.00	0.00	0.00	0.00	0.00	0.00	0.00	0.00	0.00	0.00	0.00	0.00	0.00	0.00	    176,603.26	0.00	0.00	0.00	0.00	0.00	0.00	0.00	0.00	0.00	0.00	0.00	0.00	0.00	0.00	0.00	0.00
	500	4A	0	001	 2026	000000000001474704	000000000000000000	000000000000000000	MMK		H	  016	OVL	MM1601	OE1	0000201419	JV	MMEP3BRE1B		00000000	MMEP3BRE1B				CB		OVL			0000000000	00000000	-4,539,324.00	0.00	0.00	0.00	0.00	0.00	0.00	0.00	0.00	0.00	0.00	0.00	0.00	0.00	0.00	0.00	0.00	-235,412.00	0.00	0.00	0.00	0.00	0.00	0.00	0.00	0.00	0.00	0.00	0.00	0.00	0.00	0.00	0.00	0.00	-4,129.11	0.00	0.00	0.00	0.00	0.00	0.00	0.00	0.00	0.00	0.00	0.00	0.00	0.00	0.00	0.00	0.00
	500	4A	0	001	 2026	000000000001474704	000000000000000000	000000000000000000	USD		S	  016	OVL	MM1601	OE1	0000201419	JV	MMEP3BRE1B		00000000	MMEP3BRE1B				CB		OVL			0000000000	00000000	           546.88	0.00	0.00	0.00	0.00	0.00	0.00	0.00	0.00	0.00	0.00	0.00	0.00	0.00	0.00	0.00	0.00	            0.01	0.00	0.00	0.00	0.00	0.00	0.00	0.00	0.00	0.00	0.00	0.00	0.00	0.00	0.00	0.00	0.00	        546.88	0.00	0.00	0.00	0.00	0.00	0.00	0.00	0.00	0.00	0.00	0.00	0.00	0.00	0.00	0.00	0.00
	500	4A	0	001	 2026	000000000001474705	000000000000000000	000000000000000000	MMK		H	  016	OVL	MM1601	OE1	0000201420	JV	MMEP3BRE1B		00000000	MMEP3BRE1B				CB		OVL			0000000000	00000000	-1,405,871.00	0.00	0.00	0.00	0.00	0.00	0.00	0.00	0.00	0.00	0.00	0.00	0.00	0.00	0.00	0.00	0.00	-85,321.48	0.00	0.00	0.00	0.00	0.00	0.00	0.00	0.00	0.00	0.00	0.00	0.00	0.00	0.00	0.00	0.00	-1,373.71	0.00	0.00	0.00	0.00	0.00	0.00	0.00	0.00	0.00	0.00	0.00	0.00	0.00	0.00	0.00	0.00
	500	4A	0	001	 2026	000000000001474706	000000000000000000	000000000000000000	INR		H	  016	OVL	MM1601	OE1	0000201430	JV	MMEP3BRE1B		00000000	MMEP3BRE1B				CB		OVL			0000000000	00000000	-52,096.69	0.00	0.00	0.00	0.00	0.00	0.00	0.00	0.00	0.00	0.00	0.00	0.00	0.00	0.00	0.00	0.00	-52,096.69	0.00	0.00	0.00	0.00	0.00	0.00	0.00	0.00	0.00	0.00	0.00	0.00	0.00	0.00	0.00	0.00	-811.91	0.00	0.00	0.00	0.00	0.00	0.00	0.00	0.00	0.00	0.00	0.00	0.00	0.00	0.00	0.00	0.00
	500	4A	0	001	 2026	000000000001474706	000000000000000000	000000000000000000	MMK		H	  016	OVL	MM1601	OE1	0000201430	JV	MMEP3BRE1B		00000000	MMEP3BRE1B				CB		OVL			0000000000	00000000	-19,008,937.50	0.00	0.00	0.00	0.00	0.00	0.00	0.00	0.00	0.00	0.00	0.00	0.00	0.00	0.00	0.00	0.00	-1,034,134.50	0.00	0.00	0.00	0.00	0.00	0.00	0.00	0.00	0.00	0.00	0.00	0.00	0.00	0.00	0.00	0.00	-32,165.52	0.00	0.00	0.00	0.00	0.00	0.00	0.00	0.00	0.00	0.00	0.00	0.00	0.00	0.00	0.00	0.00
	500	4A	0	001	 2026	000000000001474706	000000000000000000	000000000000000000	USD		S	  016	OVL	MM1601	OE1	0000201430	JV	MMEP3BRE1B		00000000	MMEP3BRE1B				CB		OVL			0000000000	00000000	        16,268.03	0.00	0.00	0.00	0.00	0.00	0.00	0.00	0.00	0.00	0.00	0.00	0.00	0.00	0.00	0.00	0.00	            0.01	0.00	0.00	0.00	0.00	0.00	0.00	0.00	0.00	0.00	0.00	0.00	0.00	0.00	0.00	0.00	0.00	     16,268.03	0.00	0.00	0.00	0.00	0.00	0.00	0.00	0.00	0.00	0.00	0.00	0.00	0.00	0.00	0.00	0.00
	500	4A	0	001	 2026	000000000001474714	000000000000000000	000000000000000000	MMK		H	  016	OVL	MM1601	OE1	0000201201	JV	MMEP3BRE1B		00000000	MMEP3BRE1B				BR		OVL			0000000000	00000000	-16,183,500.00	0.00	0.00	0.00	0.00	0.00	0.00	0.00	0.00	0.00	0.00	0.00	0.00	0.00	0.00	0.00	0.00	-812,363.83	0.00	0.00	0.00	0.00	0.00	0.00	0.00	0.00	0.00	0.00	0.00	0.00	0.00	0.00	0.00	0.00	-15,746.70	0.00	0.00	0.00	0.00	0.00	0.00	0.00	0.00	0.00	0.00	0.00	0.00	0.00	0.00	0.00	0.00
	500	4A	0	001	 2026	000000000001474714	000000000000000000	000000000000000000	MMK		S	  016	OVL	MM1601	OE1	0000201201	JV	MMEP3BRE1B		00000000	MMEP3BRE1B				BR		OVL			0000000000	00000000	    62,970,542.74	0.00	0.00	0.00	0.00	0.00	0.00	0.00	0.00	0.00	0.00	0.00	0.00	0.00	0.00	0.00	0.00	    3,415,495.07	0.00	0.00	0.00	0.00	0.00	0.00	0.00	0.00	0.00	0.00	0.00	0.00	0.00	0.00	0.00	0.00	     54,473.11	0.00	0.00	0.00	0.00	0.00	0.00	0.00	0.00	0.00	0.00	0.00	0.00	0.00	0.00	0.00	0.00
	500	4A	0	001	 2026	000000000001474714	000000000000000000	000000000000000000	USD		H	  016	OVL	MM1601	OE1	0000201201	JV	MMEP3BRE1B		00000000	MMEP3BRE1B				BR		OVL			0000000000	00000000	-2,500.00	0.00	0.00	0.00	0.00	0.00	0.00	0.00	0.00	0.00	0.00	0.00	0.00	0.00	0.00	0.00	0.00	-154,175.00	0.00	0.00	0.00	0.00	0.00	0.00	0.00	0.00	0.00	0.00	0.00	0.00	0.00	0.00	0.00	0.00	-2,500.00	0.00	0.00	0.00	0.00	0.00	0.00	0.00	0.00	0.00	0.00	0.00	0.00	0.00	0.00	0.00	0.00
	500	4A	0	001	 2026	000000000001474714	000000000000000000	000000000000000000	USD		S	  016	OVL	MM1601	OE1	0000201201	JV	MMEP3BRE1B		00000000	MMEP3BRE1B				BR		OVL			0000000000	00000000	         5,000.00	0.00	0.00	0.00	0.00	0.00	0.00	0.00	0.00	0.00	0.00	0.00	0.00	0.00	0.00	0.00	0.00	      310,687.50	0.00	0.00	0.00	0.00	0.00	0.00	0.00	0.00	0.00	0.00	0.00	0.00	0.00	0.00	0.00	0.00	      5,000.00	0.00	0.00	0.00	0.00	0.00	0.00	0.00	0.00	0.00	0.00	0.00	0.00	0.00	0.00	0.00	0.00
	500	4A	0	001	 2026	000000000001474838	000000000000000000	000000000000000000	MMK		H	  016	OVL	MM1601	OE1	0000201201	JV	MMEP3BRE1B		00000000	MMEP3BRE1B				CB		OVL			0000000000	00000000	-62,663,042.74	0.00	0.00	0.00	0.00	0.00	0.00	0.00	0.00	0.00	0.00	0.00	0.00	0.00	0.00	0.00	0.00	-3,399,471.24	0.00	0.00	0.00	0.00	0.00	0.00	0.00	0.00	0.00	0.00	0.00	0.00	0.00	0.00	0.00	0.00	-50,474.41	0.00	0.00	0.00	0.00	0.00	0.00	0.00	0.00	0.00	0.00	0.00	0.00	0.00	0.00	0.00	0.00
	500	4A	0	001	 2026	000000000001474838	000000000000000000	000000000000000000	MMK		S	  016	OVL	MM1601	OE1	0000201201	JV	MMEP3BRE1B		00000000	MMEP3BRE1B				CB		OVL			0000000000	00000000	    15,876,000.00	0.00	0.00	0.00	0.00	0.00	0.00	0.00	0.00	0.00	0.00	0.00	0.00	0.00	0.00	0.00	0.00	      796,340.00	0.00	0.00	0.00	0.00	0.00	0.00	0.00	0.00	0.00	0.00	0.00	0.00	0.00	0.00	0.00	0.00	     11,748.00	0.00	0.00	0.00	0.00	0.00	0.00	0.00	0.00	0.00	0.00	0.00	0.00	0.00	0.00	0.00	0.00
	500	4A	0	001	 2026	000000000001474838	000000000000000000	000000000000000000	USD		H	  016	OVL	MM1601	OE1	0000201201	JV	MMEP3BRE1B		00000000	MMEP3BRE1B				CB		OVL			0000000000	00000000	-3,750.00	0.00	0.00	0.00	0.00	0.00	0.00	0.00	0.00	0.00	0.00	0.00	0.00	0.00	0.00	0.00	0.00	-233,400.00	0.00	0.00	0.00	0.00	0.00	0.00	0.00	0.00	0.00	0.00	0.00	0.00	0.00	0.00	0.00	0.00	-3,750.00	0.00	0.00	0.00	0.00	0.00	0.00	0.00	0.00	0.00	0.00	0.00	0.00	0.00	0.00	0.00	0.00
	500	4A	0	001	 2026	000000000001474838	000000000000000000	000000000000000000	USD		S	  016	OVL	MM1601	OE1	0000201201	JV	MMEP3BRE1B		00000000	MMEP3BRE1B				CB		OVL			0000000000	00000000	         1,250.00	0.00	0.00	0.00	0.00	0.00	0.00	0.00	0.00	0.00	0.00	0.00	0.00	0.00	0.00	0.00	0.00	       76,887.50	0.00	0.00	0.00	0.00	0.00	0.00	0.00	0.00	0.00	0.00	0.00	0.00	0.00	0.00	0.00	0.00	      1,250.00	0.00	0.00	0.00	0.00	0.00	0.00	0.00	0.00	0.00	0.00	0.00	0.00	0.00	0.00	0.00	0.00
	500	4A	0	001	 2026	000000000001490041	000000000000000000	000000000000000000	INR		H	  016	OVL	MM1601	OE1	0000100298	JV	MMEP3BRE1B		00000000	MMEP3BRE1B				BR		OVL			0000000000	00000000	-796,340.00	0.00	0.00	0.00	0.00	0.00	0.00	0.00	0.00	0.00	0.00	0.00	0.00	0.00	0.00	0.00	0.00	-796,340.00	0.00	0.00	0.00	0.00	0.00	0.00	0.00	0.00	0.00	0.00	0.00	0.00	0.00	0.00	0.00	0.00	-11,748.00	0.00	0.00	0.00	0.00	0.00	0.00	0.00	0.00	0.00	0.00	0.00	0.00	0.00	0.00	0.00	0.00
	500	4A	0	001	 2026	000000000001490041	000000000000000000	000000000000000000	INR		S	  016	OVL	MM1601	OE1	0000100298	JV	MMEP3BRE1B		00000000	MMEP3BRE1B				BR		OVL			0000000000	00000000	     1,286,489.97	0.00	0.00	0.00	0.00	0.00	0.00	0.00	0.00	0.00	0.00	0.00	0.00	0.00	0.00	0.00	0.00	    1,286,489.97	0.00	0.00	0.00	0.00	0.00	0.00	0.00	0.00	0.00	0.00	0.00	0.00	0.00	0.00	0.00	0.00	     18,008.53	0.00	0.00	0.00	0.00	0.00	0.00	0.00	0.00	0.00	0.00	0.00	0.00	0.00	0.00	0.00	0.00
	500	4A	0	001	 2026	000000000001490041	000000000000000000	000000000000000000	MMK		H	  016	OVL	MM1601	OE1	0000100298	JV	MMEP3BRE1B		00000000	MMEP3BRE1B				BR		OVL			0000000000	00000000	-59,723,292.74	0.00	0.00	0.00	0.00	0.00	0.00	0.00	0.00	0.00	0.00	0.00	0.00	0.00	0.00	0.00	0.00	-3,464,983.73	0.00	0.00	0.00	0.00	0.00	0.00	0.00	0.00	0.00	0.00	0.00	0.00	0.00	0.00	0.00	0.00	-52,998.81	0.00	0.00	0.00	0.00	0.00	0.00	0.00	0.00	0.00	0.00	0.00	0.00	0.00	0.00	0.00	0.00
	500	4A	0	001	 2026	000000000001490041	000000000000000000	000000000000000000	MMK		S	  016	OVL	MM1601	OE1	0000100298	JV	MMEP3BRE1B		00000000	MMEP3BRE1B				BR		OVL			0000000000	00000000	    51,751,000.00	0.00	0.00	0.00	0.00	0.00	0.00	0.00	0.00	0.00	0.00	0.00	0.00	0.00	0.00	0.00	0.00	    2,974,833.76	0.00	0.00	0.00	0.00	0.00	0.00	0.00	0.00	0.00	0.00	0.00	0.00	0.00	0.00	0.00	0.00	     46,738.28	0.00	0.00	0.00	0.00	0.00	0.00	0.00	0.00	0.00	0.00	0.00	0.00	0.00	0.00	0.00	0.00
	500	4A	0	001	 2026	000000000001490042	000000000000000000	000000000000000000	MMK		H	  016	OVL	MM1601	OE1	0000201105	JV	MMEP3BRE1B		00000000	MMEP3BRE1B				BR		OVL			0000000000	00000000	-23,925.00	0.00	0.00	0.00	0.00	0.00	0.00	0.00	0.00	0.00	0.00	0.00	0.00	0.00	0.00	0.00	0.00	-1,246.73	0.00	0.00	0.00	0.00	0.00	0.00	0.00	0.00	0.00	0.00	0.00	0.00	0.00	0.00	0.00	0.00	-311.12	0.00	0.00	0.00	0.00	0.00	0.00	0.00	0.00	0.00	0.00	0.00	0.00	0.00	0.00	0.00	0.00
	500	4A	0	001	 2026	000000000001490042	000000000000000000	000000000000000000	MMK		S	  016	OVL	MM1601	OE1	0000201105	JV	MMEP3BRE1B		00000000	MMEP3BRE1B				BR		OVL			0000000000	00000000	     5,661,483.50	0.00	0.00	0.00	0.00	0.00	0.00	0.00	0.00	0.00	0.00	0.00	0.00	0.00	0.00	0.00	0.00	      333,273.13	0.00	0.00	0.00	0.00	0.00	0.00	0.00	0.00	0.00	0.00	0.00	0.00	0.00	0.00	0.00	0.00	      6,036.52	0.00	0.00	0.00	0.00	0.00	0.00	0.00	0.00	0.00	0.00	0.00	0.00	0.00	0.00	0.00	0.00
	500	4A	0	001	 2026	000000000001490042	000000000000000000	000000000000000000	USD		H	  016	OVL	MM1601	OE1	0000201105	JV	MMEP3BRE1B		00000000	MMEP3BRE1B				BR		OVL			0000000000	00000000	-425.89	0.00	0.00	0.00	0.00	0.00	0.00	0.00	0.00	0.00	0.00	0.00	0.00	0.00	0.00	0.00	0.00	-0.01	0.00	0.00	0.00	0.00	0.00	0.00	0.00	0.00	0.00	0.00	0.00	0.00	0.00	0.00	0.00	0.00	-425.89	0.00	0.00	0.00	0.00	0.00	0.00	0.00	0.00	0.00	0.00	0.00	0.00	0.00	0.00	0.00	0.00
	500	4A	0	001	 2026	000000000001490043	000000000000000000	000000000000000000	EUR		S	  016	OVL	MM1601	OE1	0000201499	JV	MMEP3BRE1B		00000000	MMEP3BRE1B				BR		OVL			0000000000	00000000	           517.51	0.00	0.00	0.00	0.00	0.00	0.00	0.00	0.00	0.00	0.00	0.00	0.00	0.00	0.00	0.00	0.00	       36,313.67	0.00	0.00	0.00	0.00	0.00	0.00	0.00	0.00	0.00	0.00	0.00	0.00	0.00	0.00	0.00	0.00	        567.54	0.00	0.00	0.00	0.00	0.00	0.00	0.00	0.00	0.00	0.00	0.00	0.00	0.00	0.00	0.00	0.00
	500	4A	0	001	 2026	000000000001490043	000000000000000000	000000000000000000	MMK		H	  016	OVL	MM1601	OE1	0000201499	JV	MMEP3BRE1B		00000000	MMEP3BRE1B				BR		OVL			0000000000	00000000	-945,807.00	0.00	0.00	0.00	0.00	0.00	0.00	0.00	0.00	0.00	0.00	0.00	0.00	0.00	0.00	0.00	0.00	-49,285.99	0.00	0.00	0.00	0.00	0.00	0.00	0.00	0.00	0.00	0.00	0.00	0.00	0.00	0.00	0.00	0.00	-12,299.19	0.00	0.00	0.00	0.00	0.00	0.00	0.00	0.00	0.00	0.00	0.00	0.00	0.00	0.00	0.00	0.00
	500	4A	0	001	 2026	000000000001490043	000000000000000000	000000000000000000	MMK		S	  016	OVL	MM1601	OE1	0000201499	JV	MMEP3BRE1B		00000000	MMEP3BRE1B				BR		OVL			0000000000	00000000	    28,748,349.35	0.00	0.00	0.00	0.00	0.00	0.00	0.00	0.00	0.00	0.00	0.00	0.00	0.00	0.00	0.00	0.00	    1,648,188.87	0.00	0.00	0.00	0.00	0.00	0.00	0.00	0.00	0.00	0.00	0.00	0.00	0.00	0.00	0.00	0.00	     52,662.57	0.00	0.00	0.00	0.00	0.00	0.00	0.00	0.00	0.00	0.00	0.00	0.00	0.00	0.00	0.00	0.00
	500	4A	0	001	 2026	000000000001490043	000000000000000000	000000000000000000	USD		H	  016	OVL	MM1601	OE1	0000201499	JV	MMEP3BRE1B		00000000	MMEP3BRE1B				BR		OVL			0000000000	00000000	-15,170.30	0.00	0.00	0.00	0.00	0.00	0.00	0.00	0.00	0.00	0.00	0.00	0.00	0.00	0.00	0.00	0.00	-0.01	0.00	0.00	0.00	0.00	0.00	0.00	0.00	0.00	0.00	0.00	0.00	0.00	0.00	0.00	0.00	0.00	-15,170.30	0.00	0.00	0.00	0.00	0.00	0.00	0.00	0.00	0.00	0.00	0.00	0.00	0.00	0.00	0.00	0.00
	500	4A	0	001	 2026	000000000001490216	000000000000000000	000000000000000000	EUR		H	  016	OVL	MM1601	OE1	0000100702	JV			00000000	MMEP3BRE1B				CP		OVL			0000000000	00000000	-236,461.00	0.00	0.00	0.00	0.00	0.00	0.00	0.00	0.00	0.00	0.00	0.00	0.00	0.00	0.00	0.00	0.00	-17,247,103.10	0.00	0.00	0.00	0.00	0.00	0.00	0.00	0.00	0.00	0.00	0.00	0.00	0.00	0.00	0.00	0.00	-266,546.63	0.00	0.00	0.00	0.00	0.00	0.00	0.00	0.00	0.00	0.00	0.00	0.00	0.00	0.00	0.00	0.00
	500	4A	0	001	 2026	000000000001490216	000000000000000000	000000000000000000	EUR		S	  016	OVL	MM1601	OE1	0000100702	JV			00000000	MMEP3BRE1B				CP		OVL			0000000000	00000000	       236,461.00	0.00	0.00	0.00	0.00	0.00	0.00	0.00	0.00	0.00	0.00	0.00	0.00	0.00	0.00	0.00	0.00	   17,247,103.10	0.00	0.00	0.00	0.00	0.00	0.00	0.00	0.00	0.00	0.00	0.00	0.00	0.00	0.00	0.00	0.00	    266,546.63	0.00	0.00	0.00	0.00	0.00	0.00	0.00	0.00	0.00	0.00	0.00	0.00	0.00	0.00	0.00	0.00
	500	4A	0	001	 2026	000000000001490216	000000000000000000	000000000000000000	USD		H	  016	OVL	MM1601	OE1	0000100702	JV			00000000	MMEP3BRE1B				CP		OVL			0000000000	00000000	-396,327.25	0.00	0.00	0.00	0.00	0.00	0.00	0.00	0.00	0.00	0.00	0.00	0.00	0.00	0.00	0.00	0.00	-25,512,404.06	0.00	0.00	0.00	0.00	0.00	0.00	0.00	0.00	0.00	0.00	0.00	0.00	0.00	0.00	0.00	0.00	-396,327.25	0.00	0.00	0.00	0.00	0.00	0.00	0.00	0.00	0.00	0.00	0.00	0.00	0.00	0.00	0.00	0.00
	500	4A	0	001	 2026	000000000001490216	000000000000000000	000000000000000000	USD		S	  016	OVL	MM1601	OE1	0000100702	JV			00000000	MMEP3BRE1B				CP		OVL			0000000000	00000000	       396,327.25	0.00	0.00	0.00	0.00	0.00	0.00	0.00	0.00	0.00	0.00	0.00	0.00	0.00	0.00	0.00	0.00	   25,512,404.06	0.00	0.00	0.00	0.00	0.00	0.00	0.00	0.00	0.00	0.00	0.00	0.00	0.00	0.00	0.00	0.00	    396,327.25	0.00	0.00	0.00	0.00	0.00	0.00	0.00	0.00	0.00	0.00	0.00	0.00	0.00	0.00	0.00	0.00
	500	4A	0	001	 2026	000000000001490217	000000000000000000	000000000000000000	EUR		H	  016	OVL	MM1601	OE1	0000100703	JV			00000000	MMEP3BRE1B				CP		OVL			0000000000	00000000	-236,461.00	0.00	0.00	0.00	0.00	0.00	0.00	0.00	0.00	0.00	0.00	0.00	0.00	0.00	0.00	0.00	0.00	-17,247,103.10	0.00	0.00	0.00	0.00	0.00	0.00	0.00	0.00	0.00	0.00	0.00	0.00	0.00	0.00	0.00	0.00	-266,546.63	0.00	0.00	0.00	0.00	0.00	0.00	0.00	0.00	0.00	0.00	0.00	0.00	0.00	0.00	0.00	0.00
	500	4A	0	001	 2026	000000000001490217	000000000000000000	000000000000000000	USD		H	  016	OVL	MM1601	OE1	0000100703	JV			00000000	MMEP3BRE1B				CP		OVL			0000000000	00000000	-301,423.75	0.00	0.00	0.00	0.00	0.00	0.00	0.00	0.00	0.00	0.00	0.00	0.00	0.00	0.00	0.00	0.00	-19,567,648.82	0.00	0.00	0.00	0.00	0.00	0.00	0.00	0.00	0.00	0.00	0.00	0.00	0.00	0.00	0.00	0.00	-301,423.75	0.00	0.00	0.00	0.00	0.00	0.00	0.00	0.00	0.00	0.00	0.00	0.00	0.00	0.00	0.00	0.00
	500	4A	0	001	 2026	000000000001490255	000000000000000000	000000000000000000	USD		H	  016	OVL	MM1601	OE1	0000091299	JV			00000000	MMEP3BRE1B				CP		OVL			0000000000	00000000	-94,903.50	0.00	0.00	0.00	0.00	0.00	0.00	0.00	0.00	0.00	0.00	0.00	0.00	0.00	0.00	0.00	0.00	-5,944,755.24	0.00	0.00	0.00	0.00	0.00	0.00	0.00	0.00	0.00	0.00	0.00	0.00	0.00	0.00	0.00	0.00	-94,903.50	0.00	0.00	0.00	0.00	0.00	0.00	0.00	0.00	0.00	0.00	0.00	0.00	0.00	0.00	0.00	0.00
	500	4A	0	001	 2026	000000000001490255	000000000000000000	000000000000000000	USD		S	  016	OVL	MM1601	OE1	0000091299	JV			00000000	MMEP3BRE1B				CP		OVL			0000000000	00000000	        94,903.50	0.00	0.00	0.00	0.00	0.00	0.00	0.00	0.00	0.00	0.00	0.00	0.00	0.00	0.00	0.00	0.00	    5,944,755.24	0.00	0.00	0.00	0.00	0.00	0.00	0.00	0.00	0.00	0.00	0.00	0.00	0.00	0.00	0.00	0.00	     94,903.50	0.00	0.00	0.00	0.00	0.00	0.00	0.00	0.00	0.00	0.00	0.00	0.00	0.00	0.00	0.00	0.00
	500	4A	0	001	 2026	000000000001490319	000000000000000000	000000000000000000	INR		H	  016	OVL	MM1601	OE1	0000100298	JV	MMEP3BRE1B		00000000	MMEP3BRE1B				CB		OVL			0000000000	00000000	-5,877,175.88	0.00	0.00	0.00	0.00	0.00	0.00	0.00	0.00	0.00	0.00	0.00	0.00	0.00	0.00	0.00	0.00	-5,877,175.88	0.00	0.00	0.00	0.00	0.00	0.00	0.00	0.00	0.00	0.00	0.00	0.00	0.00	0.00	0.00	0.00	-86,490.12	0.00	0.00	0.00	0.00	0.00	0.00	0.00	0.00	0.00	0.00	0.00	0.00	0.00	0.00	0.00	0.00
	500	4A	0	001	 2026	000000000001490319	000000000000000000	000000000000000000	INR		S	  016	OVL	MM1601	OE1	0000100298	JV	MMEP3BRE1B		00000000	MMEP3BRE1B				CB		OVL			0000000000	00000000	     4,896,875.94	0.00	0.00	0.00	0.00	0.00	0.00	0.00	0.00	0.00	0.00	0.00	0.00	0.00	0.00	0.00	0.00	    4,896,875.94	0.00	0.00	0.00	0.00	0.00	0.00	0.00	0.00	0.00	0.00	0.00	0.00	0.00	0.00	0.00	0.00	     73,969.06	0.00	0.00	0.00	0.00	0.00	0.00	0.00	0.00	0.00	0.00	0.00	0.00	0.00	0.00	0.00	0.00
	500	4A	0	001	 2026	000000000001490319	000000000000000000	000000000000000000	MMK		H	  016	OVL	MM1601	OE1	0000100298	JV	MMEP3BRE1B		00000000	MMEP3BRE1B				CB		OVL			0000000000	00000000	-49,188,500.00	0.00	0.00	0.00	0.00	0.00	0.00	0.00	0.00	0.00	0.00	0.00	0.00	0.00	0.00	0.00	0.00	-2,819,486.88	0.00	0.00	0.00	0.00	0.00	0.00	0.00	0.00	0.00	0.00	0.00	0.00	0.00	0.00	0.00	0.00	-44,243.14	0.00	0.00	0.00	0.00	0.00	0.00	0.00	0.00	0.00	0.00	0.00	0.00	0.00	0.00	0.00	0.00
	500	4A	0	001	 2026	000000000001490319	000000000000000000	000000000000000000	MMK		S	  016	OVL	MM1601	OE1	0000100298	JV	MMEP3BRE1B		00000000	MMEP3BRE1B				CB		OVL			0000000000	00000000	    57,160,792.74	0.00	0.00	0.00	0.00	0.00	0.00	0.00	0.00	0.00	0.00	0.00	0.00	0.00	0.00	0.00	0.00	    3,309,636.85	0.00	0.00	0.00	0.00	0.00	0.00	0.00	0.00	0.00	0.00	0.00	0.00	0.00	0.00	0.00	0.00	     50,503.67	0.00	0.00	0.00	0.00	0.00	0.00	0.00	0.00	0.00	0.00	0.00	0.00	0.00	0.00	0.00	0.00
	500	4A	0	001	 2026	000000000001490319	000000000000000000	000000000000000000	USD		H	  016	OVL	MM1601	OE1	0000100298	JV	MMEP3BRE1B		00000000	MMEP3BRE1B				CB		OVL			0000000000	00000000	-25,729.42	0.00	0.00	0.00	0.00	0.00	0.00	0.00	0.00	0.00	0.00	0.00	0.00	0.00	0.00	0.00	0.00	-2,112,460.30	0.00	0.00	0.00	0.00	0.00	0.00	0.00	0.00	0.00	0.00	0.00	0.00	0.00	0.00	0.00	0.00	-27,239.44	0.00	0.00	0.00	0.00	0.00	0.00	0.00	0.00	0.00	0.00	0.00	0.00	0.00	0.00	0.00	0.00
	500	4A	0	001	 2026	000000000001490319	000000000000000000	000000000000000000	USD		S	  016	OVL	MM1601	OE1	0000100298	JV	MMEP3BRE1B		00000000	MMEP3BRE1B				CB		OVL			0000000000	00000000	        32,811.49	0.00	0.00	0.00	0.00	0.00	0.00	0.00	0.00	0.00	0.00	0.00	0.00	0.00	0.00	0.00	0.00	    2,602,610.27	0.00	0.00	0.00	0.00	0.00	0.00	0.00	0.00	0.00	0.00	0.00	0.00	0.00	0.00	0.00	0.00	     33,499.97	0.00	0.00	0.00	0.00	0.00	0.00	0.00	0.00	0.00	0.00	0.00	0.00	0.00	0.00	0.00	0.00
	500	4A	0	001	 2026	000000000001490320	000000000000000000	000000000000000000	MMK		H	  016	OVL	MM1601	OE1	0000201105	JV	MMEP3BRE1B		00000000	MMEP3BRE1B				CB		OVL			0000000000	00000000	-5,637,558.50	0.00	0.00	0.00	0.00	0.00	0.00	0.00	0.00	0.00	0.00	0.00	0.00	0.00	0.00	0.00	0.00	-332,026.40	0.00	0.00	0.00	0.00	0.00	0.00	0.00	0.00	0.00	0.00	0.00	0.00	0.00	0.00	0.00	0.00	-5,725.40	0.00	0.00	0.00	0.00	0.00	0.00	0.00	0.00	0.00	0.00	0.00	0.00	0.00	0.00	0.00	0.00
	500	4A	0	001	 2026	000000000001490320	000000000000000000	000000000000000000	USD		S	  016	OVL	MM1601	OE1	0000201105	JV	MMEP3BRE1B		00000000	MMEP3BRE1B				CB		OVL			0000000000	00000000	           425.89	0.00	0.00	0.00	0.00	0.00	0.00	0.00	0.00	0.00	0.00	0.00	0.00	0.00	0.00	0.00	0.00	            0.01	0.00	0.00	0.00	0.00	0.00	0.00	0.00	0.00	0.00	0.00	0.00	0.00	0.00	0.00	0.00	0.00	        425.89	0.00	0.00	0.00	0.00	0.00	0.00	0.00	0.00	0.00	0.00	0.00	0.00	0.00	0.00	0.00	0.00
	500	4A	0	001	 2026	000000000001490321	000000000000000000	000000000000000000	INR		H	  016	OVL	MM1601	OE1	0000201499	JV	MMEP3BRE1B		00000000	MMEP3BRE1B				CB		OVL			0000000000	00000000	-36,313.67	0.00	0.00	0.00	0.00	0.00	0.00	0.00	0.00	0.00	0.00	0.00	0.00	0.00	0.00	0.00	0.00	-36,313.67	0.00	0.00	0.00	0.00	0.00	0.00	0.00	0.00	0.00	0.00	0.00	0.00	0.00	0.00	0.00	0.00	-567.54	0.00	0.00	0.00	0.00	0.00	0.00	0.00	0.00	0.00	0.00	0.00	0.00	0.00	0.00	0.00	0.00
	500	4A	0	001	 2026	000000000001490321	000000000000000000	000000000000000000	MMK		H	  016	OVL	MM1601	OE1	0000201499	JV	MMEP3BRE1B		00000000	MMEP3BRE1B				CB		OVL			0000000000	00000000	-27,802,542.35	0.00	0.00	0.00	0.00	0.00	0.00	0.00	0.00	0.00	0.00	0.00	0.00	0.00	0.00	0.00	0.00	-1,598,902.88	0.00	0.00	0.00	0.00	0.00	0.00	0.00	0.00	0.00	0.00	0.00	0.00	0.00	0.00	0.00	0.00	-40,363.38	0.00	0.00	0.00	0.00	0.00	0.00	0.00	0.00	0.00	0.00	0.00	0.00	0.00	0.00	0.00	0.00
	500	4A	0	001	 2026	000000000001490321	000000000000000000	000000000000000000	USD		S	  016	OVL	MM1601	OE1	0000201499	JV	MMEP3BRE1B		00000000	MMEP3BRE1B				CB		OVL			0000000000	00000000	        15,170.30	0.00	0.00	0.00	0.00	0.00	0.00	0.00	0.00	0.00	0.00	0.00	0.00	0.00	0.00	0.00	0.00	            0.01	0.00	0.00	0.00	0.00	0.00	0.00	0.00	0.00	0.00	0.00	0.00	0.00	0.00	0.00	0.00	0.00	     15,170.30	0.00	0.00	0.00	0.00	0.00	0.00	0.00	0.00	0.00	0.00	0.00	0.00	0.00	0.00	0.00	0.00
	500	4A	0	001	 2026	000000000001505619	000000000000000000	000000000000000000	MMK		S	  016	OVL	MM1601	OE1	0000200799	JV	MMEP3BRE1B		00000000	MMEP3BRE1B				BR		OVL			0000000000	00000000	       792,582.50	0.00	0.00	0.00	0.00	0.00	0.00	0.00	0.00	0.00	0.00	0.00	0.00	0.00	0.00	0.00	0.00	       41,045.29	0.00	0.00	0.00	0.00	0.00	0.00	0.00	0.00	0.00	0.00	0.00	0.00	0.00	0.00	0.00	0.00	        734.89	0.00	0.00	0.00	0.00	0.00	0.00	0.00	0.00	0.00	0.00	0.00	0.00	0.00	0.00	0.00	0.00
	500	4A	0	001	 2026	000000000001505619	000000000000000000	000000000000000000	USD		H	  016	OVL	MM1601	OE1	0000200799	JV	MMEP3BRE1B		00000000	MMEP3BRE1B				BR		OVL			0000000000	00000000	-116.18	0.00	0.00	0.00	0.00	0.00	0.00	0.00	0.00	0.00	0.00	0.00	0.00	0.00	0.00	0.00	0.00	-0.01	0.00	0.00	0.00	0.00	0.00	0.00	0.00	0.00	0.00	0.00	0.00	0.00	0.00	0.00	0.00	0.00	-116.18	0.00	0.00	0.00	0.00	0.00	0.00	0.00	0.00	0.00	0.00	0.00	0.00	0.00	0.00	0.00	0.00
	500	4A	0	001	 2026	000000000001505620	000000000000000000	000000000000000000	MMK		H	  016	OVL	MM1601	OE1	0000201423	JV	MMEP3BRE1B		00000000	MMEP3BRE1B				BR		OVL			0000000000	00000000	-100,000.00	0.00	0.00	0.00	0.00	0.00	0.00	0.00	0.00	0.00	0.00	0.00	0.00	0.00	0.00	0.00	0.00	-5,211.00	0.00	0.00	0.00	0.00	0.00	0.00	0.00	0.00	0.00	0.00	0.00	0.00	0.00	0.00	0.00	0.00	-1,300.39	0.00	0.00	0.00	0.00	0.00	0.00	0.00	0.00	0.00	0.00	0.00	0.00	0.00	0.00	0.00	0.00
	500	4A	0	001	 2026	000000000001505620	000000000000000000	000000000000000000	MMK		S	  016	OVL	MM1601	OE1	0000201423	JV	MMEP3BRE1B		00000000	MMEP3BRE1B				BR		OVL			0000000000	00000000	     6,251,490.00	0.00	0.00	0.00	0.00	0.00	0.00	0.00	0.00	0.00	0.00	0.00	0.00	0.00	0.00	0.00	0.00	      317,952.45	0.00	0.00	0.00	0.00	0.00	0.00	0.00	0.00	0.00	0.00	0.00	0.00	0.00	0.00	0.00	0.00	     10,108.50	0.00	0.00	0.00	0.00	0.00	0.00	0.00	0.00	0.00	0.00	0.00	0.00	0.00	0.00	0.00	0.00
	500	4A	0	001	 2026	000000000001505620	000000000000000000	000000000000000000	USD		H	  016	OVL	MM1601	OE1	0000201423	JV	MMEP3BRE1B		00000000	MMEP3BRE1B				BR		OVL			0000000000	00000000	-4,068.66	0.00	0.00	0.00	0.00	0.00	0.00	0.00	0.00	0.00	0.00	0.00	0.00	0.00	0.00	0.00	0.00	-0.01	0.00	0.00	0.00	0.00	0.00	0.00	0.00	0.00	0.00	0.00	0.00	0.00	0.00	0.00	0.00	0.00	-4,068.66	0.00	0.00	0.00	0.00	0.00	0.00	0.00	0.00	0.00	0.00	0.00	0.00	0.00	0.00	0.00	0.00
	500	4A	0	001	 2026	000000000001505635	000000000000000000	000000000000000000	EUR		S	  016	OVL	MM1601	OE1	0000200913	JV	MMEP3BRE1B		00000000	MMEP3BRE1B				BR		OVL			0000000000	00000000	        20,013.09	0.00	0.00	0.00	0.00	0.00	0.00	0.00	0.00	0.00	0.00	0.00	0.00	0.00	0.00	0.00	0.00	    1,404,318.53	0.00	0.00	0.00	0.00	0.00	0.00	0.00	0.00	0.00	0.00	0.00	0.00	0.00	0.00	0.00	0.00	     21,948.36	0.00	0.00	0.00	0.00	0.00	0.00	0.00	0.00	0.00	0.00	0.00	0.00	0.00	0.00	0.00	0.00
	500	4A	0	001	 2026	000000000001505635	000000000000000000	000000000000000000	MMK		H	  016	OVL	MM1601	OE1	0000200913	JV	MMEP3BRE1B		00000000	MMEP3BRE1B				BR		OVL			0000000000	00000000	-4,689,996.00	0.00	0.00	0.00	0.00	0.00	0.00	0.00	0.00	0.00	0.00	0.00	0.00	0.00	0.00	0.00	0.00	-244,395.69	0.00	0.00	0.00	0.00	0.00	0.00	0.00	0.00	0.00	0.00	0.00	0.00	0.00	0.00	0.00	0.00	-60,988.24	0.00	0.00	0.00	0.00	0.00	0.00	0.00	0.00	0.00	0.00	0.00	0.00	0.00	0.00	0.00	0.00
	500	4A	0	001	 2026	000000000001505635	000000000000000000	000000000000000000	MMK		S	  016	OVL	MM1601	OE1	0000200913	JV	MMEP3BRE1B		00000000	MMEP3BRE1B				BR		OVL			0000000000	00000000	    31,842,876.75	0.00	0.00	0.00	0.00	0.00	0.00	0.00	0.00	0.00	0.00	0.00	0.00	0.00	0.00	0.00	0.00	    1,701,044.16	0.00	0.00	0.00	0.00	0.00	0.00	0.00	0.00	0.00	0.00	0.00	0.00	0.00	0.00	0.00	0.00	     88,360.57	0.00	0.00	0.00	0.00	0.00	0.00	0.00	0.00	0.00	0.00	0.00	0.00	0.00	0.00	0.00	0.00
	500	4A	0	001	 2026	000000000001505635	000000000000000000	000000000000000000	USD		H	  016	OVL	MM1601	OE1	0000200913	JV	MMEP3BRE1B		00000000	MMEP3BRE1B				BR		OVL			0000000000	00000000	-5,033.01	0.00	0.00	0.00	0.00	0.00	0.00	0.00	0.00	0.00	0.00	0.00	0.00	0.00	0.00	0.00	0.00	-0.01	0.00	0.00	0.00	0.00	0.00	0.00	0.00	0.00	0.00	0.00	0.00	0.00	0.00	0.00	0.00	0.00	-5,033.01	0.00	0.00	0.00	0.00	0.00	0.00	0.00	0.00	0.00	0.00	0.00	0.00	0.00	0.00	0.00	0.00
	500	4A	0	001	 2026	000000000001505636	000000000000000000	000000000000000000	MMK		H	  016	OVL	MM1601	OE1	0000201421	JV	MMEP3BRE1B		00000000	MMEP3BRE1B				BR		OVL			0000000000	00000000	-158,254.00	0.00	0.00	0.00	0.00	0.00	0.00	0.00	0.00	0.00	0.00	0.00	0.00	0.00	0.00	0.00	0.00	-8,246.62	0.00	0.00	0.00	0.00	0.00	0.00	0.00	0.00	0.00	0.00	0.00	0.00	0.00	0.00	0.00	0.00	-2,057.92	0.00	0.00	0.00	0.00	0.00	0.00	0.00	0.00	0.00	0.00	0.00	0.00	0.00	0.00	0.00	0.00
	500	4A	0	001	 2026	000000000001505636	000000000000000000	000000000000000000	MMK		S	  016	OVL	MM1601	OE1	0000201421	JV	MMEP3BRE1B		00000000	MMEP3BRE1B				BR		OVL			0000000000	00000000	     3,194,445.00	0.00	0.00	0.00	0.00	0.00	0.00	0.00	0.00	0.00	0.00	0.00	0.00	0.00	0.00	0.00	0.00	      168,948.05	0.00	0.00	0.00	0.00	0.00	0.00	0.00	0.00	0.00	0.00	0.00	0.00	0.00	0.00	0.00	0.00	      7,357.59	0.00	0.00	0.00	0.00	0.00	0.00	0.00	0.00	0.00	0.00	0.00	0.00	0.00	0.00	0.00	0.00
	500	4A	0	001	 2026	000000000001505636	000000000000000000	000000000000000000	USD		H	  016	OVL	MM1601	OE1	0000201421	JV	MMEP3BRE1B		00000000	MMEP3BRE1B				BR		OVL			0000000000	00000000	-2,859.32	0.00	0.00	0.00	0.00	0.00	0.00	0.00	0.00	0.00	0.00	0.00	0.00	0.00	0.00	0.00	0.00	-0.01	0.00	0.00	0.00	0.00	0.00	0.00	0.00	0.00	0.00	0.00	0.00	0.00	0.00	0.00	0.00	0.00	-2,859.32	0.00	0.00	0.00	0.00	0.00	0.00	0.00	0.00	0.00	0.00	0.00	0.00	0.00	0.00	0.00	0.00
	500	4A	0	001	 2026	000000000001505748	000000000000000000	000000000000000000	INR		S	  016	OVL	MM1601	OE1	0000200886	JV	MMEP3BRE1B		00000000	MMEP3BRE1B				BR		OVL			0000000000	00000000	       790,500.00	0.00	0.00	0.00	0.00	0.00	0.00	0.00	0.00	0.00	0.00	0.00	0.00	0.00	0.00	0.00	0.00	      790,500.00	0.00	0.00	0.00	0.00	0.00	0.00	0.00	0.00	0.00	0.00	0.00	0.00	0.00	0.00	0.00	0.00	     11,914.09	0.00	0.00	0.00	0.00	0.00	0.00	0.00	0.00	0.00	0.00	0.00	0.00	0.00	0.00	0.00	0.00
	500	4A	0	001	 2026	000000000001505748	000000000000000000	000000000000000000	MMK		S	  016	OVL	MM1601	OE1	0000200886	JV	MMEP3BRE1B		00000000	MMEP3BRE1B				BR		OVL			0000000000	00000000	    14,333,453.30	0.00	0.00	0.00	0.00	0.00	0.00	0.00	0.00	0.00	0.00	0.00	0.00	0.00	0.00	0.00	0.00	      831,340.29	0.00	0.00	0.00	0.00	0.00	0.00	0.00	0.00	0.00	0.00	0.00	0.00	0.00	0.00	0.00	0.00	    186,390.81	0.00	0.00	0.00	0.00	0.00	0.00	0.00	0.00	0.00	0.00	0.00	0.00	0.00	0.00	0.00	0.00
	500	4A	0	001	 2026	000000000001505748	000000000000000000	000000000000000000	USD		H	  016	OVL	MM1601	OE1	0000200886	JV	MMEP3BRE1B		00000000	MMEP3BRE1B				BR		OVL			0000000000	00000000	-172,563.73	0.00	0.00	0.00	0.00	0.00	0.00	0.00	0.00	0.00	0.00	0.00	0.00	0.00	0.00	0.00	0.00	-0.01	0.00	0.00	0.00	0.00	0.00	0.00	0.00	0.00	0.00	0.00	0.00	0.00	0.00	0.00	0.00	0.00	-172,563.73	0.00	0.00	0.00	0.00	0.00	0.00	0.00	0.00	0.00	0.00	0.00	0.00	0.00	0.00	0.00	0.00
	500	4A	0	001	 2026	000000000001505765	000000000000000000	000000000000000000	MMK		S	  016	OVL	MM1601	OE1	0000201418	JV	MMEP3BRE1B		00000000	MMEP3BRE1B				BR		OVL			0000000000	00000000	     1,038,496.00	0.00	0.00	0.00	0.00	0.00	0.00	0.00	0.00	0.00	0.00	0.00	0.00	0.00	0.00	0.00	0.00	       57,696.80	0.00	0.00	0.00	0.00	0.00	0.00	0.00	0.00	0.00	0.00	0.00	0.00	0.00	0.00	0.00	0.00	      1,078.03	0.00	0.00	0.00	0.00	0.00	0.00	0.00	0.00	0.00	0.00	0.00	0.00	0.00	0.00	0.00	0.00
	500	4A	0	001	 2026	000000000001505765	000000000000000000	000000000000000000	USD		H	  016	OVL	MM1601	OE1	0000201418	JV	MMEP3BRE1B		00000000	MMEP3BRE1B				BR		OVL			0000000000	00000000	-207.68	0.00	0.00	0.00	0.00	0.00	0.00	0.00	0.00	0.00	0.00	0.00	0.00	0.00	0.00	0.00	0.00	-0.01	0.00	0.00	0.00	0.00	0.00	0.00	0.00	0.00	0.00	0.00	0.00	0.00	0.00	0.00	0.00	0.00	-207.68	0.00	0.00	0.00	0.00	0.00	0.00	0.00	0.00	0.00	0.00	0.00	0.00	0.00	0.00	0.00	0.00
	500	4A	0	001	 2026	000000000001506461	000000000000000000	000000000000000000	EUR		S	  016	OVL	MM1601	OE1	0000201922	JV			00000000	MMEP3BRE1B				CP		OVL			0000000000	00000000	             0.00	0.00	0.00	0.00	0.00	0.00	0.00	0.00	0.00	0.00	0.00	0.00	0.00	0.00	0.00	0.00	0.00	      293,469.88	0.00	0.00	0.00	0.00	0.00	0.00	0.00	0.00	0.00	0.00	0.00	0.00	0.00	0.00	0.00	0.00	        356.45	0.00	0.00	0.00	0.00	0.00	0.00	0.00	0.00	0.00	0.00	0.00	0.00	0.00	0.00	0.00	0.00
	500	4A	0	001	 2026	000000000001506461	000000000000000000	000000000000000000	USD		H	  016	OVL	MM1601	OE1	0000201922	JV			00000000	MMEP3BRE1B				CP		OVL			0000000000	00000000	             0.00	0.00	0.00	0.00	0.00	0.00	0.00	0.00	0.00	0.00	0.00	0.00	0.00	0.00	0.00	0.00	0.00	-31,859.92	0.00	0.00	0.00	0.00	0.00	0.00	0.00	0.00	0.00	0.00	0.00	0.00	0.00	0.00	0.00	0.00	          0.00	0.00	0.00	0.00	0.00	0.00	0.00	0.00	0.00	0.00	0.00	0.00	0.00	0.00	0.00	0.00	0.00
	500	4A	0	001	 2026	000000000001506461	000000000000000000	000000000000000000	USD		S	  016	OVL	MM1601	OE1	0000201922	JV			00000000	MMEP3BRE1B				CP		OVL			0000000000	00000000	             0.00	0.00	0.00	0.00	0.00	0.00	0.00	0.00	0.00	0.00	0.00	0.00	0.00	0.00	0.00	0.00	0.00	    8,780,161.59	0.00	0.00	0.00	0.00	0.00	0.00	0.00	0.00	0.00	0.00	0.00	0.00	0.00	0.00	0.00	0.00	          0.00	0.00	0.00	0.00	0.00	0.00	0.00	0.00	0.00	0.00	0.00	0.00	0.00	0.00	0.00	0.00	0.00
	500	4A	0	001	 2026	000000000001506502	000000000000000000	000000000000000000	INR		H	  016	OVL	MM1601	OE1	0000200886	JV	MMEP3BRE1B		00000000	MMEP3BRE1B				CB		OVL			0000000000	00000000	-790,500.00	0.00	0.00	0.00	0.00	0.00	0.00	0.00	0.00	0.00	0.00	0.00	0.00	0.00	0.00	0.00	0.00	-790,500.00	0.00	0.00	0.00	0.00	0.00	0.00	0.00	0.00	0.00	0.00	0.00	0.00	0.00	0.00	0.00	0.00	-11,914.09	0.00	0.00	0.00	0.00	0.00	0.00	0.00	0.00	0.00	0.00	0.00	0.00	0.00	0.00	0.00	0.00
	500	4A	0	001	 2026	000000000001506502	000000000000000000	000000000000000000	MMK		H	  016	OVL	MM1601	OE1	0000200886	JV	MMEP3BRE1B		00000000	MMEP3BRE1B				CB		OVL			0000000000	00000000	-14,333,453.30	0.00	0.00	0.00	0.00	0.00	0.00	0.00	0.00	0.00	0.00	0.00	0.00	0.00	0.00	0.00	0.00	-831,340.29	0.00	0.00	0.00	0.00	0.00	0.00	0.00	0.00	0.00	0.00	0.00	0.00	0.00	0.00	0.00	0.00	-186,390.81	0.00	0.00	0.00	0.00	0.00	0.00	0.00	0.00	0.00	0.00	0.00	0.00	0.00	0.00	0.00	0.00
	500	4A	0	001	 2026	000000000001506502	000000000000000000	000000000000000000	USD		S	  016	OVL	MM1601	OE1	0000200886	JV	MMEP3BRE1B		00000000	MMEP3BRE1B				CB		OVL			0000000000	00000000	       172,563.73	0.00	0.00	0.00	0.00	0.00	0.00	0.00	0.00	0.00	0.00	0.00	0.00	0.00	0.00	0.00	0.00	            0.01	0.00	0.00	0.00	0.00	0.00	0.00	0.00	0.00	0.00	0.00	0.00	0.00	0.00	0.00	0.00	0.00	    172,563.73	0.00	0.00	0.00	0.00	0.00	0.00	0.00	0.00	0.00	0.00	0.00	0.00	0.00	0.00	0.00	0.00
	500	4A	0	001	 2026	000000000001506503	000000000000000000	000000000000000000	INR		H	  016	OVL	MM1601	OE1	0000200913	JV	MMEP3BRE1B		00000000	MMEP3BRE1B				CB		OVL			0000000000	00000000	-1,404,318.53	0.00	0.00	0.00	0.00	0.00	0.00	0.00	0.00	0.00	0.00	0.00	0.00	0.00	0.00	0.00	0.00	-1,404,318.53	0.00	0.00	0.00	0.00	0.00	0.00	0.00	0.00	0.00	0.00	0.00	0.00	0.00	0.00	0.00	0.00	-21,948.36	0.00	0.00	0.00	0.00	0.00	0.00	0.00	0.00	0.00	0.00	0.00	0.00	0.00	0.00	0.00	0.00
	500	4A	0	001	 2026	000000000001506503	000000000000000000	000000000000000000	MMK		H	  016	OVL	MM1601	OE1	0000200913	JV	MMEP3BRE1B		00000000	MMEP3BRE1B				CB		OVL			0000000000	00000000	-27,152,880.75	0.00	0.00	0.00	0.00	0.00	0.00	0.00	0.00	0.00	0.00	0.00	0.00	0.00	0.00	0.00	0.00	-1,456,648.47	0.00	0.00	0.00	0.00	0.00	0.00	0.00	0.00	0.00	0.00	0.00	0.00	0.00	0.00	0.00	0.00	-27,372.33	0.00	0.00	0.00	0.00	0.00	0.00	0.00	0.00	0.00	0.00	0.00	0.00	0.00	0.00	0.00	0.00
	500	4A	0	001	 2026	000000000001506503	000000000000000000	000000000000000000	USD		S	  016	OVL	MM1601	OE1	0000200913	JV	MMEP3BRE1B		00000000	MMEP3BRE1B				CB		OVL			0000000000	00000000	         5,033.01	0.00	0.00	0.00	0.00	0.00	0.00	0.00	0.00	0.00	0.00	0.00	0.00	0.00	0.00	0.00	0.00	            0.01	0.00	0.00	0.00	0.00	0.00	0.00	0.00	0.00	0.00	0.00	0.00	0.00	0.00	0.00	0.00	0.00	      5,033.01	0.00	0.00	0.00	0.00	0.00	0.00	0.00	0.00	0.00	0.00	0.00	0.00	0.00	0.00	0.00	0.00
	500	4A	0	001	 2026	000000000001506504	000000000000000000	000000000000000000	MMK		H	  016	OVL	MM1601	OE1	0000201418	JV	MMEP3BRE1B		00000000	MMEP3BRE1B				CB		OVL			0000000000	00000000	-1,038,496.00	0.00	0.00	0.00	0.00	0.00	0.00	0.00	0.00	0.00	0.00	0.00	0.00	0.00	0.00	0.00	0.00	-57,696.80	0.00	0.00	0.00	0.00	0.00	0.00	0.00	0.00	0.00	0.00	0.00	0.00	0.00	0.00	0.00	0.00	-1,078.03	0.00	0.00	0.00	0.00	0.00	0.00	0.00	0.00	0.00	0.00	0.00	0.00	0.00	0.00	0.00	0.00
	500	4A	0	001	 2026	000000000001506504	000000000000000000	000000000000000000	USD		S	  016	OVL	MM1601	OE1	0000201418	JV	MMEP3BRE1B		00000000	MMEP3BRE1B				CB		OVL			0000000000	00000000	           207.68	0.00	0.00	0.00	0.00	0.00	0.00	0.00	0.00	0.00	0.00	0.00	0.00	0.00	0.00	0.00	0.00	            0.01	0.00	0.00	0.00	0.00	0.00	0.00	0.00	0.00	0.00	0.00	0.00	0.00	0.00	0.00	0.00	0.00	        207.68	0.00	0.00	0.00	0.00	0.00	0.00	0.00	0.00	0.00	0.00	0.00	0.00	0.00	0.00	0.00	0.00
	500	4A	0	001	 2026	000000000001506505	000000000000000000	000000000000000000	MMK		H	  016	OVL	MM1601	OE1	0000201421	JV	MMEP3BRE1B		00000000	MMEP3BRE1B				CB		OVL			0000000000	00000000	-3,036,191.00	0.00	0.00	0.00	0.00	0.00	0.00	0.00	0.00	0.00	0.00	0.00	0.00	0.00	0.00	0.00	0.00	-160,701.43	0.00	0.00	0.00	0.00	0.00	0.00	0.00	0.00	0.00	0.00	0.00	0.00	0.00	0.00	0.00	0.00	-5,299.67	0.00	0.00	0.00	0.00	0.00	0.00	0.00	0.00	0.00	0.00	0.00	0.00	0.00	0.00	0.00	0.00
	500	4A	0	001	 2026	000000000001506505	000000000000000000	000000000000000000	USD		S	  016	OVL	MM1601	OE1	0000201421	JV	MMEP3BRE1B		00000000	MMEP3BRE1B				CB		OVL			0000000000	00000000	         2,859.32	0.00	0.00	0.00	0.00	0.00	0.00	0.00	0.00	0.00	0.00	0.00	0.00	0.00	0.00	0.00	0.00	            0.01	0.00	0.00	0.00	0.00	0.00	0.00	0.00	0.00	0.00	0.00	0.00	0.00	0.00	0.00	0.00	0.00	      2,859.32	0.00	0.00	0.00	0.00	0.00	0.00	0.00	0.00	0.00	0.00	0.00	0.00	0.00	0.00	0.00	0.00
	500	4A	0	001	 2026	000000000001506506	000000000000000000	000000000000000000	MMK		H	  016	OVL	MM1601	OE1	0000201423	JV	MMEP3BRE1B		00000000	MMEP3BRE1B				CB		OVL			0000000000	00000000	-6,151,490.00	0.00	0.00	0.00	0.00	0.00	0.00	0.00	0.00	0.00	0.00	0.00	0.00	0.00	0.00	0.00	0.00	-312,741.45	0.00	0.00	0.00	0.00	0.00	0.00	0.00	0.00	0.00	0.00	0.00	0.00	0.00	0.00	0.00	0.00	-8,808.11	0.00	0.00	0.00	0.00	0.00	0.00	0.00	0.00	0.00	0.00	0.00	0.00	0.00	0.00	0.00	0.00
	500	4A	0	001	 2026	000000000001506506	000000000000000000	000000000000000000	USD		S	  016	OVL	MM1601	OE1	0000201423	JV	MMEP3BRE1B		00000000	MMEP3BRE1B				CB		OVL			0000000000	00000000	         4,068.66	0.00	0.00	0.00	0.00	0.00	0.00	0.00	0.00	0.00	0.00	0.00	0.00	0.00	0.00	0.00	0.00	            0.01	0.00	0.00	0.00	0.00	0.00	0.00	0.00	0.00	0.00	0.00	0.00	0.00	0.00	0.00	0.00	0.00	      4,068.66	0.00	0.00	0.00	0.00	0.00	0.00	0.00	0.00	0.00	0.00	0.00	0.00	0.00	0.00	0.00	0.00
	500	4A	0	001	 2026	000000000001506637	000000000000000000	000000000000000000	MMK		H	  016	OVL	MM1601	OE1	0000200799	JV	MMEP3BRE1B		00000000	MMEP3BRE1B				CB		OVL			0000000000	00000000	-792,582.50	0.00	0.00	0.00	0.00	0.00	0.00	0.00	0.00	0.00	0.00	0.00	0.00	0.00	0.00	0.00	0.00	-41,045.29	0.00	0.00	0.00	0.00	0.00	0.00	0.00	0.00	0.00	0.00	0.00	0.00	0.00	0.00	0.00	0.00	-734.89	0.00	0.00	0.00	0.00	0.00	0.00	0.00	0.00	0.00	0.00	0.00	0.00	0.00	0.00	0.00	0.00
	500	4A	0	001	 2026	000000000001506637	000000000000000000	000000000000000000	USD		S	  016	OVL	MM1601	OE1	0000200799	JV	MMEP3BRE1B		00000000	MMEP3BRE1B				CB		OVL			0000000000	00000000	           116.18	0.00	0.00	0.00	0.00	0.00	0.00	0.00	0.00	0.00	0.00	0.00	0.00	0.00	0.00	0.00	0.00	            0.01	0.00	0.00	0.00	0.00	0.00	0.00	0.00	0.00	0.00	0.00	0.00	0.00	0.00	0.00	0.00	0.00	        116.18	0.00	0.00	0.00	0.00	0.00	0.00	0.00	0.00	0.00	0.00	0.00	0.00	0.00	0.00	0.00	0.00
	500	4A	0	001	 2026	000000000001547463	000000000000000000	000000000000000000	MMK		S	  016	OVL	MM1601	OE1	0000201358	JV	MMEP3BRE1B		00000000	MMEP3BRE1B				BR		OVL			0000000000	00000000	     5,017,500.00	0.00	0.00	0.00	0.00	0.00	0.00	0.00	0.00	0.00	0.00	0.00	0.00	0.00	0.00	0.00	0.00	      259,223.08	0.00	0.00	0.00	0.00	0.00	0.00	0.00	0.00	0.00	0.00	0.00	0.00	0.00	0.00	0.00	0.00	      3,914.24	0.00	0.00	0.00	0.00	0.00	0.00	0.00	0.00	0.00	0.00	0.00	0.00	0.00	0.00	0.00	0.00
	500	4A	0	001	 2026	000000000001548438	000000000000000000	000000000000000000	MMK		H	  016	OVL	MM1601	OE1	0000201358	JV	MMEP3BRE1B		00000000	MMEP3BRE1B				CB		OVL			0000000000	00000000	-5,017,500.00	0.00	0.00	0.00	0.00	0.00	0.00	0.00	0.00	0.00	0.00	0.00	0.00	0.00	0.00	0.00	0.00	-259,223.08	0.00	0.00	0.00	0.00	0.00	0.00	0.00	0.00	0.00	0.00	0.00	0.00	0.00	0.00	0.00	0.00	-3,914.24	0.00	0.00	0.00	0.00	0.00	0.00	0.00	0.00	0.00	0.00	0.00	0.00	0.00	0.00	0.00	0.00
	500	4A	0	001	 2026	000000000001556631	000000000000000000	000000000000000000	USD		H	  016	OVL	MM1601	OE1	0000100703	JV	MMEP3BRE1B		00000000	MMEP3BRE1B				CP		OVL			0000000000	00000000	-47,879.00	0.00	0.00	0.00	0.00	0.00	0.00	0.00	0.00	0.00	0.00	0.00	0.00	0.00	0.00	0.00	0.00	-3,087,339.23	0.00	0.00	0.00	0.00	0.00	0.00	0.00	0.00	0.00	0.00	0.00	0.00	0.00	0.00	0.00	0.00	-47,879.00	0.00	0.00	0.00	0.00	0.00	0.00	0.00	0.00	0.00	0.00	0.00	0.00	0.00	0.00	0.00	0.00
	500	4A	0	001	 2026	000000000001556684	000000000000000000	000000000000000000	MMK		H	  016	OVL	MM1601	OE1	0000200449	JV	MMEP3BRE1B		00000000	MMEP3BRE1B				BR		OVL			0000000000	00000000	-221,764.50	0.00	0.00	0.00	0.00	0.00	0.00	0.00	0.00	0.00	0.00	0.00	0.00	0.00	0.00	0.00	0.00	-10,718.87	0.00	0.00	0.00	0.00	0.00	0.00	0.00	0.00	0.00	0.00	0.00	0.00	0.00	0.00	0.00	0.00	-161.89	0.00	0.00	0.00	0.00	0.00	0.00	0.00	0.00	0.00	0.00	0.00	0.00	0.00	0.00	0.00	0.00
	500	4A	0	001	 2026	000000000001556684	000000000000000000	000000000000000000	MMK		S	  016	OVL	MM1601	OE1	0000200449	JV	MMEP3BRE1B		00000000	MMEP3BRE1B				BR		OVL			0000000000	00000000	    37,841,673.00	0.00	0.00	0.00	0.00	0.00	0.00	0.00	0.00	0.00	0.00	0.00	0.00	0.00	0.00	0.00	0.00	    1,841,292.35	0.00	0.00	0.00	0.00	0.00	0.00	0.00	0.00	0.00	0.00	0.00	0.00	0.00	0.00	0.00	0.00	     27,958.61	0.00	0.00	0.00	0.00	0.00	0.00	0.00	0.00	0.00	0.00	0.00	0.00	0.00	0.00	0.00	0.00
	500	4A	0	001	 2026	000000000001557169	000000000000000000	000000000000000000	EUR		H	  016	OVL	MM1601	OE1	0000201920	JV			00000000	MMEP3BRE1B				BR		OVL			0000000000	00000000	-19.57	0.00	0.00	0.00	0.00	0.00	0.00	0.00	0.00	0.00	0.00	0.00	0.00	0.00	0.00	0.00	0.00	-6,728.78	0.00	0.00	0.00	0.00	0.00	0.00	0.00	0.00	0.00	0.00	0.00	0.00	0.00	0.00	0.00	0.00	-5.88	0.00	0.00	0.00	0.00	0.00	0.00	0.00	0.00	0.00	0.00	0.00	0.00	0.00	0.00	0.00	0.00
	500	4A	0	001	 2026	000000000001557169	000000000000000000	000000000000000000	INR		H	  016	OVL	MM1601	OE1	0000201920	JV			00000000	MMEP3BRE1B				BR		OVL			0000000000	00000000	             0.00	0.00	0.00	0.00	0.00	0.00	0.00	0.00	0.00	0.00	0.00	0.00	0.00	0.00	0.00	0.00	0.00	            0.00	0.00	0.00	0.00	0.00	0.00	0.00	0.00	0.00	0.00	0.00	0.00	0.00	0.00	0.00	0.00	0.00	-647.10	0.00	0.00	0.00	0.00	0.00	0.00	0.00	0.00	0.00	0.00	0.00	0.00	0.00	0.00	0.00	0.00
	500	4A	0	001	 2026	000000000001557169	000000000000000000	000000000000000000	INR		S	  016	OVL	MM1601	OE1	0000201920	JV			00000000	MMEP3BRE1B				BR		OVL			0000000000	00000000	             0.00	0.00	0.00	0.00	0.00	0.00	0.00	0.00	0.00	0.00	0.00	0.00	0.00	0.00	0.00	0.00	0.00	            0.00	0.00	0.00	0.00	0.00	0.00	0.00	0.00	0.00	0.00	0.00	0.00	0.00	0.00	0.00	0.00	0.00	      1,624.97	0.00	0.00	0.00	0.00	0.00	0.00	0.00	0.00	0.00	0.00	0.00	0.00	0.00	0.00	0.00	0.00
	500	4A	0	001	 2026	000000000001557169	000000000000000000	000000000000000000	USD		H	  016	OVL	MM1601	OE1	0000201920	JV			00000000	MMEP3BRE1B				BR		OVL			0000000000	00000000	-113.27	0.00	0.00	0.00	0.00	0.00	0.00	0.00	0.00	0.00	0.00	0.00	0.00	0.00	0.00	0.00	0.00	-65,343.39	0.00	0.00	0.00	0.00	0.00	0.00	0.00	0.00	0.00	0.00	0.00	0.00	0.00	0.00	0.00	0.00	-113.27	0.00	0.00	0.00	0.00	0.00	0.00	0.00	0.00	0.00	0.00	0.00	0.00	0.00	0.00	0.00	0.00
	500	4A	0	001	 2026	000000000001557169	000000000000000000	000000000000000000	USD		S	  016	OVL	MM1601	OE1	0000201920	JV			00000000	MMEP3BRE1B				BR		OVL			0000000000	00000000	           242.05	0.00	0.00	0.00	0.00	0.00	0.00	0.00	0.00	0.00	0.00	0.00	0.00	0.00	0.00	0.00	0.00	       46,390.81	0.00	0.00	0.00	0.00	0.00	0.00	0.00	0.00	0.00	0.00	0.00	0.00	0.00	0.00	0.00	0.00	        242.05	0.00	0.00	0.00	0.00	0.00	0.00	0.00	0.00	0.00	0.00	0.00	0.00	0.00	0.00	0.00	0.00
	500	4A	0	001	 2026	000000000001557400	000000000000000000	000000000000000000	INR		H	  016	OVL	MM1601	OE1	0000201920	JV			00000000	MMEP3BRE1B				CB		OVL			0000000000	00000000	             0.00	0.00	0.00	0.00	0.00	0.00	0.00	0.00	0.00	0.00	0.00	0.00	0.00	0.00	0.00	0.00	0.00	            0.00	0.00	0.00	0.00	0.00	0.00	0.00	0.00	0.00	0.00	0.00	0.00	0.00	0.00	0.00	0.00	0.00	-2,629.93	0.00	0.00	0.00	0.00	0.00	0.00	0.00	0.00	0.00	0.00	0.00	0.00	0.00	0.00	0.00	0.00
	500	4A	0	001	 2026	000000000001557400	000000000000000000	000000000000000000	INR		S	  016	OVL	MM1601	OE1	0000201920	JV			00000000	MMEP3BRE1B				CB		OVL			0000000000	00000000	             0.00	0.00	0.00	0.00	0.00	0.00	0.00	0.00	0.00	0.00	0.00	0.00	0.00	0.00	0.00	0.00	0.00	            0.00	0.00	0.00	0.00	0.00	0.00	0.00	0.00	0.00	0.00	0.00	0.00	0.00	0.00	0.00	0.00	0.00	      2,629.93	0.00	0.00	0.00	0.00	0.00	0.00	0.00	0.00	0.00	0.00	0.00	0.00	0.00	0.00	0.00	0.00
	500	4A	0	001	 2026	000000000001557400	000000000000000000	000000000000000000	USD		H	  016	OVL	MM1601	OE1	0000201920	JV			00000000	MMEP3BRE1B				CB		OVL			0000000000	00000000	-242.05	0.00	0.00	0.00	0.00	0.00	0.00	0.00	0.00	0.00	0.00	0.00	0.00	0.00	0.00	0.00	0.00	-399,730.95	0.00	0.00	0.00	0.00	0.00	0.00	0.00	0.00	0.00	0.00	0.00	0.00	0.00	0.00	0.00	0.00	-3,270.21	0.00	0.00	0.00	0.00	0.00	0.00	0.00	0.00	0.00	0.00	0.00	0.00	0.00	0.00	0.00	0.00
	500	4A	0	001	 2026	000000000001557400	000000000000000000	000000000000000000	USD		S	  016	OVL	MM1601	OE1	0000201920	JV			00000000	MMEP3BRE1B				CB		OVL			0000000000	00000000	           113.27	0.00	0.00	0.00	0.00	0.00	0.00	0.00	0.00	0.00	0.00	0.00	0.00	0.00	0.00	0.00	0.00	      364,338.28	0.00	0.00	0.00	0.00	0.00	0.00	0.00	0.00	0.00	0.00	0.00	0.00	0.00	0.00	0.00	0.00	      3,399.85	0.00	0.00	0.00	0.00	0.00	0.00	0.00	0.00	0.00	0.00	0.00	0.00	0.00	0.00	0.00	0.00
	500	4A	0	001	 2026	000000000001557401	000000000000000000	000000000000000000	MMK		H	  016	OVL	MM1601	OE1	0000200449	JV	MMEP3BRE1B		00000000	MMEP3BRE1B				CB		OVL			0000000000	00000000	-37,619,908.50	0.00	0.00	0.00	0.00	0.00	0.00	0.00	0.00	0.00	0.00	0.00	0.00	0.00	0.00	0.00	0.00	-1,830,573.48	0.00	0.00	0.00	0.00	0.00	0.00	0.00	0.00	0.00	0.00	0.00	0.00	0.00	0.00	0.00	0.00	-27,796.72	0.00	0.00	0.00	0.00	0.00	0.00	0.00	0.00	0.00	0.00	0.00	0.00	0.00	0.00	0.00	0.00
	500	4A	0	001	 2026	000000000001558621	000000000000000000	000000000000000000	INR		S	  016	OVL	MM1601	OE1	0000201701	JV	MMEP3BRE1B		00000000	MMEP3BRE1B				CP		OVL			0000000000	00000000	     4,983,279.00	0.00	0.00	0.00	0.00	0.00	0.00	0.00	0.00	0.00	0.00	0.00	0.00	0.00	0.00	0.00	0.00	    4,983,279.00	0.00	0.00	0.00	0.00	0.00	0.00	0.00	0.00	0.00	0.00	0.00	0.00	0.00	0.00	0.00	0.00	     73,467.19	0.00	0.00	0.00	0.00	0.00	0.00	0.00	0.00	0.00	0.00	0.00	0.00	0.00	0.00	0.00	0.00
	500	4A	0	001	 2026	000000000001562030	000000000000000000	000000000000000000	USD		H	  016	OVL	MM1601	OE1	0000190101	JV			00000000	MMEP3BRE1B				BR		OVL			0000000000	00000000	-602,095.39	0.00	0.00	0.00	0.00	0.00	0.00	0.00	0.00	0.00	0.00	0.00	0.00	0.00	0.00	0.00	0.00	-39,888,242.22	0.00	0.00	0.00	0.00	0.00	0.00	0.00	0.00	0.00	0.00	0.00	0.00	0.00	0.00	0.00	0.00	-602,095.39	0.00	0.00	0.00	0.00	0.00	0.00	0.00	0.00	0.00	0.00	0.00	0.00	0.00	0.00	0.00	0.00
	500	4A	0	001	 2026	000000000001562030	000000000000000000	000000000000000000	USD		S	  016	OVL	MM1601	OE1	0000190101	JV			00000000	MMEP3BRE1B				BR		OVL			0000000000	00000000	       602,095.39	0.00	0.00	0.00	0.00	0.00	0.00	0.00	0.00	0.00	0.00	0.00	0.00	0.00	0.00	0.00	0.00	   39,888,242.22	0.00	0.00	0.00	0.00	0.00	0.00	0.00	0.00	0.00	0.00	0.00	0.00	0.00	0.00	0.00	0.00	    602,095.39	0.00	0.00	0.00	0.00	0.00	0.00	0.00	0.00	0.00	0.00	0.00	0.00	0.00	0.00	0.00	0.00
	500	4A	0	001	 2026	000000000001562031	000000000000000000	000000000000000000	USD		H	  016	OVL	MM1601	OE1	0000209929	JV	MMEP3BRE1B		00000000	MMEP3BRE1B				BR		OVL			0000000000	00000000	-27,380.00	0.00	0.00	0.00	0.00	0.00	0.00	0.00	0.00	0.00	0.00	0.00	0.00	0.00	0.00	0.00	0.00	-1,856,582.00	0.00	0.00	0.00	0.00	0.00	0.00	0.00	0.00	0.00	0.00	0.00	0.00	0.00	0.00	0.00	0.00	-27,380.00	0.00	0.00	0.00	0.00	0.00	0.00	0.00	0.00	0.00	0.00	0.00	0.00	0.00	0.00	0.00	0.00
	500	4A	0	001	 2026	000000000001562031	000000000000000000	000000000000000000	USD		S	  016	OVL	MM1601	OE1	0000209929	JV	MMEP3BRE1B		00000000	MMEP3BRE1B				BR		OVL			0000000000	00000000	       548,460.00	0.00	0.00	0.00	0.00	0.00	0.00	0.00	0.00	0.00	0.00	0.00	0.00	0.00	0.00	0.00	0.00	   36,350,042.40	0.00	0.00	0.00	0.00	0.00	0.00	0.00	0.00	0.00	0.00	0.00	0.00	0.00	0.00	0.00	0.00	    548,460.00	0.00	0.00	0.00	0.00	0.00	0.00	0.00	0.00	0.00	0.00	0.00	0.00	0.00	0.00	0.00	0.00
	500	4A	0	001	 2026	000000000001571815	000000000000000000	000000000000000000	MMK		H	  016	OVL	MM1601	OE1	0000200499	JV	MMEP3BRE1B		00000000	MMEP3BRE1B				BR		OVL			0000000000	00000000	-518,100.00	0.00	0.00	0.00	0.00	0.00	0.00	0.00	0.00	0.00	0.00	0.00	0.00	0.00	0.00	0.00	0.00	-29,693.06	0.00	0.00	0.00	0.00	0.00	0.00	0.00	0.00	0.00	0.00	0.00	0.00	0.00	0.00	0.00	0.00	-440.09	0.00	0.00	0.00	0.00	0.00	0.00	0.00	0.00	0.00	0.00	0.00	0.00	0.00	0.00	0.00	0.00
	500	4A	0	001	 2026	000000000001571815	000000000000000000	000000000000000000	MMK		S	  016	OVL	MM1601	OE1	0000200499	JV	MMEP3BRE1B		00000000	MMEP3BRE1B				BR		OVL			0000000000	00000000	     2,572,567.50	0.00	0.00	0.00	0.00	0.00	0.00	0.00	0.00	0.00	0.00	0.00	0.00	0.00	0.00	0.00	0.00	      141,830.55	0.00	0.00	0.00	0.00	0.00	0.00	0.00	0.00	0.00	0.00	0.00	0.00	0.00	0.00	0.00	0.00	      2,122.27	0.00	0.00	0.00	0.00	0.00	0.00	0.00	0.00	0.00	0.00	0.00	0.00	0.00	0.00	0.00	0.00
	500	4A	0	001	 2026	000000000001576684	000000000000000000	000000000000000000	INR		H	  016	OVL	MM1601	OE1	0000100298	JV			00000000	MMEP3BRE1B				BR		OVL			0000000000	00000000	-2,677,118.75	0.00	0.00	0.00	0.00	0.00	0.00	0.00	0.00	0.00	0.00	0.00	0.00	0.00	0.00	0.00	0.00	-2,677,118.75	0.00	0.00	0.00	0.00	0.00	0.00	0.00	0.00	0.00	0.00	0.00	0.00	0.00	0.00	0.00	0.00	-39,723.04	0.00	0.00	0.00	0.00	0.00	0.00	0.00	0.00	0.00	0.00	0.00	0.00	0.00	0.00	0.00	0.00
	500	4A	0	001	 2026	000000000001576684	000000000000000000	000000000000000000	INR		S	  016	OVL	MM1601	OE1	0000100298	JV			00000000	MMEP3BRE1B				BR		OVL			0000000000	00000000	       989,170.32	0.00	0.00	0.00	0.00	0.00	0.00	0.00	0.00	0.00	0.00	0.00	0.00	0.00	0.00	0.00	0.00	      989,170.32	0.00	0.00	0.00	0.00	0.00	0.00	0.00	0.00	0.00	0.00	0.00	0.00	0.00	0.00	0.00	0.00	     14,583.00	0.00	0.00	0.00	0.00	0.00	0.00	0.00	0.00	0.00	0.00	0.00	0.00	0.00	0.00	0.00	0.00
	500	4A	0	001	 2026	000000000001576684	000000000000000000	000000000000000000	MMK		S	  016	OVL	MM1601	OE1	0000100298	JV			00000000	MMEP3BRE1B				BR		OVL			0000000000	00000000	    15,912,750.00	0.00	0.00	0.00	0.00	0.00	0.00	0.00	0.00	0.00	0.00	0.00	0.00	0.00	0.00	0.00	0.00	      808,685.96	0.00	0.00	0.00	0.00	0.00	0.00	0.00	0.00	0.00	0.00	0.00	0.00	0.00	0.00	0.00	0.00	     12,177.35	0.00	0.00	0.00	0.00	0.00	0.00	0.00	0.00	0.00	0.00	0.00	0.00	0.00	0.00	0.00	0.00
	500	4A	0	001	 2026	000000000001576684	000000000000000000	000000000000000000	USD		H	  016	OVL	MM1601	OE1	0000100298	JV			00000000	MMEP3BRE1B				BR		OVL			0000000000	00000000	-184,692.91	0.00	0.00	0.00	0.00	0.00	0.00	0.00	0.00	0.00	0.00	0.00	0.00	0.00	0.00	0.00	0.00	-12,527,706.55	0.00	0.00	0.00	0.00	0.00	0.00	0.00	0.00	0.00	0.00	0.00	0.00	0.00	0.00	0.00	0.00	-184,692.91	0.00	0.00	0.00	0.00	0.00	0.00	0.00	0.00	0.00	0.00	0.00	0.00	0.00	0.00	0.00	0.00
	500	4A	0	001	 2026	000000000001576684	000000000000000000	000000000000000000	USD		S	  016	OVL	MM1601	OE1	0000100298	JV			00000000	MMEP3BRE1B				BR		OVL			0000000000	00000000	       197,655.60	0.00	0.00	0.00	0.00	0.00	0.00	0.00	0.00	0.00	0.00	0.00	0.00	0.00	0.00	0.00	0.00	   13,406,969.02	0.00	0.00	0.00	0.00	0.00	0.00	0.00	0.00	0.00	0.00	0.00	0.00	0.00	0.00	0.00	0.00	    197,655.60	0.00	0.00	0.00	0.00	0.00	0.00	0.00	0.00	0.00	0.00	0.00	0.00	0.00	0.00	0.00	0.00
	500	4A	0	001	 2026	000000000001576841	000000000000000000	000000000000000000	USD		H	  016	OVL	MM1601	OE1	0000201701	JV	MMEP3BRE1B		00000000	MMEP3BRE1B				BR		OVL			0000000000	00000000	-69,385.68	0.00	0.00	0.00	0.00	0.00	0.00	0.00	0.00	0.00	0.00	0.00	0.00	0.00	0.00	0.00	0.00	-4,706,430.17	0.00	0.00	0.00	0.00	0.00	0.00	0.00	0.00	0.00	0.00	0.00	0.00	0.00	0.00	0.00	0.00	-69,385.68	0.00	0.00	0.00	0.00	0.00	0.00	0.00	0.00	0.00	0.00	0.00	0.00	0.00	0.00	0.00	0.00
	500	4A	0	001	 2026	000000000001576841	000000000000000000	000000000000000000	USD		S	  016	OVL	MM1601	OE1	0000201701	JV	MMEP3BRE1B		00000000	MMEP3BRE1B				BR		OVL			0000000000	00000000	        36,733.62	0.00	0.00	0.00	0.00	0.00	0.00	0.00	0.00	0.00	0.00	0.00	0.00	0.00	0.00	0.00	0.00	    2,491,639.50	0.00	0.00	0.00	0.00	0.00	0.00	0.00	0.00	0.00	0.00	0.00	0.00	0.00	0.00	0.00	0.00	     36,733.62	0.00	0.00	0.00	0.00	0.00	0.00	0.00	0.00	0.00	0.00	0.00	0.00	0.00	0.00	0.00	0.00
	500	4A	0	001	 2026	000000000001577104	000000000000000000	000000000000000000	INR		H	  016	OVL	MM1601	OE1	0000190599	JV	MMEP3BRE1B		00000000	MMEP3BRE1B				BR		OVL			0000000000	00000000	-1,581,000.00	0.00	0.00	0.00	0.00	0.00	0.00	0.00	0.00	0.00	0.00	0.00	0.00	0.00	0.00	0.00	0.00	-1,581,000.00	0.00	0.00	0.00	0.00	0.00	0.00	0.00	0.00	0.00	0.00	0.00	0.00	0.00	0.00	0.00	0.00	-23,828.18	0.00	0.00	0.00	0.00	0.00	0.00	0.00	0.00	0.00	0.00	0.00	0.00	0.00	0.00	0.00	0.00
	500	4A	0	001	 2026	000000000001577104	000000000000000000	000000000000000000	INR		S	  016	OVL	MM1601	OE1	0000190599	JV	MMEP3BRE1B		00000000	MMEP3BRE1B				BR		OVL			0000000000	00000000	       790,500.00	0.00	0.00	0.00	0.00	0.00	0.00	0.00	0.00	0.00	0.00	0.00	0.00	0.00	0.00	0.00	0.00	      790,500.00	0.00	0.00	0.00	0.00	0.00	0.00	0.00	0.00	0.00	0.00	0.00	0.00	0.00	0.00	0.00	0.00	     11,914.09	0.00	0.00	0.00	0.00	0.00	0.00	0.00	0.00	0.00	0.00	0.00	0.00	0.00	0.00	0.00	0.00
	500	4A	0	001	 2026	000000000001577104	000000000000000000	000000000000000000	USD		S	  016	OVL	MM1601	OE1	0000190599	JV	MMEP3BRE1B		00000000	MMEP3BRE1B				BR		OVL			0000000000	00000000	        10,883.93	0.00	0.00	0.00	0.00	0.00	0.00	0.00	0.00	0.00	0.00	0.00	0.00	0.00	0.00	0.00	0.00	      790,500.00	0.00	0.00	0.00	0.00	0.00	0.00	0.00	0.00	0.00	0.00	0.00	0.00	0.00	0.00	0.00	0.00	     11,914.09	0.00	0.00	0.00	0.00	0.00	0.00	0.00	0.00	0.00	0.00	0.00	0.00	0.00	0.00	0.00	0.00
	500	4A	0	001	 2026	000000000001577171	000000000000000000	000000000000000000	USD		H	  016	OVL	MM1601	OE1	0000201809	JV	MMEP3BRE1B		00000000	MMEP3BRE1B				CB		OVL			0000000000	00000000	-1,500,000.00	0.00	0.00	0.00	0.00	0.00	0.00	0.00	0.00	0.00	0.00	0.00	0.00	0.00	0.00	0.00	0.00	-101,895,000.00	0.00	0.00	0.00	0.00	0.00	0.00	0.00	0.00	0.00	0.00	0.00	0.00	0.00	0.00	0.00	0.00	-1,500,000.00	0.00	0.00	0.00	0.00	0.00	0.00	0.00	0.00	0.00	0.00	0.00	0.00	0.00	0.00	0.00	0.00
	500	4A	0	001	 2026	000000000001577195	000000000000000000	000000000000000000	INR		H	  016	OVL	MM1601	OE1	0000100298	JV			00000000	MMEP3BRE1B				CB		OVL			0000000000	00000000	-5,726,383.34	0.00	0.00	0.00	0.00	0.00	0.00	0.00	0.00	0.00	0.00	0.00	0.00	0.00	0.00	0.00	0.00	-5,726,383.34	0.00	0.00	0.00	0.00	0.00	0.00	0.00	0.00	0.00	0.00	0.00	0.00	0.00	0.00	0.00	0.00	-85,443.02	0.00	0.00	0.00	0.00	0.00	0.00	0.00	0.00	0.00	0.00	0.00	0.00	0.00	0.00	0.00	0.00
	500	4A	0	001	 2026	000000000001577195	000000000000000000	000000000000000000	INR		S	  016	OVL	MM1601	OE1	0000100298	JV			00000000	MMEP3BRE1B				CB		OVL			0000000000	00000000	     9,629,122.44	0.00	0.00	0.00	0.00	0.00	0.00	0.00	0.00	0.00	0.00	0.00	0.00	0.00	0.00	0.00	0.00	    9,629,122.44	0.00	0.00	0.00	0.00	0.00	0.00	0.00	0.00	0.00	0.00	0.00	0.00	0.00	0.00	0.00	0.00	    143,235.12	0.00	0.00	0.00	0.00	0.00	0.00	0.00	0.00	0.00	0.00	0.00	0.00	0.00	0.00	0.00	0.00
	500	4A	0	001	 2026	000000000001577195	000000000000000000	000000000000000000	MMK		H	  016	OVL	MM1601	OE1	0000100298	JV			00000000	MMEP3BRE1B				CB		OVL			0000000000	00000000	-15,912,750.00	0.00	0.00	0.00	0.00	0.00	0.00	0.00	0.00	0.00	0.00	0.00	0.00	0.00	0.00	0.00	0.00	-808,685.96	0.00	0.00	0.00	0.00	0.00	0.00	0.00	0.00	0.00	0.00	0.00	0.00	0.00	0.00	0.00	0.00	-12,177.35	0.00	0.00	0.00	0.00	0.00	0.00	0.00	0.00	0.00	0.00	0.00	0.00	0.00	0.00	0.00	0.00
	500	4A	0	001	 2026	000000000001577195	000000000000000000	000000000000000000	USD		H	  016	OVL	MM1601	OE1	0000100298	JV			00000000	MMEP3BRE1B				CB		OVL			0000000000	00000000	-344,426.46	0.00	0.00	0.00	0.00	0.00	0.00	0.00	0.00	0.00	0.00	0.00	0.00	0.00	0.00	0.00	0.00	-23,721,557.52	0.00	0.00	0.00	0.00	0.00	0.00	0.00	0.00	0.00	0.00	0.00	0.00	0.00	0.00	0.00	0.00	-351,692.00	0.00	0.00	0.00	0.00	0.00	0.00	0.00	0.00	0.00	0.00	0.00	0.00	0.00	0.00	0.00	0.00
	500	4A	0	001	 2026	000000000001577195	000000000000000000	000000000000000000	USD		S	  016	OVL	MM1601	OE1	0000100298	JV			00000000	MMEP3BRE1B				CB		OVL			0000000000	00000000	       299,070.13	0.00	0.00	0.00	0.00	0.00	0.00	0.00	0.00	0.00	0.00	0.00	0.00	0.00	0.00	0.00	0.00	   20,627,504.38	0.00	0.00	0.00	0.00	0.00	0.00	0.00	0.00	0.00	0.00	0.00	0.00	0.00	0.00	0.00	0.00	    306,077.25	0.00	0.00	0.00	0.00	0.00	0.00	0.00	0.00	0.00	0.00	0.00	0.00	0.00	0.00	0.00	0.00
	500	4A	0	001	 2026	000000000001577196	000000000000000000	000000000000000000	MMK		H	  016	OVL	MM1601	OE1	0000200499	JV	MMEP3BRE1B		00000000	MMEP3BRE1B				CB		OVL			0000000000	00000000	-2,160,967.50	0.00	0.00	0.00	0.00	0.00	0.00	0.00	0.00	0.00	0.00	0.00	0.00	0.00	0.00	0.00	0.00	-118,171.78	0.00	0.00	0.00	0.00	0.00	0.00	0.00	0.00	0.00	0.00	0.00	0.00	0.00	0.00	0.00	0.00	-1,772.04	0.00	0.00	0.00	0.00	0.00	0.00	0.00	0.00	0.00	0.00	0.00	0.00	0.00	0.00	0.00	0.00
	500	4A	0	001	 2026	000000000001577196	000000000000000000	000000000000000000	MMK		S	  016	OVL	MM1601	OE1	0000200499	JV	MMEP3BRE1B		00000000	MMEP3BRE1B				CB		OVL			0000000000	00000000	       106,500.00	0.00	0.00	0.00	0.00	0.00	0.00	0.00	0.00	0.00	0.00	0.00	0.00	0.00	0.00	0.00	0.00	        6,034.29	0.00	0.00	0.00	0.00	0.00	0.00	0.00	0.00	0.00	0.00	0.00	0.00	0.00	0.00	0.00	0.00	         89.86	0.00	0.00	0.00	0.00	0.00	0.00	0.00	0.00	0.00	0.00	0.00	0.00	0.00	0.00	0.00	0.00
	500	4A	0	001	 2026	000000000001577200	000000000000000000	000000000000000000	USD		H	  016	OVL	MM1601	OE1	0000209929	JV	MMEP3BRE1B		00000000	MMEP3BRE1B				CB		OVL			0000000000	00000000	-522,360.00	0.00	0.00	0.00	0.00	0.00	0.00	0.00	0.00	0.00	0.00	0.00	0.00	0.00	0.00	0.00	0.00	-34,580,372.40	0.00	0.00	0.00	0.00	0.00	0.00	0.00	0.00	0.00	0.00	0.00	0.00	0.00	0.00	0.00	0.00	-522,360.00	0.00	0.00	0.00	0.00	0.00	0.00	0.00	0.00	0.00	0.00	0.00	0.00	0.00	0.00	0.00	0.00
	500	4A	0	001	 2026	000000000001577200	000000000000000000	000000000000000000	USD		S	  016	OVL	MM1601	OE1	0000209929	JV	MMEP3BRE1B		00000000	MMEP3BRE1B				CB		OVL			0000000000	00000000	         1,280.00	0.00	0.00	0.00	0.00	0.00	0.00	0.00	0.00	0.00	0.00	0.00	0.00	0.00	0.00	0.00	0.00	       86,912.00	0.00	0.00	0.00	0.00	0.00	0.00	0.00	0.00	0.00	0.00	0.00	0.00	0.00	0.00	0.00	0.00	      1,280.00	0.00	0.00	0.00	0.00	0.00	0.00	0.00	0.00	0.00	0.00	0.00	0.00	0.00	0.00	0.00	0.00
	500	4A	0	001	 2026	000000000001577201	000000000000000000	000000000000000000	USD		H	  016	OVL	MM1601	OE1	0000321901	JV			00000000	MMEP3BRE1B				CB		OVL			0000000000	00000000	-555,267.13	0.00	0.00	0.00	0.00	0.00	0.00	0.00	0.00	0.00	0.00	0.00	0.00	0.00	0.00	0.00	0.00	-36,737,092.17	0.00	0.00	0.00	0.00	0.00	0.00	0.00	0.00	0.00	0.00	0.00	0.00	0.00	0.00	0.00	0.00	-555,267.13	0.00	0.00	0.00	0.00	0.00	0.00	0.00	0.00	0.00	0.00	0.00	0.00	0.00	0.00	0.00	0.00
	500	4A	0	001	 2026	000000000001577201	000000000000000000	000000000000000000	USD		S	  016	OVL	MM1601	OE1	0000321901	JV			00000000	MMEP3BRE1B				CB		OVL			0000000000	00000000	       555,267.13	0.00	0.00	0.00	0.00	0.00	0.00	0.00	0.00	0.00	0.00	0.00	0.00	0.00	0.00	0.00	0.00	   36,737,092.17	0.00	0.00	0.00	0.00	0.00	0.00	0.00	0.00	0.00	0.00	0.00	0.00	0.00	0.00	0.00	0.00	    555,267.13	0.00	0.00	0.00	0.00	0.00	0.00	0.00	0.00	0.00	0.00	0.00	0.00	0.00	0.00	0.00	0.00
	500	4A	0	001	 2026	000000000001577215	000000000000000000	000000000000000000	INR		H	  016	OVL	MM1601	OE1	0000190599	JV	MMEP3BRE1B		00000000	MMEP3BRE1B				CB		OVL			0000000000	00000000	-2,371,500.00	0.00	0.00	0.00	0.00	0.00	0.00	0.00	0.00	0.00	0.00	0.00	0.00	0.00	0.00	0.00	0.00	-2,371,500.00	0.00	0.00	0.00	0.00	0.00	0.00	0.00	0.00	0.00	0.00	0.00	0.00	0.00	0.00	0.00	0.00	-35,742.27	0.00	0.00	0.00	0.00	0.00	0.00	0.00	0.00	0.00	0.00	0.00	0.00	0.00	0.00	0.00	0.00
	500	4A	0	001	 2026	000000000001577215	000000000000000000	000000000000000000	INR		S	  016	OVL	MM1601	OE1	0000190599	JV	MMEP3BRE1B		00000000	MMEP3BRE1B				CB		OVL			0000000000	00000000	     3,162,000.00	0.00	0.00	0.00	0.00	0.00	0.00	0.00	0.00	0.00	0.00	0.00	0.00	0.00	0.00	0.00	0.00	    3,162,000.00	0.00	0.00	0.00	0.00	0.00	0.00	0.00	0.00	0.00	0.00	0.00	0.00	0.00	0.00	0.00	0.00	     47,656.36	0.00	0.00	0.00	0.00	0.00	0.00	0.00	0.00	0.00	0.00	0.00	0.00	0.00	0.00	0.00	0.00
	500	4A	0	001	 2026	000000000001577215	000000000000000000	000000000000000000	USD		H	  016	OVL	MM1601	OE1	0000190599	JV	MMEP3BRE1B		00000000	MMEP3BRE1B				CB		OVL			0000000000	00000000	-21,767.86	0.00	0.00	0.00	0.00	0.00	0.00	0.00	0.00	0.00	0.00	0.00	0.00	0.00	0.00	0.00	0.00	-1,581,000.00	0.00	0.00	0.00	0.00	0.00	0.00	0.00	0.00	0.00	0.00	0.00	0.00	0.00	0.00	0.00	0.00	-23,828.18	0.00	0.00	0.00	0.00	0.00	0.00	0.00	0.00	0.00	0.00	0.00	0.00	0.00	0.00	0.00	0.00
	500	4A	0	001	 2026	000000000001577215	000000000000000000	000000000000000000	USD		S	  016	OVL	MM1601	OE1	0000190599	JV	MMEP3BRE1B		00000000	MMEP3BRE1B				CB		OVL			0000000000	00000000	        10,883.93	0.00	0.00	0.00	0.00	0.00	0.00	0.00	0.00	0.00	0.00	0.00	0.00	0.00	0.00	0.00	0.00	      790,500.00	0.00	0.00	0.00	0.00	0.00	0.00	0.00	0.00	0.00	0.00	0.00	0.00	0.00	0.00	0.00	0.00	     11,914.09	0.00	0.00	0.00	0.00	0.00	0.00	0.00	0.00	0.00	0.00	0.00	0.00	0.00	0.00	0.00	0.00
	500	4A	0	001	 2026	000000000001577217	000000000000000000	000000000000000000	USD		H	  016	OVL	MM1601	OE1	0000201701	JV	MMEP3BRE1B		00000000	MMEP3BRE1B				CB		OVL			0000000000	00000000	-36,733.62	0.00	0.00	0.00	0.00	0.00	0.00	0.00	0.00	0.00	0.00	0.00	0.00	0.00	0.00	0.00	0.00	-2,491,639.50	0.00	0.00	0.00	0.00	0.00	0.00	0.00	0.00	0.00	0.00	0.00	0.00	0.00	0.00	0.00	0.00	-36,733.62	0.00	0.00	0.00	0.00	0.00	0.00	0.00	0.00	0.00	0.00	0.00	0.00	0.00	0.00	0.00	0.00
	500	4A	0	001	 2026	000000000001577217	000000000000000000	000000000000000000	USD		S	  016	OVL	MM1601	OE1	0000201701	JV	MMEP3BRE1B		00000000	MMEP3BRE1B				CB		OVL			0000000000	00000000	        69,385.68	0.00	0.00	0.00	0.00	0.00	0.00	0.00	0.00	0.00	0.00	0.00	0.00	0.00	0.00	0.00	0.00	    4,706,430.17	0.00	0.00	0.00	0.00	0.00	0.00	0.00	0.00	0.00	0.00	0.00	0.00	0.00	0.00	0.00	0.00	     69,385.68	0.00	0.00	0.00	0.00	0.00	0.00	0.00	0.00	0.00	0.00	0.00	0.00	0.00	0.00	0.00	0.00
	500	4A	0	001	 2026	000000000001577400	000000000000000000	000000000000000000	USD		S	  016	OVL	MM1601	OE1	0000201809	JV	MMEP3BRE1B		00000000	MMEP3BRE1B				BR		OVL			0000000000	00000000	     1,500,000.00	0.00	0.00	0.00	0.00	0.00	0.00	0.00	0.00	0.00	0.00	0.00	0.00	0.00	0.00	0.00	0.00	  101,895,000.00	0.00	0.00	0.00	0.00	0.00	0.00	0.00	0.00	0.00	0.00	0.00	0.00	0.00	0.00	0.00	0.00	  1,500,000.00	0.00	0.00	0.00	0.00	0.00	0.00	0.00	0.00	0.00	0.00	0.00	0.00	0.00	0.00	0.00	0.00
	500	4A	0	001	 2026	000000000001582247	000000000000000000	000000000000000000	USD		H	  016	OVL	MM1601	OE1	0000201807	JV	MMEP3BRE1B		00000000	MMEP3BRE1B				BR		OVL			0000000000	00000000	-15,128.26	0.00	0.00	0.00	0.00	0.00	0.00	0.00	0.00	0.00	0.00	0.00	0.00	0.00	0.00	0.00	0.00	-1,003,760.05	0.00	0.00	0.00	0.00	0.00	0.00	0.00	0.00	0.00	0.00	0.00	0.00	0.00	0.00	0.00	0.00	-15,128.26	0.00	0.00	0.00	0.00	0.00	0.00	0.00	0.00	0.00	0.00	0.00	0.00	0.00	0.00	0.00	0.00
	500	4A	0	001	 2026	000000000001582247	000000000000000000	000000000000000000	USD		S	  016	OVL	MM1601	OE1	0000201807	JV	MMEP3BRE1B		00000000	MMEP3BRE1B				BR		OVL			0000000000	00000000	        48,035.39	0.00	0.00	0.00	0.00	0.00	0.00	0.00	0.00	0.00	0.00	0.00	0.00	0.00	0.00	0.00	0.00	    3,160,479.82	0.00	0.00	0.00	0.00	0.00	0.00	0.00	0.00	0.00	0.00	0.00	0.00	0.00	0.00	0.00	0.00	     48,035.39	0.00	0.00	0.00	0.00	0.00	0.00	0.00	0.00	0.00	0.00	0.00	0.00	0.00	0.00	0.00	0.00
	500	4A	0	001	 2026	000000000001585247	000000000000000000	000000000000000000	MMK		S	  016	OVL	MM1601	OE1	0000010602	JV	MMEP3BRE1B		00000000	MMEP3BRE1B	000106008616	0000	100	BR		OVL			0000000000	00000000	        94,500.00	0.00	0.00	0.00	0.00	0.00	0.00	0.00	0.00	0.00	0.00	0.00	0.00	0.00	0.00	0.00	0.00	        5,212.62	0.00	0.00	0.00	0.00	0.00	0.00	0.00	0.00	0.00	0.00	0.00	0.00	0.00	0.00	0.00	0.00	         78.56	0.00	0.00	0.00	0.00	0.00	0.00	0.00	0.00	0.00	0.00	0.00	0.00	0.00	0.00	0.00	0.00
	500	4A	0	001	 2026	000000000001585248	000000000000000000	000000000000000000	MMK		S	  016	OVL	MM1601	OE1	0000010602	JV	MMEP3BRE1B		00000000	MMEP3BRE1B	000106008617	0000	100	BR		OVL			0000000000	00000000	        94,500.00	0.00	0.00	0.00	0.00	0.00	0.00	0.00	0.00	0.00	0.00	0.00	0.00	0.00	0.00	0.00	0.00	        5,212.62	0.00	0.00	0.00	0.00	0.00	0.00	0.00	0.00	0.00	0.00	0.00	0.00	0.00	0.00	0.00	0.00	         78.56	0.00	0.00	0.00	0.00	0.00	0.00	0.00	0.00	0.00	0.00	0.00	0.00	0.00	0.00	0.00	0.00
	500	4A	0	001	 2026	000000000001585249	000000000000000000	000000000000000000	MMK		S	  016	OVL	MM1601	OE1	0000010602	JV	MMEP3BRE1B		00000000	MMEP3BRE1B	000106008618	0000	100	BR		OVL			0000000000	00000000	        94,500.00	0.00	0.00	0.00	0.00	0.00	0.00	0.00	0.00	0.00	0.00	0.00	0.00	0.00	0.00	0.00	0.00	        5,212.62	0.00	0.00	0.00	0.00	0.00	0.00	0.00	0.00	0.00	0.00	0.00	0.00	0.00	0.00	0.00	0.00	         78.56	0.00	0.00	0.00	0.00	0.00	0.00	0.00	0.00	0.00	0.00	0.00	0.00	0.00	0.00	0.00	0.00
	500	4A	0	001	 2026	000000000001585267	000000000000000000	000000000000000000	MMK		S	  016	OVL	MM1601	OE1	0000010431	JV	MMEP3BRE1B		00000000	MMEP3BRE1B	000104007361	0000	100	BR		OVL			0000000000	00000000	       670,713.00	0.00	0.00	0.00	0.00	0.00	0.00	0.00	0.00	0.00	0.00	0.00	0.00	0.00	0.00	0.00	0.00	       38,002.60	0.00	0.00	0.00	0.00	0.00	0.00	0.00	0.00	0.00	0.00	0.00	0.00	0.00	0.00	0.00	0.00	        565.91	0.00	0.00	0.00	0.00	0.00	0.00	0.00	0.00	0.00	0.00	0.00	0.00	0.00	0.00	0.00	0.00
	500	4A	0	001	 2026	000000000001585268	000000000000000000	000000000000000000	MMK		S	  016	OVL	MM1601	OE1	0000010431	JV	MMEP3BRE1B		00000000	MMEP3BRE1B	000104007362	0000	100	BR		OVL			0000000000	00000000	       670,713.00	0.00	0.00	0.00	0.00	0.00	0.00	0.00	0.00	0.00	0.00	0.00	0.00	0.00	0.00	0.00	0.00	       38,002.60	0.00	0.00	0.00	0.00	0.00	0.00	0.00	0.00	0.00	0.00	0.00	0.00	0.00	0.00	0.00	0.00	        565.91	0.00	0.00	0.00	0.00	0.00	0.00	0.00	0.00	0.00	0.00	0.00	0.00	0.00	0.00	0.00	0.00
	500	4A	0	001	 2026	000000000001585269	000000000000000000	000000000000000000	MMK		S	  016	OVL	MM1601	OE1	0000010431	JV	MMEP3BRE1B		00000000	MMEP3BRE1B	000104007365	0000	100	BR		OVL			0000000000	00000000	       395,950.00	0.00	0.00	0.00	0.00	0.00	0.00	0.00	0.00	0.00	0.00	0.00	0.00	0.00	0.00	0.00	0.00	       22,434.53	0.00	0.00	0.00	0.00	0.00	0.00	0.00	0.00	0.00	0.00	0.00	0.00	0.00	0.00	0.00	0.00	        334.08	0.00	0.00	0.00	0.00	0.00	0.00	0.00	0.00	0.00	0.00	0.00	0.00	0.00	0.00	0.00	0.00
	500	4A	0	001	 2026	000000000001585270	000000000000000000	000000000000000000	MMK		S	  016	OVL	MM1601	OE1	0000010432	JV	MMEP3BRE1B		00000000	MMEP3BRE1B	000104007367	0000	100	BR		OVL			0000000000	00000000	       246,425.00	0.00	0.00	0.00	0.00	0.00	0.00	0.00	0.00	0.00	0.00	0.00	0.00	0.00	0.00	0.00	0.00	       13,962.44	0.00	0.00	0.00	0.00	0.00	0.00	0.00	0.00	0.00	0.00	0.00	0.00	0.00	0.00	0.00	0.00	        207.92	0.00	0.00	0.00	0.00	0.00	0.00	0.00	0.00	0.00	0.00	0.00	0.00	0.00	0.00	0.00	0.00
	500	4A	0	001	 2026	000000000001585288	000000000000000000	000000000000000000	MMK		S	  016	OVL	MM1601	OE1	0000201428	JV	MMEP3BRE1B		00000000	MMEP3BRE1B				BR		OVL			0000000000	00000000	       524,717.75	0.00	0.00	0.00	0.00	0.00	0.00	0.00	0.00	0.00	0.00	0.00	0.00	0.00	0.00	0.00	0.00	       27,423.66	0.00	0.00	0.00	0.00	0.00	0.00	0.00	0.00	0.00	0.00	0.00	0.00	0.00	0.00	0.00	0.00	        410.55	0.00	0.00	0.00	0.00	0.00	0.00	0.00	0.00	0.00	0.00	0.00	0.00	0.00	0.00	0.00	0.00
	500	4A	0	001	 2026	000000000001585289	000000000000000000	000000000000000000	MMK		S	  016	OVL	MM1601	OE1	0000201438	JV	MMEP3BRE1B		00000000	MMEP3BRE1B				BR		OVL			0000000000	00000000	     6,175,037.00	0.00	0.00	0.00	0.00	0.00	0.00	0.00	0.00	0.00	0.00	0.00	0.00	0.00	0.00	0.00	0.00	      309,743.32	0.00	0.00	0.00	0.00	0.00	0.00	0.00	0.00	0.00	0.00	0.00	0.00	0.00	0.00	0.00	0.00	      4,635.08	0.00	0.00	0.00	0.00	0.00	0.00	0.00	0.00	0.00	0.00	0.00	0.00	0.00	0.00	0.00	0.00
	500	4A	0	001	 2026	000000000001585310	000000000000000000	000000000000000000	MMK		S	  016	OVL	MM1601	OE1	0000200450	JV	MMEP3BRE1B		00000000	MMEP3BRE1B				BR		OVL			0000000000	00000000	       203,616.00	0.00	0.00	0.00	0.00	0.00	0.00	0.00	0.00	0.00	0.00	0.00	0.00	0.00	0.00	0.00	0.00	       10,216.88	0.00	0.00	0.00	0.00	0.00	0.00	0.00	0.00	0.00	0.00	0.00	0.00	0.00	0.00	0.00	0.00	        151.18	0.00	0.00	0.00	0.00	0.00	0.00	0.00	0.00	0.00	0.00	0.00	0.00	0.00	0.00	0.00	0.00
	500	4A	0	001	 2026	000000000001585311	000000000000000000	000000000000000000	MMK		S	  016	OVL	MM1601	OE1	0000201412	JV	MMEP3BRE1B		00000000	MMEP3BRE1B				BR		OVL			0000000000	00000000	     1,537,088.00	0.00	0.00	0.00	0.00	0.00	0.00	0.00	0.00	0.00	0.00	0.00	0.00	0.00	0.00	0.00	0.00	       87,091.41	0.00	0.00	0.00	0.00	0.00	0.00	0.00	0.00	0.00	0.00	0.00	0.00	0.00	0.00	0.00	0.00	      1,296.90	0.00	0.00	0.00	0.00	0.00	0.00	0.00	0.00	0.00	0.00	0.00	0.00	0.00	0.00	0.00	0.00
	500	4A	0	001	 2026	000000000001585519	000000000000000000	000000000000000000	MMK		H	  016	OVL	MM1601	OE1	0000201428	JV	MMEP3BRE1B		00000000	MMEP3BRE1B				CB		OVL			0000000000	00000000	-524,717.75	0.00	0.00	0.00	0.00	0.00	0.00	0.00	0.00	0.00	0.00	0.00	0.00	0.00	0.00	0.00	0.00	-27,423.66	0.00	0.00	0.00	0.00	0.00	0.00	0.00	0.00	0.00	0.00	0.00	0.00	0.00	0.00	0.00	0.00	-410.55	0.00	0.00	0.00	0.00	0.00	0.00	0.00	0.00	0.00	0.00	0.00	0.00	0.00	0.00	0.00	0.00
	500	4A	0	001	 2026	000000000001585520	000000000000000000	000000000000000000	MMK		H	  016	OVL	MM1601	OE1	0000201438	JV	MMEP3BRE1B		00000000	MMEP3BRE1B				CB		OVL			0000000000	00000000	-6,175,037.00	0.00	0.00	0.00	0.00	0.00	0.00	0.00	0.00	0.00	0.00	0.00	0.00	0.00	0.00	0.00	0.00	-309,743.32	0.00	0.00	0.00	0.00	0.00	0.00	0.00	0.00	0.00	0.00	0.00	0.00	0.00	0.00	0.00	0.00	-4,635.08	0.00	0.00	0.00	0.00	0.00	0.00	0.00	0.00	0.00	0.00	0.00	0.00	0.00	0.00	0.00	0.00
	500	4A	0	001	 2026	000000000001585521	000000000000000000	000000000000000000	MMK		H	  016	OVL	MM1601	OE1	0000320061	JV	MMEP3BRE1B		00000000	MMEP3BRE1B				CB		OVL			0000000000	00000000	-500,000.00	0.00	0.00	0.00	0.00	0.00	0.00	0.00	0.00	0.00	0.00	0.00	0.00	0.00	0.00	0.00	0.00	-26,497.50	0.00	0.00	0.00	0.00	0.00	0.00	0.00	0.00	0.00	0.00	0.00	0.00	0.00	0.00	0.00	0.00	-395.89	0.00	0.00	0.00	0.00	0.00	0.00	0.00	0.00	0.00	0.00	0.00	0.00	0.00	0.00	0.00	0.00
	500	4A	0	001	 2026	000000000001585527	000000000000000000	000000000000000000	USD		H	  016	OVL	MM1601	OE1	0000201807	JV	MMEP3BRE1B		00000000	MMEP3BRE1B				CB		OVL			0000000000	00000000	-32,907.13	0.00	0.00	0.00	0.00	0.00	0.00	0.00	0.00	0.00	0.00	0.00	0.00	0.00	0.00	0.00	0.00	-2,156,719.77	0.00	0.00	0.00	0.00	0.00	0.00	0.00	0.00	0.00	0.00	0.00	0.00	0.00	0.00	0.00	0.00	-32,907.13	0.00	0.00	0.00	0.00	0.00	0.00	0.00	0.00	0.00	0.00	0.00	0.00	0.00	0.00	0.00	0.00
	500	4A	0	001	 2026	000000000001585530	000000000000000000	000000000000000000	MMK		H	  016	OVL	MM1601	OE1	0000200450	JV	MMEP3BRE1B		00000000	MMEP3BRE1B				CB		OVL			0000000000	00000000	-203,616.00	0.00	0.00	0.00	0.00	0.00	0.00	0.00	0.00	0.00	0.00	0.00	0.00	0.00	0.00	0.00	0.00	-10,216.88	0.00	0.00	0.00	0.00	0.00	0.00	0.00	0.00	0.00	0.00	0.00	0.00	0.00	0.00	0.00	0.00	-151.18	0.00	0.00	0.00	0.00	0.00	0.00	0.00	0.00	0.00	0.00	0.00	0.00	0.00	0.00	0.00	0.00
	500	4A	0	001	 2026	000000000001585531	000000000000000000	000000000000000000	MMK		H	  016	OVL	MM1601	OE1	0000201412	JV	MMEP3BRE1B		00000000	MMEP3BRE1B				CB		OVL			0000000000	00000000	-1,537,088.00	0.00	0.00	0.00	0.00	0.00	0.00	0.00	0.00	0.00	0.00	0.00	0.00	0.00	0.00	0.00	0.00	-87,091.41	0.00	0.00	0.00	0.00	0.00	0.00	0.00	0.00	0.00	0.00	0.00	0.00	0.00	0.00	0.00	0.00	-1,296.90	0.00	0.00	0.00	0.00	0.00	0.00	0.00	0.00	0.00	0.00	0.00	0.00	0.00	0.00	0.00	0.00
	500	4A	0	001	 2026	000000000001585536	000000000000000000	000000000000000000	MMK		H	  016	OVL	MM1601	OE1	0000320041	JV	MMEP3BRE1B		00000000	MMEP3BRE1B				CB		OVL			0000000000	00000000	-1,983,801.00	0.00	0.00	0.00	0.00	0.00	0.00	0.00	0.00	0.00	0.00	0.00	0.00	0.00	0.00	0.00	0.00	-112,402.17	0.00	0.00	0.00	0.00	0.00	0.00	0.00	0.00	0.00	0.00	0.00	0.00	0.00	0.00	0.00	0.00	-1,673.82	0.00	0.00	0.00	0.00	0.00	0.00	0.00	0.00	0.00	0.00	0.00	0.00	0.00	0.00	0.00	0.00
	500	4A	0	001	 2026	000000000001586514	000000000000000000	000000000000000000	MMK		S	  016	OVL	MM1601	OE1	0000200702	JV	MMEP3BRE1B		00000000	MMEP3BRE1B				BR		OVL			0000000000	00000000	    10,248,098.00	0.00	0.00	0.00	0.00	0.00	0.00	0.00	0.00	0.00	0.00	0.00	0.00	0.00	0.00	0.00	0.00	      535,651.44	0.00	0.00	0.00	0.00	0.00	0.00	0.00	0.00	0.00	0.00	0.00	0.00	0.00	0.00	0.00	0.00	      8,067.26	0.00	0.00	0.00	0.00	0.00	0.00	0.00	0.00	0.00	0.00	0.00	0.00	0.00	0.00	0.00	0.00
	500	4A	0	001	 2026	000000000001586605	000000000000000000	000000000000000000	MMK		S	  016	OVL	MM1601	OE1	0000200904	JV	MMEP3BRE1B		00000000	MMEP3BRE1B				BR		OVL			0000000000	00000000	       290,000.00	0.00	0.00	0.00	0.00	0.00	0.00	0.00	0.00	0.00	0.00	0.00	0.00	0.00	0.00	0.00	0.00	       15,064.05	0.00	0.00	0.00	0.00	0.00	0.00	0.00	0.00	0.00	0.00	0.00	0.00	0.00	0.00	0.00	0.00	        229.10	0.00	0.00	0.00	0.00	0.00	0.00	0.00	0.00	0.00	0.00	0.00	0.00	0.00	0.00	0.00	0.00
	500	4A	0	001	 2026	000000000001586702	000000000000000000	000000000000000000	MMK		H	  016	OVL	MM1601	OE1	0000190398	JV			00000000	MMEP3BRE1B				BR		OVL			0000000000	00000000	-14,996,250.00	0.00	0.00	0.00	0.00	0.00	0.00	0.00	0.00	0.00	0.00	0.00	0.00	0.00	0.00	0.00	0.00	-831,542.07	0.00	0.00	0.00	0.00	0.00	0.00	0.00	0.00	0.00	0.00	0.00	0.00	0.00	0.00	0.00	0.00	-12,296.93	0.00	0.00	0.00	0.00	0.00	0.00	0.00	0.00	0.00	0.00	0.00	0.00	0.00	0.00	0.00	0.00
	500	4A	0	001	 2026	000000000001586702	000000000000000000	000000000000000000	MMK		S	  016	OVL	MM1601	OE1	0000190398	JV			00000000	MMEP3BRE1B				BR		OVL			0000000000	00000000	    14,996,250.00	0.00	0.00	0.00	0.00	0.00	0.00	0.00	0.00	0.00	0.00	0.00	0.00	0.00	0.00	0.00	0.00	      831,542.07	0.00	0.00	0.00	0.00	0.00	0.00	0.00	0.00	0.00	0.00	0.00	0.00	0.00	0.00	0.00	0.00	     12,296.93	0.00	0.00	0.00	0.00	0.00	0.00	0.00	0.00	0.00	0.00	0.00	0.00	0.00	0.00	0.00	0.00
	500	4A	0	001	 2026	000000000001586702	000000000000000000	000000000000000000	USD		H	  016	OVL	MM1601	OE1	0000190398	JV			00000000	MMEP3BRE1B				BR		OVL			0000000000	00000000	-10,699.13	0.00	0.00	0.00	0.00	0.00	0.00	0.00	0.00	0.00	0.00	0.00	0.00	0.00	0.00	0.00	0.00	-831,542.07	0.00	0.00	0.00	0.00	0.00	0.00	0.00	0.00	0.00	0.00	0.00	0.00	0.00	0.00	0.00	0.00	-12,296.93	0.00	0.00	0.00	0.00	0.00	0.00	0.00	0.00	0.00	0.00	0.00	0.00	0.00	0.00	0.00	0.00
	500	4A	0	001	 2026	000000000001586702	000000000000000000	000000000000000000	USD		S	  016	OVL	MM1601	OE1	0000190398	JV			00000000	MMEP3BRE1B				BR		OVL			0000000000	00000000	        10,699.13	0.00	0.00	0.00	0.00	0.00	0.00	0.00	0.00	0.00	0.00	0.00	0.00	0.00	0.00	0.00	0.00	      831,542.07	0.00	0.00	0.00	0.00	0.00	0.00	0.00	0.00	0.00	0.00	0.00	0.00	0.00	0.00	0.00	0.00	     12,296.93	0.00	0.00	0.00	0.00	0.00	0.00	0.00	0.00	0.00	0.00	0.00	0.00	0.00	0.00	0.00	0.00
	500	4A	0	001	 2026	000000000001586704	000000000000000000	000000000000000000	MMK		H	  016	OVL	MM1601	OE1	0000200904	JV	MMEP3BRE1B		00000000	MMEP3BRE1B				CB		OVL			0000000000	00000000	-290,000.00	0.00	0.00	0.00	0.00	0.00	0.00	0.00	0.00	0.00	0.00	0.00	0.00	0.00	0.00	0.00	0.00	-15,064.05	0.00	0.00	0.00	0.00	0.00	0.00	0.00	0.00	0.00	0.00	0.00	0.00	0.00	0.00	0.00	0.00	-229.10	0.00	0.00	0.00	0.00	0.00	0.00	0.00	0.00	0.00	0.00	0.00	0.00	0.00	0.00	0.00	0.00
	500	4A	0	001	 2026	000000000001586759	000000000000000000	000000000000000000	MMK		H	  016	OVL	MM1601	OE1	0000200702	JV	MMEP3BRE1B		00000000	MMEP3BRE1B				CB		OVL			0000000000	00000000	-10,248,098.00	0.00	0.00	0.00	0.00	0.00	0.00	0.00	0.00	0.00	0.00	0.00	0.00	0.00	0.00	0.00	0.00	-535,651.44	0.00	0.00	0.00	0.00	0.00	0.00	0.00	0.00	0.00	0.00	0.00	0.00	0.00	0.00	0.00	0.00	-8,067.26	0.00	0.00	0.00	0.00	0.00	0.00	0.00	0.00	0.00	0.00	0.00	0.00	0.00	0.00	0.00	0.00
	500	4A	0	001	 2026	000000000001586760	000000000000000000	000000000000000000	MMK		H	  016	OVL	MM1601	OE1	0000321922	JV			00000000	MMEP3BRE1B				CB		OVL			0000000000	00000000	-14,996,250.00	0.00	0.00	0.00	0.00	0.00	0.00	0.00	0.00	0.00	0.00	0.00	0.00	0.00	0.00	0.00	0.00	-831,542.07	0.00	0.00	0.00	0.00	0.00	0.00	0.00	0.00	0.00	0.00	0.00	0.00	0.00	0.00	0.00	0.00	-12,296.93	0.00	0.00	0.00	0.00	0.00	0.00	0.00	0.00	0.00	0.00	0.00	0.00	0.00	0.00	0.00	0.00
	500	4A	0	001	 2026	000000000001586760	000000000000000000	000000000000000000	MMK		S	  016	OVL	MM1601	OE1	0000321922	JV			00000000	MMEP3BRE1B				CB		OVL			0000000000	00000000	    14,996,250.00	0.00	0.00	0.00	0.00	0.00	0.00	0.00	0.00	0.00	0.00	0.00	0.00	0.00	0.00	0.00	0.00	      831,542.07	0.00	0.00	0.00	0.00	0.00	0.00	0.00	0.00	0.00	0.00	0.00	0.00	0.00	0.00	0.00	0.00	     12,296.93	0.00	0.00	0.00	0.00	0.00	0.00	0.00	0.00	0.00	0.00	0.00	0.00	0.00	0.00	0.00	0.00
	500	4A	0	001	 2026	000000000001592621	000000000000000000	000000000000000000	MMK		S	  016	OVL	MM1601	OE1	0000200906	JV	MMEP3BRE1B		00000000	MMEP3BRE1B				BR		OVL			0000000000	00000000	       459,935.00	0.00	0.00	0.00	0.00	0.00	0.00	0.00	0.00	0.00	0.00	0.00	0.00	0.00	0.00	0.00	0.00	       22,810.19	0.00	0.00	0.00	0.00	0.00	0.00	0.00	0.00	0.00	0.00	0.00	0.00	0.00	0.00	0.00	0.00	        339.02	0.00	0.00	0.00	0.00	0.00	0.00	0.00	0.00	0.00	0.00	0.00	0.00	0.00	0.00	0.00	0.00
	500	4A	0	001	 2026	000000000001593159	000000000000000000	000000000000000000	MMK		H	  016	OVL	MM1601	OE1	0000200906	JV	MMEP3BRE1B		00000000	MMEP3BRE1B				CB		OVL			0000000000	00000000	-459,935.00	0.00	0.00	0.00	0.00	0.00	0.00	0.00	0.00	0.00	0.00	0.00	0.00	0.00	0.00	0.00	0.00	-22,810.19	0.00	0.00	0.00	0.00	0.00	0.00	0.00	0.00	0.00	0.00	0.00	0.00	0.00	0.00	0.00	0.00	-339.02	0.00	0.00	0.00	0.00	0.00	0.00	0.00	0.00	0.00	0.00	0.00	0.00	0.00	0.00	0.00	0.00
	500	4A	0	001	 2026	000000000001593167	000000000000000000	000000000000000000	INR		H	  016	OVL	MM1601	OE1	0000030602	JV			00000000	MMEP3BRE1B	*	*	501	BR		OVL			0000000000	00000000	-15,325.86	0.00	0.00	0.00	0.00	0.00	0.00	0.00	0.00	0.00	0.00	0.00	0.00	0.00	0.00	0.00	0.00	-15,325.86	0.00	0.00	0.00	0.00	0.00	0.00	0.00	0.00	0.00	0.00	0.00	0.00	0.00	0.00	0.00	0.00	-230.97	0.00	0.00	0.00	0.00	0.00	0.00	0.00	0.00	0.00	0.00	0.00	0.00	0.00	0.00	0.00	0.00
	500	4A	0	001	 2026	000000000001593168	000000000000000000	000000000000000000	INR		S	  016	OVL	MM1601	OE1	0000220602	JV	MMEP3BRE1B		00000000	MMEP3BRE1B				BR		OVL			0000000000	00000000	        15,325.86	0.00	0.00	0.00	0.00	0.00	0.00	0.00	0.00	0.00	0.00	0.00	0.00	0.00	0.00	0.00	0.00	       15,325.86	0.00	0.00	0.00	0.00	0.00	0.00	0.00	0.00	0.00	0.00	0.00	0.00	0.00	0.00	0.00	0.00	        230.97	0.00	0.00	0.00	0.00	0.00	0.00	0.00	0.00	0.00	0.00	0.00	0.00	0.00	0.00	0.00	0.00
	500	4A	0	001	 2026	000000000001593307	000000000000000000	000000000000000000	EUR		H	  016	OVL	MM1601	OE1	0000101199	JV			00000000	MMEP3BRE1B				BR		OVL			0000000000	00000000	-3,294.34	0.00	0.00	0.00	0.00	0.00	0.00	0.00	0.00	0.00	0.00	0.00	0.00	0.00	0.00	0.00	0.00	-236,895.99	0.00	0.00	0.00	0.00	0.00	0.00	0.00	0.00	0.00	0.00	0.00	0.00	0.00	0.00	0.00	0.00	-3,525.60	0.00	0.00	0.00	0.00	0.00	0.00	0.00	0.00	0.00	0.00	0.00	0.00	0.00	0.00	0.00	0.00
	500	4A	0	001	 2026	000000000001593307	000000000000000000	000000000000000000	EUR		S	  016	OVL	MM1601	OE1	0000101199	JV			00000000	MMEP3BRE1B				BR		OVL			0000000000	00000000	         3,294.34	0.00	0.00	0.00	0.00	0.00	0.00	0.00	0.00	0.00	0.00	0.00	0.00	0.00	0.00	0.00	0.00	      236,895.99	0.00	0.00	0.00	0.00	0.00	0.00	0.00	0.00	0.00	0.00	0.00	0.00	0.00	0.00	0.00	0.00	      3,525.60	0.00	0.00	0.00	0.00	0.00	0.00	0.00	0.00	0.00	0.00	0.00	0.00	0.00	0.00	0.00	0.00
	500	4A	0	001	 2026	000000000001593307	000000000000000000	000000000000000000	MMK		S	  016	OVL	MM1601	OE1	0000101199	JV			00000000	MMEP3BRE1B				BR		OVL			0000000000	00000000	    14,996,250.00	0.00	0.00	0.00	0.00	0.00	0.00	0.00	0.00	0.00	0.00	0.00	0.00	0.00	0.00	0.00	0.00	      831,542.07	0.00	0.00	0.00	0.00	0.00	0.00	0.00	0.00	0.00	0.00	0.00	0.00	0.00	0.00	0.00	0.00	     12,296.93	0.00	0.00	0.00	0.00	0.00	0.00	0.00	0.00	0.00	0.00	0.00	0.00	0.00	0.00	0.00	0.00
	500	4A	0	001	 2026	000000000001593308	000000000000000000	000000000000000000	INR		H	  016	OVL	MM1601	OE1	0000220602	JV	MMEP3BRE1B		00000000	MMEP3BRE1B				CB		OVL			0000000000	00000000	-15,325.86	0.00	0.00	0.00	0.00	0.00	0.00	0.00	0.00	0.00	0.00	0.00	0.00	0.00	0.00	0.00	0.00	-15,325.86	0.00	0.00	0.00	0.00	0.00	0.00	0.00	0.00	0.00	0.00	0.00	0.00	0.00	0.00	0.00	0.00	-230.97	0.00	0.00	0.00	0.00	0.00	0.00	0.00	0.00	0.00	0.00	0.00	0.00	0.00	0.00	0.00	0.00
	500	4A	0	001	 2026	000000000001593309	000000000000000000	000000000000000000	INR		H	  016	OVL	MM1601	OE1	0000321011	JV			00000000	MMEP3BRE1B				CB		OVL			0000000000	00000000	-236,895.99	0.00	0.00	0.00	0.00	0.00	0.00	0.00	0.00	0.00	0.00	0.00	0.00	0.00	0.00	0.00	0.00	-236,895.99	0.00	0.00	0.00	0.00	0.00	0.00	0.00	0.00	0.00	0.00	0.00	0.00	0.00	0.00	0.00	0.00	-3,525.60	0.00	0.00	0.00	0.00	0.00	0.00	0.00	0.00	0.00	0.00	0.00	0.00	0.00	0.00	0.00	0.00
	500	4A	0	001	 2026	000000000001593309	000000000000000000	000000000000000000	INR		S	  016	OVL	MM1601	OE1	0000321011	JV			00000000	MMEP3BRE1B				CB		OVL			0000000000	00000000	       236,895.99	0.00	0.00	0.00	0.00	0.00	0.00	0.00	0.00	0.00	0.00	0.00	0.00	0.00	0.00	0.00	0.00	      236,895.99	0.00	0.00	0.00	0.00	0.00	0.00	0.00	0.00	0.00	0.00	0.00	0.00	0.00	0.00	0.00	0.00	      3,525.60	0.00	0.00	0.00	0.00	0.00	0.00	0.00	0.00	0.00	0.00	0.00	0.00	0.00	0.00	0.00	0.00
	500	4A	0	001	 2026	000000000001593309	000000000000000000	000000000000000000	MMK		H	  016	OVL	MM1601	OE1	0000321011	JV			00000000	MMEP3BRE1B				CB		OVL			0000000000	00000000	-14,996,250.00	0.00	0.00	0.00	0.00	0.00	0.00	0.00	0.00	0.00	0.00	0.00	0.00	0.00	0.00	0.00	0.00	-831,542.07	0.00	0.00	0.00	0.00	0.00	0.00	0.00	0.00	0.00	0.00	0.00	0.00	0.00	0.00	0.00	0.00	-12,296.93	0.00	0.00	0.00	0.00	0.00	0.00	0.00	0.00	0.00	0.00	0.00	0.00	0.00	0.00	0.00	0.00
	500	4A	0	001	 2026	000000000001596860	000000000000000000	000000000000000000	MMK		S	  016	OVL	MM1601	OE1	0000010602	JV	MMEP3BRE1B		00000000	MMEP3BRE1B	000106013777	0000	100	BR		OVL			0000000000	00000000	       216,500.00	0.00	0.00	0.00	0.00	0.00	0.00	0.00	0.00	0.00	0.00	0.00	0.00	0.00	0.00	0.00	0.00	       10,859.64	0.00	0.00	0.00	0.00	0.00	0.00	0.00	0.00	0.00	0.00	0.00	0.00	0.00	0.00	0.00	0.00	        160.21	0.00	0.00	0.00	0.00	0.00	0.00	0.00	0.00	0.00	0.00	0.00	0.00	0.00	0.00	0.00	0.00
	500	4A	0	001	 2026	000000000001597289	000000000000000000	000000000000000000	INR		H	  016	OVL	MM1601	OE1	0000109905	JV			00000000	MMEP3BRE1B				CB		OVL			0000000000	00000000	             0.00	0.00	0.00	0.00	0.00	0.00	0.00	0.00	0.00	0.00	0.00	0.00	0.00	0.00	0.00	0.00	0.00	            0.00	0.00	0.00	0.00	0.00	0.00	0.00	0.00	0.00	0.00	0.00	0.00	0.00	0.00	0.00	0.00	0.00	-977.87	0.00	0.00	0.00	0.00	0.00	0.00	0.00	0.00	0.00	0.00	0.00	0.00	0.00	0.00	0.00	0.00
	500	4A	0	001	 2026	000000000001597289	000000000000000000	000000000000000000	INR		S	  016	OVL	MM1601	OE1	0000109905	JV			00000000	MMEP3BRE1B				CB		OVL			0000000000	00000000	         6,728.78	0.00	0.00	0.00	0.00	0.00	0.00	0.00	0.00	0.00	0.00	0.00	0.00	0.00	0.00	0.00	0.00	        6,728.78	0.00	0.00	0.00	0.00	0.00	0.00	0.00	0.00	0.00	0.00	0.00	0.00	0.00	0.00	0.00	0.00	          5.88	0.00	0.00	0.00	0.00	0.00	0.00	0.00	0.00	0.00	0.00	0.00	0.00	0.00	0.00	0.00	0.00
	500	4A	0	001	 2026	000000000001597289	000000000000000000	000000000000000000	USD		H	  016	OVL	MM1601	OE1	0000109905	JV			00000000	MMEP3BRE1B				CB		OVL			0000000000	00000000	             0.00	0.00	0.00	0.00	0.00	0.00	0.00	0.00	0.00	0.00	0.00	0.00	0.00	0.00	0.00	0.00	0.00	-1.02	0.00	0.00	0.00	0.00	0.00	0.00	0.00	0.00	0.00	0.00	0.00	0.00	0.00	0.00	0.00	0.00	          0.00	0.00	0.00	0.00	0.00	0.00	0.00	0.00	0.00	0.00	0.00	0.00	0.00	0.00	0.00	0.00	0.00
	500	4A	0	001	 2026	000000000001597289	000000000000000000	000000000000000000	USD		S	  016	OVL	MM1601	OE1	0000109905	JV			00000000	MMEP3BRE1B				CB		OVL			0000000000	00000000	             0.00	0.00	0.00	0.00	0.00	0.00	0.00	0.00	0.00	0.00	0.00	0.00	0.00	0.00	0.00	0.00	0.00	       27,173.11	0.00	0.00	0.00	0.00	0.00	0.00	0.00	0.00	0.00	0.00	0.00	0.00	0.00	0.00	0.00	0.00	          0.00	0.00	0.00	0.00	0.00	0.00	0.00	0.00	0.00	0.00	0.00	0.00	0.00	0.00	0.00	0.00	0.00
	500	4A	0	001	 2026	000000000001600165	000000000000000000	000000000000000000	MMK		S	  016	OVL	MM1601	OE1	0000201450	JV	MMEP3BRE1B		00000000	MMEP3BRE1B				BR		OVL			0000000000	00000000	        40,525.00	0.00	0.00	0.00	0.00	0.00	0.00	0.00	0.00	0.00	0.00	0.00	0.00	0.00	0.00	0.00	0.00	        1,923.72	0.00	0.00	0.00	0.00	0.00	0.00	0.00	0.00	0.00	0.00	0.00	0.00	0.00	0.00	0.00	0.00	         29.58	0.00	0.00	0.00	0.00	0.00	0.00	0.00	0.00	0.00	0.00	0.00	0.00	0.00	0.00	0.00	0.00
	500	4A	0	001	 2026	000000000001600342	000000000000000000	000000000000000000	MMK		H	  016	OVL	MM1601	OE1	0000201450	JV	MMEP3BRE1B		00000000	MMEP3BRE1B				CB		OVL			0000000000	00000000	-40,525.00	0.00	0.00	0.00	0.00	0.00	0.00	0.00	0.00	0.00	0.00	0.00	0.00	0.00	0.00	0.00	0.00	-1,923.72	0.00	0.00	0.00	0.00	0.00	0.00	0.00	0.00	0.00	0.00	0.00	0.00	0.00	0.00	0.00	0.00	-29.58	0.00	0.00	0.00	0.00	0.00	0.00	0.00	0.00	0.00	0.00	0.00	0.00	0.00	0.00	0.00	0.00
	500	4A	0	001	 2026	000000000001601339	000000000000000000	000000000000000000	EUR		H	  016	OVL	MM1601	OE2	0000120170				00000000					CP					0000000000	00000000	-491,674.85	0.00	0.00	0.00	0.00	0.00	0.00	0.00	0.00	0.00	0.00	0.00	0.00	0.00	0.00	0.00	0.00	-37,760,402.40	0.00	0.00	0.00	0.00	0.00	0.00	0.00	0.00	0.00	0.00	0.00	0.00	0.00	0.00	0.00	0.00	-595,287.10	0.00	0.00	0.00	0.00	0.00	0.00	0.00	0.00	0.00	0.00	0.00	0.00	0.00	0.00	0.00	0.00
	500	4A	0	001	 2026	000000000001601339	000000000000000000	000000000000000000	EUR		S	  016	OVL	MM1601	OE2	0000120170				00000000					CP					0000000000	00000000	       301,437.74	0.00	0.00	0.00	0.00	0.00	0.00	0.00	0.00	0.00	0.00	0.00	0.00	0.00	0.00	0.00	0.00	   22,928,738.33	0.00	0.00	0.00	0.00	0.00	0.00	0.00	0.00	0.00	0.00	0.00	0.00	0.00	0.00	0.00	0.00	    356,485.19	0.00	0.00	0.00	0.00	0.00	0.00	0.00	0.00	0.00	0.00	0.00	0.00	0.00	0.00	0.00	0.00
	500	4A	0	001	 2026	000000000001601339	000000000000000000	000000000000000000	INR		H	  016	OVL	MM1601	OE2	0000120170				00000000					CP					0000000000	00000000	-3,951,983.60	0.00	0.00	0.00	0.00	0.00	0.00	0.00	0.00	0.00	0.00	0.00	0.00	0.00	0.00	0.00	0.00	-3,951,983.60	0.00	0.00	0.00	0.00	0.00	0.00	0.00	0.00	0.00	0.00	0.00	0.00	0.00	0.00	0.00	0.00	-55,113.09	0.00	0.00	0.00	0.00	0.00	0.00	0.00	0.00	0.00	0.00	0.00	0.00	0.00	0.00	0.00	0.00
	500	4A	0	001	 2026	000000000001601339	000000000000000000	000000000000000000	INR		S	  016	OVL	MM1601	OE2	0000120170				00000000					CP					0000000000	00000000	     3,097,718.68	0.00	0.00	0.00	0.00	0.00	0.00	0.00	0.00	0.00	0.00	0.00	0.00	0.00	0.00	0.00	0.00	    3,097,718.68	0.00	0.00	0.00	0.00	0.00	0.00	0.00	0.00	0.00	0.00	0.00	0.00	0.00	0.00	0.00	0.00	     45,024.97	0.00	0.00	0.00	0.00	0.00	0.00	0.00	0.00	0.00	0.00	0.00	0.00	0.00	0.00	0.00	0.00
	500	4A	0	001	 2026	000000000001601339	000000000000000000	000000000000000000	MMK		H	  016	OVL	MM1601	OE2	0000120170				00000000					CP					0000000000	00000000	-1,595,092,583.92	0.00	0.00	0.00	0.00	0.00	0.00	0.00	0.00	0.00	0.00	0.00	0.00	0.00	0.00	0.00	0.00	-69,924,997.99	0.00	0.00	0.00	0.00	0.00	0.00	0.00	0.00	0.00	0.00	0.00	0.00	0.00	0.00	0.00	0.00	-933,313.31	0.00	0.00	0.00	0.00	0.00	0.00	0.00	0.00	0.00	0.00	0.00	0.00	0.00	0.00	0.00	0.00
	500	4A	0	001	 2026	000000000001601339	000000000000000000	000000000000000000	MMK		S	  016	OVL	MM1601	OE2	0000120170				00000000					CP					0000000000	00000000	 1,046,030,331.50	0.00	0.00	0.00	0.00	0.00	0.00	0.00	0.00	0.00	0.00	0.00	0.00	0.00	0.00	0.00	0.00	   44,772,799.13	0.00	0.00	0.00	0.00	0.00	0.00	0.00	0.00	0.00	0.00	0.00	0.00	0.00	0.00	0.00	0.00	    562,725.00	0.00	0.00	0.00	0.00	0.00	0.00	0.00	0.00	0.00	0.00	0.00	0.00	0.00	0.00	0.00	0.00
	500	4A	0	001	 2026	000000000001601339	000000000000000000	000000000000000000	USD		H	  016	OVL	MM1601	OE2	0000120170				00000000					CP					0000000000	00000000	-2,956,689.99	0.00	0.00	0.00	0.00	0.00	0.00	0.00	0.00	0.00	0.00	0.00	0.00	0.00	0.00	0.00	0.00	-216,905,254.56	0.00	0.00	0.00	0.00	0.00	0.00	0.00	0.00	0.00	0.00	0.00	0.00	0.00	0.00	0.00	0.00	-2,956,689.99	0.00	0.00	0.00	0.00	0.00	0.00	0.00	0.00	0.00	0.00	0.00	0.00	0.00	0.00	0.00	0.00
	500	4A	0	001	 2026	000000000001601339	000000000000000000	000000000000000000	USD		S	  016	OVL	MM1601	OE2	0000120170				00000000					CP					0000000000	00000000	     5,522,034.70	0.00	0.00	0.00	0.00	0.00	0.00	0.00	0.00	0.00	0.00	0.00	0.00	0.00	0.00	0.00	0.00	  408,878,016.06	0.00	0.00	0.00	0.00	0.00	0.00	0.00	0.00	0.00	0.00	0.00	0.00	0.00	0.00	0.00	0.00	  5,523,064.86	0.00	0.00	0.00	0.00	0.00	0.00	0.00	0.00	0.00	0.00	0.00	0.00	0.00	0.00	0.00	0.00
	500	4A	0	001	 2026	000000000001601340	000000000000000000	000000000000000000	MMK		H	  016	OVL	MM1601	OE2	0000200355	JV	MMEP3BRE1B		00000000	MMEP3BRE1B				BR		OVL			0000000000	00000000	-140,481,551.82	0.00	0.00	0.00	0.00	0.00	0.00	0.00	0.00	0.00	0.00	0.00	0.00	0.00	0.00	0.00	0.00	-5,848,372.79	0.00	0.00	0.00	0.00	0.00	0.00	0.00	0.00	0.00	0.00	0.00	0.00	0.00	0.00	0.00	0.00	-72,328.04	0.00	0.00	0.00	0.00	0.00	0.00	0.00	0.00	0.00	0.00	0.00	0.00	0.00	0.00	0.00	0.00
	500	4A	0	001	 2026	000000000001601340	000000000000000000	000000000000000000	MMK		S	  016	OVL	MM1601	OE2	0000200355	JV	MMEP3BRE1B		00000000	MMEP3BRE1B				BR		OVL			0000000000	00000000	   708,559,984.60	0.00	0.00	0.00	0.00	0.00	0.00	0.00	0.00	0.00	0.00	0.00	0.00	0.00	0.00	0.00	0.00	   30,823,539.51	0.00	0.00	0.00	0.00	0.00	0.00	0.00	0.00	0.00	0.00	0.00	0.00	0.00	0.00	0.00	0.00	    397,078.62	0.00	0.00	0.00	0.00	0.00	0.00	0.00	0.00	0.00	0.00	0.00	0.00	0.00	0.00	0.00	0.00
	500	4A	0	001	 2026	000000000001601340	000000000000000000	000000000000000000	USD		H	  016	OVL	MM1601	OE2	0000200355	JV	MMEP3BRE1B		00000000	MMEP3BRE1B				BR		OVL			0000000000	00000000	-11,102.35	0.00	0.00	0.00	0.00	0.00	0.00	0.00	0.00	0.00	0.00	0.00	0.00	0.00	0.00	0.00	0.00	-955,007.79	0.00	0.00	0.00	0.00	0.00	0.00	0.00	0.00	0.00	0.00	0.00	0.00	0.00	0.00	0.00	0.00	-11,102.35	0.00	0.00	0.00	0.00	0.00	0.00	0.00	0.00	0.00	0.00	0.00	0.00	0.00	0.00	0.00	0.00
	500	4A	0	001	 2026	000000000001601340	000000000000000000	000000000000000000	USD		S	  016	OVL	MM1601	OE2	0000200355	JV	MMEP3BRE1B		00000000	MMEP3BRE1B				BR		OVL			0000000000	00000000	        42,887.73	0.00	0.00	0.00	0.00	0.00	0.00	0.00	0.00	0.00	0.00	0.00	0.00	0.00	0.00	0.00	0.00	    3,705,607.19	0.00	0.00	0.00	0.00	0.00	0.00	0.00	0.00	0.00	0.00	0.00	0.00	0.00	0.00	0.00	0.00	     42,887.73	0.00	0.00	0.00	0.00	0.00	0.00	0.00	0.00	0.00	0.00	0.00	0.00	0.00	0.00	0.00	0.00
	500	4A	0	001	 2026	000000000001601341	000000000000000000	000000000000000000	MMK		H	  016	OVL	MM1601	OE2	0000200449	JV	MMEP3BRE1B		00000000	MMEP3BRE1B				BR		OVL			0000000000	00000000	-23,713,933.50	0.00	0.00	0.00	0.00	0.00	0.00	0.00	0.00	0.00	0.00	0.00	0.00	0.00	0.00	0.00	0.00	-1,112,019.72	0.00	0.00	0.00	0.00	0.00	0.00	0.00	0.00	0.00	0.00	0.00	0.00	0.00	0.00	0.00	0.00	-16,127.76	0.00	0.00	0.00	0.00	0.00	0.00	0.00	0.00	0.00	0.00	0.00	0.00	0.00	0.00	0.00	0.00
	500	4A	0	001	 2026	000000000001601341	000000000000000000	000000000000000000	MMK		S	  016	OVL	MM1601	OE2	0000200449	JV	MMEP3BRE1B		00000000	MMEP3BRE1B				BR		OVL			0000000000	00000000	   273,149,954.00	0.00	0.00	0.00	0.00	0.00	0.00	0.00	0.00	0.00	0.00	0.00	0.00	0.00	0.00	0.00	0.00	   12,726,810.03	0.00	0.00	0.00	0.00	0.00	0.00	0.00	0.00	0.00	0.00	0.00	0.00	0.00	0.00	0.00	0.00	    186,154.63	0.00	0.00	0.00	0.00	0.00	0.00	0.00	0.00	0.00	0.00	0.00	0.00	0.00	0.00	0.00	0.00
	500	4A	0	001	 2026	000000000001601341	000000000000000000	000000000000000000	USD		H	  016	OVL	MM1601	OE2	0000200449	JV	MMEP3BRE1B		00000000	MMEP3BRE1B				BR		OVL			0000000000	00000000	-1,230.00	0.00	0.00	0.00	0.00	0.00	0.00	0.00	0.00	0.00	0.00	0.00	0.00	0.00	0.00	0.00	0.00	-96,010.04	0.00	0.00	0.00	0.00	0.00	0.00	0.00	0.00	0.00	0.00	0.00	0.00	0.00	0.00	0.00	0.00	-1,230.00	0.00	0.00	0.00	0.00	0.00	0.00	0.00	0.00	0.00	0.00	0.00	0.00	0.00	0.00	0.00	0.00
	500	4A	0	001	 2026	000000000001601341	000000000000000000	000000000000000000	USD		S	  016	OVL	MM1601	OE2	0000200449	JV	MMEP3BRE1B		00000000	MMEP3BRE1B				BR		OVL			0000000000	00000000	        37,208.26	0.00	0.00	0.00	0.00	0.00	0.00	0.00	0.00	0.00	0.00	0.00	0.00	0.00	0.00	0.00	0.00	    2,592,877.11	0.00	0.00	0.00	0.00	0.00	0.00	0.00	0.00	0.00	0.00	0.00	0.00	0.00	0.00	0.00	0.00	     37,208.26	0.00	0.00	0.00	0.00	0.00	0.00	0.00	0.00	0.00	0.00	0.00	0.00	0.00	0.00	0.00	0.00
	500	4A	0	001	 2026	000000000001601342	000000000000000000	000000000000000000	MMK		H	  016	OVL	MM1601	OE2	0000200820	JV	MMEP3BRE1B		00000000	MMEP3BRE1B				BR		OVL			0000000000	00000000	-58,893,476.19	0.00	0.00	0.00	0.00	0.00	0.00	0.00	0.00	0.00	0.00	0.00	0.00	0.00	0.00	0.00	0.00	-2,439,851.86	0.00	0.00	0.00	0.00	0.00	0.00	0.00	0.00	0.00	0.00	0.00	0.00	0.00	0.00	0.00	0.00	-29,710.55	0.00	0.00	0.00	0.00	0.00	0.00	0.00	0.00	0.00	0.00	0.00	0.00	0.00	0.00	0.00	0.00
	500	4A	0	001	 2026	000000000001601342	000000000000000000	000000000000000000	MMK		S	  016	OVL	MM1601	OE2	0000200820	JV	MMEP3BRE1B		00000000	MMEP3BRE1B				BR		OVL			0000000000	00000000	   256,032,722.75	0.00	0.00	0.00	0.00	0.00	0.00	0.00	0.00	0.00	0.00	0.00	0.00	0.00	0.00	0.00	0.00	   10,949,632.61	0.00	0.00	0.00	0.00	0.00	0.00	0.00	0.00	0.00	0.00	0.00	0.00	0.00	0.00	0.00	0.00	    139,009.16	0.00	0.00	0.00	0.00	0.00	0.00	0.00	0.00	0.00	0.00	0.00	0.00	0.00	0.00	0.00	0.00
	500	4A	0	001	 2026	000000000001601342	000000000000000000	000000000000000000	USD		H	  016	OVL	MM1601	OE2	0000200820	JV	MMEP3BRE1B		00000000	MMEP3BRE1B				BR		OVL			0000000000	00000000	-13,671.00	0.00	0.00	0.00	0.00	0.00	0.00	0.00	0.00	0.00	0.00	0.00	0.00	0.00	0.00	0.00	0.00	-1,137,563.91	0.00	0.00	0.00	0.00	0.00	0.00	0.00	0.00	0.00	0.00	0.00	0.00	0.00	0.00	0.00	0.00	-13,671.00	0.00	0.00	0.00	0.00	0.00	0.00	0.00	0.00	0.00	0.00	0.00	0.00	0.00	0.00	0.00	0.00
	500	4A	0	001	 2026	000000000001601342	000000000000000000	000000000000000000	USD		S	  016	OVL	MM1601	OE2	0000200820	JV	MMEP3BRE1B		00000000	MMEP3BRE1B				BR		OVL			0000000000	00000000	        13,671.00	0.00	0.00	0.00	0.00	0.00	0.00	0.00	0.00	0.00	0.00	0.00	0.00	0.00	0.00	0.00	0.00	    1,137,563.91	0.00	0.00	0.00	0.00	0.00	0.00	0.00	0.00	0.00	0.00	0.00	0.00	0.00	0.00	0.00	0.00	     13,671.00	0.00	0.00	0.00	0.00	0.00	0.00	0.00	0.00	0.00	0.00	0.00	0.00	0.00	0.00	0.00	0.00
	500	4A	0	001	 2026	000000000001601343	000000000000000000	000000000000000000	MMK		H	  016	OVL	MM1601	OE2	0000200913	JV	MMEP3BRE1B		00000000	MMEP3BRE1B				BR		OVL			0000000000	00000000	-52,966,143.75	0.00	0.00	0.00	0.00	0.00	0.00	0.00	0.00	0.00	0.00	0.00	0.00	0.00	0.00	0.00	0.00	-2,181,697.91	0.00	0.00	0.00	0.00	0.00	0.00	0.00	0.00	0.00	0.00	0.00	0.00	0.00	0.00	0.00	0.00	-26,130.57	0.00	0.00	0.00	0.00	0.00	0.00	0.00	0.00	0.00	0.00	0.00	0.00	0.00	0.00	0.00	0.00
	500	4A	0	001	 2026	000000000001601343	000000000000000000	000000000000000000	MMK		S	  016	OVL	MM1601	OE2	0000200913	JV	MMEP3BRE1B		00000000	MMEP3BRE1B				BR		OVL			0000000000	00000000	   184,698,435.75	0.00	0.00	0.00	0.00	0.00	0.00	0.00	0.00	0.00	0.00	0.00	0.00	0.00	0.00	0.00	0.00	    7,930,406.32	0.00	0.00	0.00	0.00	0.00	0.00	0.00	0.00	0.00	0.00	0.00	0.00	0.00	0.00	0.00	0.00	    100,855.17	0.00	0.00	0.00	0.00	0.00	0.00	0.00	0.00	0.00	0.00	0.00	0.00	0.00	0.00	0.00	0.00
	500	4A	0	001	 2026	000000000001601343	000000000000000000	000000000000000000	USD		H	  016	OVL	MM1601	OE2	0000200913	JV	MMEP3BRE1B		00000000	MMEP3BRE1B				BR		OVL			0000000000	00000000	-665.00	0.00	0.00	0.00	0.00	0.00	0.00	0.00	0.00	0.00	0.00	0.00	0.00	0.00	0.00	0.00	0.00	-47,926.95	0.00	0.00	0.00	0.00	0.00	0.00	0.00	0.00	0.00	0.00	0.00	0.00	0.00	0.00	0.00	0.00	-665.00	0.00	0.00	0.00	0.00	0.00	0.00	0.00	0.00	0.00	0.00	0.00	0.00	0.00	0.00	0.00	0.00
	500	4A	0	001	 2026	000000000001601343	000000000000000000	000000000000000000	USD		S	  016	OVL	MM1601	OE2	0000200913	JV	MMEP3BRE1B		00000000	MMEP3BRE1B				BR		OVL			0000000000	00000000	         1,915.00	0.00	0.00	0.00	0.00	0.00	0.00	0.00	0.00	0.00	0.00	0.00	0.00	0.00	0.00	0.00	0.00	      135,579.45	0.00	0.00	0.00	0.00	0.00	0.00	0.00	0.00	0.00	0.00	0.00	0.00	0.00	0.00	0.00	0.00	      1,915.00	0.00	0.00	0.00	0.00	0.00	0.00	0.00	0.00	0.00	0.00	0.00	0.00	0.00	0.00	0.00	0.00
	500	4A	0	001	 2026	000000000001601344	000000000000000000	000000000000000000	MMK		H	  016	OVL	MM1601	OE2	0000201105	JV	MMEP3BRE1B		00000000	MMEP3BRE1B				BR		OVL			0000000000	00000000	-13,443,636.62	0.00	0.00	0.00	0.00	0.00	0.00	0.00	0.00	0.00	0.00	0.00	0.00	0.00	0.00	0.00	0.00	-550,760.53	0.00	0.00	0.00	0.00	0.00	0.00	0.00	0.00	0.00	0.00	0.00	0.00	0.00	0.00	0.00	0.00	-6,540.85	0.00	0.00	0.00	0.00	0.00	0.00	0.00	0.00	0.00	0.00	0.00	0.00	0.00	0.00	0.00	0.00
	500	4A	0	001	 2026	000000000001601344	000000000000000000	000000000000000000	MMK		S	  016	OVL	MM1601	OE2	0000201105	JV	MMEP3BRE1B		00000000	MMEP3BRE1B				BR		OVL			0000000000	00000000	    62,414,146.25	0.00	0.00	0.00	0.00	0.00	0.00	0.00	0.00	0.00	0.00	0.00	0.00	0.00	0.00	0.00	0.00	    2,612,222.25	0.00	0.00	0.00	0.00	0.00	0.00	0.00	0.00	0.00	0.00	0.00	0.00	0.00	0.00	0.00	0.00	     31,486.22	0.00	0.00	0.00	0.00	0.00	0.00	0.00	0.00	0.00	0.00	0.00	0.00	0.00	0.00	0.00	0.00
	500	4A	0	001	 2026	000000000001601344	000000000000000000	000000000000000000	USD		H	  016	OVL	MM1601	OE2	0000201105	JV	MMEP3BRE1B		00000000	MMEP3BRE1B				BR		OVL			0000000000	00000000	-420.33	0.00	0.00	0.00	0.00	0.00	0.00	0.00	0.00	0.00	0.00	0.00	0.00	0.00	0.00	0.00	0.00	-33,487.62	0.00	0.00	0.00	0.00	0.00	0.00	0.00	0.00	0.00	0.00	0.00	0.00	0.00	0.00	0.00	0.00	-420.33	0.00	0.00	0.00	0.00	0.00	0.00	0.00	0.00	0.00	0.00	0.00	0.00	0.00	0.00	0.00	0.00
	500	4A	0	001	 2026	000000000001601344	000000000000000000	000000000000000000	USD		S	  016	OVL	MM1601	OE2	0000201105	JV	MMEP3BRE1B		00000000	MMEP3BRE1B				BR		OVL			0000000000	00000000	           782.59	0.00	0.00	0.00	0.00	0.00	0.00	0.00	0.00	0.00	0.00	0.00	0.00	0.00	0.00	0.00	0.00	       60,850.23	0.00	0.00	0.00	0.00	0.00	0.00	0.00	0.00	0.00	0.00	0.00	0.00	0.00	0.00	0.00	0.00	        782.59	0.00	0.00	0.00	0.00	0.00	0.00	0.00	0.00	0.00	0.00	0.00	0.00	0.00	0.00	0.00	0.00
	500	4A	0	001	 2026	000000000001601345	000000000000000000	000000000000000000	MMK		H	  016	OVL	MM1601	OE2	0000201201	JV	MMEP3BRE1B		00000000	MMEP3BRE1B				BR		OVL			0000000000	00000000	-53,145,281.84	0.00	0.00	0.00	0.00	0.00	0.00	0.00	0.00	0.00	0.00	0.00	0.00	0.00	0.00	0.00	0.00	-2,257,909.88	0.00	0.00	0.00	0.00	0.00	0.00	0.00	0.00	0.00	0.00	0.00	0.00	0.00	0.00	0.00	0.00	-30,064.95	0.00	0.00	0.00	0.00	0.00	0.00	0.00	0.00	0.00	0.00	0.00	0.00	0.00	0.00	0.00	0.00
	500	4A	0	001	 2026	000000000001601345	000000000000000000	000000000000000000	MMK		S	  016	OVL	MM1601	OE2	0000201201	JV	MMEP3BRE1B		00000000	MMEP3BRE1B				BR		OVL			0000000000	00000000	   197,678,516.02	0.00	0.00	0.00	0.00	0.00	0.00	0.00	0.00	0.00	0.00	0.00	0.00	0.00	0.00	0.00	0.00	    8,324,522.31	0.00	0.00	0.00	0.00	0.00	0.00	0.00	0.00	0.00	0.00	0.00	0.00	0.00	0.00	0.00	0.00	    107,453.50	0.00	0.00	0.00	0.00	0.00	0.00	0.00	0.00	0.00	0.00	0.00	0.00	0.00	0.00	0.00	0.00
	500	4A	0	001	 2026	000000000001601345	000000000000000000	000000000000000000	USD		H	  016	OVL	MM1601	OE2	0000201201	JV	MMEP3BRE1B		00000000	MMEP3BRE1B				BR		OVL			0000000000	00000000	-32,812.78	0.00	0.00	0.00	0.00	0.00	0.00	0.00	0.00	0.00	0.00	0.00	0.00	0.00	0.00	0.00	0.00	-2,557,971.53	0.00	0.00	0.00	0.00	0.00	0.00	0.00	0.00	0.00	0.00	0.00	0.00	0.00	0.00	0.00	0.00	-32,812.78	0.00	0.00	0.00	0.00	0.00	0.00	0.00	0.00	0.00	0.00	0.00	0.00	0.00	0.00	0.00	0.00
	500	4A	0	001	 2026	000000000001601345	000000000000000000	000000000000000000	USD		S	  016	OVL	MM1601	OE2	0000201201	JV	MMEP3BRE1B		00000000	MMEP3BRE1B				BR		OVL			0000000000	00000000	        51,101.09	0.00	0.00	0.00	0.00	0.00	0.00	0.00	0.00	0.00	0.00	0.00	0.00	0.00	0.00	0.00	0.00	    3,899,870.91	0.00	0.00	0.00	0.00	0.00	0.00	0.00	0.00	0.00	0.00	0.00	0.00	0.00	0.00	0.00	0.00	     51,101.09	0.00	0.00	0.00	0.00	0.00	0.00	0.00	0.00	0.00	0.00	0.00	0.00	0.00	0.00	0.00	0.00
	500	4A	0	001	 2026	000000000001601346	000000000000000000	000000000000000000	MMK		H	  016	OVL	MM1601	OE2	0000201202	JV	MMEP3BRE1B		00000000	MMEP3BRE1B				BR		OVL			0000000000	00000000	-32,911,316.33	0.00	0.00	0.00	0.00	0.00	0.00	0.00	0.00	0.00	0.00	0.00	0.00	0.00	0.00	0.00	0.00	-1,448,952.52	0.00	0.00	0.00	0.00	0.00	0.00	0.00	0.00	0.00	0.00	0.00	0.00	0.00	0.00	0.00	0.00	-19,319.45	0.00	0.00	0.00	0.00	0.00	0.00	0.00	0.00	0.00	0.00	0.00	0.00	0.00	0.00	0.00	0.00
	500	4A	0	001	 2026	000000000001601346	000000000000000000	000000000000000000	MMK		S	  016	OVL	MM1601	OE2	0000201202	JV	MMEP3BRE1B		00000000	MMEP3BRE1B				BR		OVL			0000000000	00000000	   436,349,752.07	0.00	0.00	0.00	0.00	0.00	0.00	0.00	0.00	0.00	0.00	0.00	0.00	0.00	0.00	0.00	0.00	   19,231,329.29	0.00	0.00	0.00	0.00	0.00	0.00	0.00	0.00	0.00	0.00	0.00	0.00	0.00	0.00	0.00	0.00	    255,380.40	0.00	0.00	0.00	0.00	0.00	0.00	0.00	0.00	0.00	0.00	0.00	0.00	0.00	0.00	0.00	0.00
	500	4A	0	001	 2026	000000000001601346	000000000000000000	000000000000000000	USD		H	  016	OVL	MM1601	OE2	0000201202	JV	MMEP3BRE1B		00000000	MMEP3BRE1B				BR		OVL			0000000000	00000000	-20,114.34	0.00	0.00	0.00	0.00	0.00	0.00	0.00	0.00	0.00	0.00	0.00	0.00	0.00	0.00	0.00	0.00	-1,482,426.86	0.00	0.00	0.00	0.00	0.00	0.00	0.00	0.00	0.00	0.00	0.00	0.00	0.00	0.00	0.00	0.00	-20,114.34	0.00	0.00	0.00	0.00	0.00	0.00	0.00	0.00	0.00	0.00	0.00	0.00	0.00	0.00	0.00	0.00
	500	4A	0	001	 2026	000000000001601346	000000000000000000	000000000000000000	USD		S	  016	OVL	MM1601	OE2	0000201202	JV	MMEP3BRE1B		00000000	MMEP3BRE1B				BR		OVL			0000000000	00000000	       117,504.33	0.00	0.00	0.00	0.00	0.00	0.00	0.00	0.00	0.00	0.00	0.00	0.00	0.00	0.00	0.00	0.00	    8,656,238.36	0.00	0.00	0.00	0.00	0.00	0.00	0.00	0.00	0.00	0.00	0.00	0.00	0.00	0.00	0.00	0.00	    117,504.33	0.00	0.00	0.00	0.00	0.00	0.00	0.00	0.00	0.00	0.00	0.00	0.00	0.00	0.00	0.00	0.00
	500	4A	0	001	 2026	000000000001601347	000000000000000000	000000000000000000	MMK		H	  016	OVL	MM1601	OE2	0000201412	JV	MMEP3BRE1B		00000000	MMEP3BRE1B				BR		OVL			0000000000	00000000	-270,000.00	0.00	0.00	0.00	0.00	0.00	0.00	0.00	0.00	0.00	0.00	0.00	0.00	0.00	0.00	0.00	0.00	-14,998.50	0.00	0.00	0.00	0.00	0.00	0.00	0.00	0.00	0.00	0.00	0.00	0.00	0.00	0.00	0.00	0.00	-205.20	0.00	0.00	0.00	0.00	0.00	0.00	0.00	0.00	0.00	0.00	0.00	0.00	0.00	0.00	0.00	0.00
	500	4A	0	001	 2026	000000000001601347	000000000000000000	000000000000000000	MMK		S	  016	OVL	MM1601	OE2	0000201412	JV	MMEP3BRE1B		00000000	MMEP3BRE1B				BR		OVL			0000000000	00000000	     1,350,725.00	0.00	0.00	0.00	0.00	0.00	0.00	0.00	0.00	0.00	0.00	0.00	0.00	0.00	0.00	0.00	0.00	       67,898.95	0.00	0.00	0.00	0.00	0.00	0.00	0.00	0.00	0.00	0.00	0.00	0.00	0.00	0.00	0.00	0.00	      1,004.41	0.00	0.00	0.00	0.00	0.00	0.00	0.00	0.00	0.00	0.00	0.00	0.00	0.00	0.00	0.00	0.00
	500	4A	0	001	 2026	000000000001601348	000000000000000000	000000000000000000	MMK		H	  016	OVL	MM1601	OE2	0000201419	JV	MMEP3BRE1B		00000000	MMEP3BRE1B				BR		OVL			0000000000	00000000	-1,644,750.00	0.00	0.00	0.00	0.00	0.00	0.00	0.00	0.00	0.00	0.00	0.00	0.00	0.00	0.00	0.00	0.00	-70,438.60	0.00	0.00	0.00	0.00	0.00	0.00	0.00	0.00	0.00	0.00	0.00	0.00	0.00	0.00	0.00	0.00	-916.16	0.00	0.00	0.00	0.00	0.00	0.00	0.00	0.00	0.00	0.00	0.00	0.00	0.00	0.00	0.00	0.00
	500	4A	0	001	 2026	000000000001601348	000000000000000000	000000000000000000	MMK		S	  016	OVL	MM1601	OE2	0000201419	JV	MMEP3BRE1B		00000000	MMEP3BRE1B				BR		OVL			0000000000	00000000	    13,609,117.00	0.00	0.00	0.00	0.00	0.00	0.00	0.00	0.00	0.00	0.00	0.00	0.00	0.00	0.00	0.00	0.00	      590,620.09	0.00	0.00	0.00	0.00	0.00	0.00	0.00	0.00	0.00	0.00	0.00	0.00	0.00	0.00	0.00	0.00	      7,699.79	0.00	0.00	0.00	0.00	0.00	0.00	0.00	0.00	0.00	0.00	0.00	0.00	0.00	0.00	0.00	0.00
	500	4A	0	001	 2026	000000000001601349	000000000000000000	000000000000000000	MMK		H	  016	OVL	MM1601	OE2	0000201421	JV	MMEP3BRE1B		00000000	MMEP3BRE1B				BR		OVL			0000000000	00000000	-102,600.50	0.00	0.00	0.00	0.00	0.00	0.00	0.00	0.00	0.00	0.00	0.00	0.00	0.00	0.00	0.00	0.00	-4,706.12	0.00	0.00	0.00	0.00	0.00	0.00	0.00	0.00	0.00	0.00	0.00	0.00	0.00	0.00	0.00	0.00	-67.49	0.00	0.00	0.00	0.00	0.00	0.00	0.00	0.00	0.00	0.00	0.00	0.00	0.00	0.00	0.00	0.00
	500	4A	0	001	 2026	000000000001601349	000000000000000000	000000000000000000	MMK		S	  016	OVL	MM1601	OE2	0000201421	JV	MMEP3BRE1B		00000000	MMEP3BRE1B				BR		OVL			0000000000	00000000	     1,486,312.50	0.00	0.00	0.00	0.00	0.00	0.00	0.00	0.00	0.00	0.00	0.00	0.00	0.00	0.00	0.00	0.00	       69,813.09	0.00	0.00	0.00	0.00	0.00	0.00	0.00	0.00	0.00	0.00	0.00	0.00	0.00	0.00	0.00	0.00	        988.39	0.00	0.00	0.00	0.00	0.00	0.00	0.00	0.00	0.00	0.00	0.00	0.00	0.00	0.00	0.00	0.00
	500	4A	0	001	 2026	000000000001601350	000000000000000000	000000000000000000	MMK		H	  016	OVL	MM1601	OE2	0000201423	JV	MMEP3BRE1B		00000000	MMEP3BRE1B				BR		OVL			0000000000	00000000	-4,806,118.00	0.00	0.00	0.00	0.00	0.00	0.00	0.00	0.00	0.00	0.00	0.00	0.00	0.00	0.00	0.00	0.00	-203,456.85	0.00	0.00	0.00	0.00	0.00	0.00	0.00	0.00	0.00	0.00	0.00	0.00	0.00	0.00	0.00	0.00	-2,579.40	0.00	0.00	0.00	0.00	0.00	0.00	0.00	0.00	0.00	0.00	0.00	0.00	0.00	0.00	0.00	0.00
	500	4A	0	001	 2026	000000000001601350	000000000000000000	000000000000000000	MMK		S	  016	OVL	MM1601	OE2	0000201423	JV	MMEP3BRE1B		00000000	MMEP3BRE1B				BR		OVL			0000000000	00000000	    36,054,083.50	0.00	0.00	0.00	0.00	0.00	0.00	0.00	0.00	0.00	0.00	0.00	0.00	0.00	0.00	0.00	0.00	    1,604,660.63	0.00	0.00	0.00	0.00	0.00	0.00	0.00	0.00	0.00	0.00	0.00	0.00	0.00	0.00	0.00	0.00	     21,653.84	0.00	0.00	0.00	0.00	0.00	0.00	0.00	0.00	0.00	0.00	0.00	0.00	0.00	0.00	0.00	0.00
	500	4A	0	001	 2026	000000000001601350	000000000000000000	000000000000000000	USD		H	  016	OVL	MM1601	OE2	0000201423	JV	MMEP3BRE1B		00000000	MMEP3BRE1B				BR		OVL			0000000000	00000000	-600.00	0.00	0.00	0.00	0.00	0.00	0.00	0.00	0.00	0.00	0.00	0.00	0.00	0.00	0.00	0.00	0.00	-47,868.00	0.00	0.00	0.00	0.00	0.00	0.00	0.00	0.00	0.00	0.00	0.00	0.00	0.00	0.00	0.00	0.00	-600.00	0.00	0.00	0.00	0.00	0.00	0.00	0.00	0.00	0.00	0.00	0.00	0.00	0.00	0.00	0.00	0.00
	500	4A	0	001	 2026	000000000001601350	000000000000000000	000000000000000000	USD		S	  016	OVL	MM1601	OE2	0000201423	JV	MMEP3BRE1B		00000000	MMEP3BRE1B				BR		OVL			0000000000	00000000	         1,012.50	0.00	0.00	0.00	0.00	0.00	0.00	0.00	0.00	0.00	0.00	0.00	0.00	0.00	0.00	0.00	0.00	       78,893.63	0.00	0.00	0.00	0.00	0.00	0.00	0.00	0.00	0.00	0.00	0.00	0.00	0.00	0.00	0.00	0.00	      1,012.50	0.00	0.00	0.00	0.00	0.00	0.00	0.00	0.00	0.00	0.00	0.00	0.00	0.00	0.00	0.00	0.00
	500	4A	0	001	 2026	000000000001601351	000000000000000000	000000000000000000	EUR		S	  016	OVL	MM1601	OE2	0000201427	JV	MMEP3BRE1B		00000000	MMEP3BRE1B				BR		OVL			0000000000	00000000	           664.58	0.00	0.00	0.00	0.00	0.00	0.00	0.00	0.00	0.00	0.00	0.00	0.00	0.00	0.00	0.00	0.00	       51,028.72	0.00	0.00	0.00	0.00	0.00	0.00	0.00	0.00	0.00	0.00	0.00	0.00	0.00	0.00	0.00	0.00	        803.90	0.00	0.00	0.00	0.00	0.00	0.00	0.00	0.00	0.00	0.00	0.00	0.00	0.00	0.00	0.00	0.00
	500	4A	0	001	 2026	000000000001601351	000000000000000000	000000000000000000	MMK		H	  016	OVL	MM1601	OE2	0000201427	JV	MMEP3BRE1B		00000000	MMEP3BRE1B				BR		OVL			0000000000	00000000	-388,679.99	0.00	0.00	0.00	0.00	0.00	0.00	0.00	0.00	0.00	0.00	0.00	0.00	0.00	0.00	0.00	0.00	-16,173.95	0.00	0.00	0.00	0.00	0.00	0.00	0.00	0.00	0.00	0.00	0.00	0.00	0.00	0.00	0.00	0.00	-179.16	0.00	0.00	0.00	0.00	0.00	0.00	0.00	0.00	0.00	0.00	0.00	0.00	0.00	0.00	0.00	0.00
	500	4A	0	001	 2026	000000000001601351	000000000000000000	000000000000000000	MMK		S	  016	OVL	MM1601	OE2	0000201427	JV	MMEP3BRE1B		00000000	MMEP3BRE1B				BR		OVL			0000000000	00000000	    14,695,366.40	0.00	0.00	0.00	0.00	0.00	0.00	0.00	0.00	0.00	0.00	0.00	0.00	0.00	0.00	0.00	0.00	      594,428.35	0.00	0.00	0.00	0.00	0.00	0.00	0.00	0.00	0.00	0.00	0.00	0.00	0.00	0.00	0.00	0.00	      7,648.28	0.00	0.00	0.00	0.00	0.00	0.00	0.00	0.00	0.00	0.00	0.00	0.00	0.00	0.00	0.00	0.00
	500	4A	0	001	 2026	000000000001601351	000000000000000000	000000000000000000	USD		H	  016	OVL	MM1601	OE2	0000201427	JV	MMEP3BRE1B		00000000	MMEP3BRE1B				BR		OVL			0000000000	00000000	-10,636.90	0.00	0.00	0.00	0.00	0.00	0.00	0.00	0.00	0.00	0.00	0.00	0.00	0.00	0.00	0.00	0.00	-790,166.14	0.00	0.00	0.00	0.00	0.00	0.00	0.00	0.00	0.00	0.00	0.00	0.00	0.00	0.00	0.00	0.00	-10,636.90	0.00	0.00	0.00	0.00	0.00	0.00	0.00	0.00	0.00	0.00	0.00	0.00	0.00	0.00	0.00	0.00
	500	4A	0	001	 2026	000000000001601351	000000000000000000	000000000000000000	USD		S	  016	OVL	MM1601	OE2	0000201427	JV	MMEP3BRE1B		00000000	MMEP3BRE1B				BR		OVL			0000000000	00000000	        23,244.36	0.00	0.00	0.00	0.00	0.00	0.00	0.00	0.00	0.00	0.00	0.00	0.00	0.00	0.00	0.00	0.00	    1,773,914.04	0.00	0.00	0.00	0.00	0.00	0.00	0.00	0.00	0.00	0.00	0.00	0.00	0.00	0.00	0.00	0.00	     23,244.36	0.00	0.00	0.00	0.00	0.00	0.00	0.00	0.00	0.00	0.00	0.00	0.00	0.00	0.00	0.00	0.00
	500	4A	0	001	 2026	000000000001601352	000000000000000000	000000000000000000	MMK		H	  016	OVL	MM1601	OE2	0000201428	JV	MMEP3BRE1B		00000000	MMEP3BRE1B				BR		OVL			0000000000	00000000	-154,155.00	0.00	0.00	0.00	0.00	0.00	0.00	0.00	0.00	0.00	0.00	0.00	0.00	0.00	0.00	0.00	0.00	-7,256.30	0.00	0.00	0.00	0.00	0.00	0.00	0.00	0.00	0.00	0.00	0.00	0.00	0.00	0.00	0.00	0.00	-101.74	0.00	0.00	0.00	0.00	0.00	0.00	0.00	0.00	0.00	0.00	0.00	0.00	0.00	0.00	0.00	0.00
	500	4A	0	001	 2026	000000000001601352	000000000000000000	000000000000000000	MMK		S	  016	OVL	MM1601	OE2	0000201428	JV	MMEP3BRE1B		00000000	MMEP3BRE1B				BR		OVL			0000000000	00000000	     2,208,212.00	0.00	0.00	0.00	0.00	0.00	0.00	0.00	0.00	0.00	0.00	0.00	0.00	0.00	0.00	0.00	0.00	      103,576.48	0.00	0.00	0.00	0.00	0.00	0.00	0.00	0.00	0.00	0.00	0.00	0.00	0.00	0.00	0.00	0.00	      1,542.80	0.00	0.00	0.00	0.00	0.00	0.00	0.00	0.00	0.00	0.00	0.00	0.00	0.00	0.00	0.00	0.00
	500	4A	0	001	 2026	000000000001601353	000000000000000000	000000000000000000	MMK		H	  016	OVL	MM1601	OE2	0000201430	JV	MMEP3BRE1B		00000000	MMEP3BRE1B				BR		OVL			0000000000	00000000	-26,414,530.00	0.00	0.00	0.00	0.00	0.00	0.00	0.00	0.00	0.00	0.00	0.00	0.00	0.00	0.00	0.00	0.00	-1,064,933.31	0.00	0.00	0.00	0.00	0.00	0.00	0.00	0.00	0.00	0.00	0.00	0.00	0.00	0.00	0.00	0.00	-12,788.84	0.00	0.00	0.00	0.00	0.00	0.00	0.00	0.00	0.00	0.00	0.00	0.00	0.00	0.00	0.00	0.00
	500	4A	0	001	 2026	000000000001601353	000000000000000000	000000000000000000	MMK		S	  016	OVL	MM1601	OE2	0000201430	JV	MMEP3BRE1B		00000000	MMEP3BRE1B				BR		OVL			0000000000	00000000	    78,078,052.75	0.00	0.00	0.00	0.00	0.00	0.00	0.00	0.00	0.00	0.00	0.00	0.00	0.00	0.00	0.00	0.00	    3,240,606.30	0.00	0.00	0.00	0.00	0.00	0.00	0.00	0.00	0.00	0.00	0.00	0.00	0.00	0.00	0.00	0.00	     40,037.08	0.00	0.00	0.00	0.00	0.00	0.00	0.00	0.00	0.00	0.00	0.00	0.00	0.00	0.00	0.00	0.00
	500	4A	0	001	 2026	000000000001601353	000000000000000000	000000000000000000	USD		H	  016	OVL	MM1601	OE2	0000201430	JV	MMEP3BRE1B		00000000	MMEP3BRE1B				BR		OVL			0000000000	00000000	-359.50	0.00	0.00	0.00	0.00	0.00	0.00	0.00	0.00	0.00	0.00	0.00	0.00	0.00	0.00	0.00	0.00	-29,539.45	0.00	0.00	0.00	0.00	0.00	0.00	0.00	0.00	0.00	0.00	0.00	0.00	0.00	0.00	0.00	0.00	-359.50	0.00	0.00	0.00	0.00	0.00	0.00	0.00	0.00	0.00	0.00	0.00	0.00	0.00	0.00	0.00	0.00
	500	4A	0	001	 2026	000000000001601353	000000000000000000	000000000000000000	USD		S	  016	OVL	MM1601	OE2	0000201430	JV	MMEP3BRE1B		00000000	MMEP3BRE1B				BR		OVL			0000000000	00000000	         1,174.00	0.00	0.00	0.00	0.00	0.00	0.00	0.00	0.00	0.00	0.00	0.00	0.00	0.00	0.00	0.00	0.00	       93,684.42	0.00	0.00	0.00	0.00	0.00	0.00	0.00	0.00	0.00	0.00	0.00	0.00	0.00	0.00	0.00	0.00	      1,174.00	0.00	0.00	0.00	0.00	0.00	0.00	0.00	0.00	0.00	0.00	0.00	0.00	0.00	0.00	0.00	0.00
	500	4A	0	001	 2026	000000000001601354	000000000000000000	000000000000000000	MMK		H	  016	OVL	MM1601	OE2	0000201438	JV	MMEP3BRE1B		00000000	MMEP3BRE1B				BR		OVL			0000000000	00000000	-547,500.00	0.00	0.00	0.00	0.00	0.00	0.00	0.00	0.00	0.00	0.00	0.00	0.00	0.00	0.00	0.00	0.00	-23,712.23	0.00	0.00	0.00	0.00	0.00	0.00	0.00	0.00	0.00	0.00	0.00	0.00	0.00	0.00	0.00	0.00	-262.80	0.00	0.00	0.00	0.00	0.00	0.00	0.00	0.00	0.00	0.00	0.00	0.00	0.00	0.00	0.00	0.00
	500	4A	0	001	 2026	000000000001601354	000000000000000000	000000000000000000	MMK		S	  016	OVL	MM1601	OE2	0000201438	JV	MMEP3BRE1B		00000000	MMEP3BRE1B				BR		OVL			0000000000	00000000	    23,560,341.00	0.00	0.00	0.00	0.00	0.00	0.00	0.00	0.00	0.00	0.00	0.00	0.00	0.00	0.00	0.00	0.00	      997,077.24	0.00	0.00	0.00	0.00	0.00	0.00	0.00	0.00	0.00	0.00	0.00	0.00	0.00	0.00	0.00	0.00	     12,375.82	0.00	0.00	0.00	0.00	0.00	0.00	0.00	0.00	0.00	0.00	0.00	0.00	0.00	0.00	0.00	0.00
	500	4A	0	001	 2026	000000000001601354	000000000000000000	000000000000000000	USD		H	  016	OVL	MM1601	OE2	0000201438	JV	MMEP3BRE1B		00000000	MMEP3BRE1B				BR		OVL			0000000000	00000000	-600.00	0.00	0.00	0.00	0.00	0.00	0.00	0.00	0.00	0.00	0.00	0.00	0.00	0.00	0.00	0.00	0.00	-52,638.00	0.00	0.00	0.00	0.00	0.00	0.00	0.00	0.00	0.00	0.00	0.00	0.00	0.00	0.00	0.00	0.00	-600.00	0.00	0.00	0.00	0.00	0.00	0.00	0.00	0.00	0.00	0.00	0.00	0.00	0.00	0.00	0.00	0.00
	500	4A	0	001	 2026	000000000001601354	000000000000000000	000000000000000000	USD		S	  016	OVL	MM1601	OE2	0000201438	JV	MMEP3BRE1B		00000000	MMEP3BRE1B				BR		OVL			0000000000	00000000	           600.00	0.00	0.00	0.00	0.00	0.00	0.00	0.00	0.00	0.00	0.00	0.00	0.00	0.00	0.00	0.00	0.00	       52,638.00	0.00	0.00	0.00	0.00	0.00	0.00	0.00	0.00	0.00	0.00	0.00	0.00	0.00	0.00	0.00	0.00	        600.00	0.00	0.00	0.00	0.00	0.00	0.00	0.00	0.00	0.00	0.00	0.00	0.00	0.00	0.00	0.00	0.00
	500	4A	0	001	 2026	000000000001601355	000000000000000000	000000000000000000	MMK		H	  016	OVL	MM1601	OE2	0000201499	JV	MMEP3BRE1B		00000000	MMEP3BRE1B				BR		OVL			0000000000	00000000	-4,750,290.00	0.00	0.00	0.00	0.00	0.00	0.00	0.00	0.00	0.00	0.00	0.00	0.00	0.00	0.00	0.00	0.00	-197,166.07	0.00	0.00	0.00	0.00	0.00	0.00	0.00	0.00	0.00	0.00	0.00	0.00	0.00	0.00	0.00	0.00	-2,496.53	0.00	0.00	0.00	0.00	0.00	0.00	0.00	0.00	0.00	0.00	0.00	0.00	0.00	0.00	0.00	0.00
	500	4A	0	001	 2026	000000000001601355	000000000000000000	000000000000000000	MMK		S	  016	OVL	MM1601	OE2	0000201499	JV	MMEP3BRE1B		00000000	MMEP3BRE1B				BR		OVL			0000000000	00000000	    19,164,382.50	0.00	0.00	0.00	0.00	0.00	0.00	0.00	0.00	0.00	0.00	0.00	0.00	0.00	0.00	0.00	0.00	      840,102.80	0.00	0.00	0.00	0.00	0.00	0.00	0.00	0.00	0.00	0.00	0.00	0.00	0.00	0.00	0.00	0.00	     10,922.07	0.00	0.00	0.00	0.00	0.00	0.00	0.00	0.00	0.00	0.00	0.00	0.00	0.00	0.00	0.00	0.00
	500	4A	0	001	 2026	000000000001601355	000000000000000000	000000000000000000	USD		S	  016	OVL	MM1601	OE2	0000201499	JV	MMEP3BRE1B		00000000	MMEP3BRE1B				BR		OVL			0000000000	00000000	            69.50	0.00	0.00	0.00	0.00	0.00	0.00	0.00	0.00	0.00	0.00	0.00	0.00	0.00	0.00	0.00	0.00	        5,766.71	0.00	0.00	0.00	0.00	0.00	0.00	0.00	0.00	0.00	0.00	0.00	0.00	0.00	0.00	0.00	0.00	         69.50	0.00	0.00	0.00	0.00	0.00	0.00	0.00	0.00	0.00	0.00	0.00	0.00	0.00	0.00	0.00	0.00
	500	4A	0	001	 2026	000000000001601418	000000000000000000	000000000000000000	EUR		S	  016	OVL	MM1601	OE2	0000200886	JV			00129412	MMEP3BRE1B				BR		OVL			0000000000	00000000	        40,833.34	0.00	0.00	0.00	0.00	0.00	0.00	0.00	0.00	0.00	0.00	0.00	0.00	0.00	0.00	0.00	0.00	    3,073,117.17	0.00	0.00	0.00	0.00	0.00	0.00	0.00	0.00	0.00	0.00	0.00	0.00	0.00	0.00	0.00	0.00	     48,240.51	0.00	0.00	0.00	0.00	0.00	0.00	0.00	0.00	0.00	0.00	0.00	0.00	0.00	0.00	0.00	0.00
	500	4A	0	001	 2026	000000000001601418	000000000000000000	000000000000000000	MMK		S	  016	OVL	MM1601	OE2	0000200886	JV			00129412	MMEP3BRE1B				BR		OVL			0000000000	00000000	   333,323,048.67	0.00	0.00	0.00	0.00	0.00	0.00	0.00	0.00	0.00	0.00	0.00	0.00	0.00	0.00	0.00	0.00	   14,965,072.57	0.00	0.00	0.00	0.00	0.00	0.00	0.00	0.00	0.00	0.00	0.00	0.00	0.00	0.00	0.00	0.00	    215,389.44	0.00	0.00	0.00	0.00	0.00	0.00	0.00	0.00	0.00	0.00	0.00	0.00	0.00	0.00	0.00	0.00
	500	4A	0	001	 2026	000000000001601419	000000000000000000	000000000000000000	MMK		H	  016	OVL	MM1601	OE2	0000239099	JV			00000000	MMEP3BRE1B				BR		OVL			0000000000	00000000	-5,546,070.00	0.00	0.00	0.00	0.00	0.00	0.00	0.00	0.00	0.00	0.00	0.00	0.00	0.00	0.00	0.00	0.00	-265,133.57	0.00	0.00	0.00	0.00	0.00	0.00	0.00	0.00	0.00	0.00	0.00	0.00	0.00	0.00	0.00	0.00	-4,095.47	0.00	0.00	0.00	0.00	0.00	0.00	0.00	0.00	0.00	0.00	0.00	0.00	0.00	0.00	0.00	0.00
	500	4A	0	001	 2026	000000000001601517	000000000000000000	000000000000000000	EUR		S	  016	OVL	MM1601	OE2	0000200886	JV			00129414	MMEP3BRE1B				BR		OVL			0000000000	00000000	           507.40	0.00	0.00	0.00	0.00	0.00	0.00	0.00	0.00	0.00	0.00	0.00	0.00	0.00	0.00	0.00	0.00	       37,387.77	0.00	0.00	0.00	0.00	0.00	0.00	0.00	0.00	0.00	0.00	0.00	0.00	0.00	0.00	0.00	0.00	        581.58	0.00	0.00	0.00	0.00	0.00	0.00	0.00	0.00	0.00	0.00	0.00	0.00	0.00	0.00	0.00	0.00
	500	4A	0	001	 2026	000000000001601517	000000000000000000	000000000000000000	MMK		S	  016	OVL	MM1601	OE2	0000200886	JV			00129414	MMEP3BRE1B				BR		OVL			0000000000	00000000	        20,172.00	0.00	0.00	0.00	0.00	0.00	0.00	0.00	0.00	0.00	0.00	0.00	0.00	0.00	0.00	0.00	0.00	          953.53	0.00	0.00	0.00	0.00	0.00	0.00	0.00	0.00	0.00	0.00	0.00	0.00	0.00	0.00	0.00	0.00	         14.73	0.00	0.00	0.00	0.00	0.00	0.00	0.00	0.00	0.00	0.00	0.00	0.00	0.00	0.00	0.00	0.00
	500	4A	0	001	 2026	000000000001601519	000000000000000000	000000000000000000	INR		H	  016	OVL	MM1601	OE2	0000100701	JV			00000000					PC		OVL			0000000000	00000000	-42,784,698.17	0.00	0.00	0.00	0.00	0.00	0.00	0.00	0.00	0.00	0.00	0.00	0.00	0.00	0.00	0.00	0.00	-42,784,698.17	0.00	0.00	0.00	0.00	0.00	0.00	0.00	0.00	0.00	0.00	0.00	0.00	0.00	0.00	0.00	0.00	-663,860.81	0.00	0.00	0.00	0.00	0.00	0.00	0.00	0.00	0.00	0.00	0.00	0.00	0.00	0.00	0.00	0.00
	500	4A	0	001	 2026	000000000001601519	000000000000000000	000000000000000000	INR		S	  016	OVL	MM1601	OE2	0000100701	JV			00000000					PC		OVL			0000000000	00000000	    89,453,064.21	0.00	0.00	0.00	0.00	0.00	0.00	0.00	0.00	0.00	0.00	0.00	0.00	0.00	0.00	0.00	0.00	   89,453,064.21	0.00	0.00	0.00	0.00	0.00	0.00	0.00	0.00	0.00	0.00	0.00	0.00	0.00	0.00	0.00	0.00	  1,395,823.51	0.00	0.00	0.00	0.00	0.00	0.00	0.00	0.00	0.00	0.00	0.00	0.00	0.00	0.00	0.00	0.00
	500	4A	0	001	 2026	000000000001601519	000000000000000000	000000000000000000	MMK		H	  016	OVL	MM1601	OE2	0000100701	JV			00000000					PC		OVL			0000000000	00000000	-2,391,940,171.39	0.00	0.00	0.00	0.00	0.00	0.00	0.00	0.00	0.00	0.00	0.00	0.00	0.00	0.00	0.00	0.00	-106,167,211.66	0.00	0.00	0.00	0.00	0.00	0.00	0.00	0.00	0.00	0.00	0.00	0.00	0.00	0.00	0.00	0.00	-1,410,197.20	0.00	0.00	0.00	0.00	0.00	0.00	0.00	0.00	0.00	0.00	0.00	0.00	0.00	0.00	0.00	0.00
	500	4A	0	001	 2026	000000000001601519	000000000000000000	000000000000000000	MMK		S	  016	OVL	MM1601	OE2	0000100701	JV			00000000					PC		OVL			0000000000	00000000	 4,290,549,895.85	0.00	0.00	0.00	0.00	0.00	0.00	0.00	0.00	0.00	0.00	0.00	0.00	0.00	0.00	0.00	0.00	  192,666,622.27	0.00	0.00	0.00	0.00	0.00	0.00	0.00	0.00	0.00	0.00	0.00	0.00	0.00	0.00	0.00	0.00	  2,598,906.48	0.00	0.00	0.00	0.00	0.00	0.00	0.00	0.00	0.00	0.00	0.00	0.00	0.00	0.00	0.00	0.00
	500	4A	0	001	 2026	000000000001601519	000000000000000000	000000000000000000	USD		H	  016	OVL	MM1601	OE2	0000100701	JV			00000000					PC		OVL			0000000000	00000000	-14,184,563.68	0.00	0.00	0.00	0.00	0.00	0.00	0.00	0.00	0.00	0.00	0.00	0.00	0.00	0.00	0.00	0.00	-992,392,464.23	0.00	0.00	0.00	0.00	0.00	0.00	0.00	0.00	0.00	0.00	0.00	0.00	0.00	0.00	0.00	0.00	-14,185,698.96	0.00	0.00	0.00	0.00	0.00	0.00	0.00	0.00	0.00	0.00	0.00	0.00	0.00	0.00	0.00	0.00
	500	4A	0	001	 2026	000000000001601519	000000000000000000	000000000000000000	USD		S	  016	OVL	MM1601	OE2	0000100701	JV			00000000					PC		OVL			0000000000	00000000	    20,654,010.40	0.00	0.00	0.00	0.00	0.00	0.00	0.00	0.00	0.00	0.00	0.00	0.00	0.00	0.00	0.00	0.00	1,434,219,598.56	0.00	0.00	0.00	0.00	0.00	0.00	0.00	0.00	0.00	0.00	0.00	0.00	0.00	0.00	0.00	0.00	 20,654,115.52	0.00	0.00	0.00	0.00	0.00	0.00	0.00	0.00	0.00	0.00	0.00	0.00	0.00	0.00	0.00	0.00
	500	4A	0	001	 2026	000000000001601520	000000000000000000	000000000000000000	INR		H	  016	OVL	MM1601	OE2	0000200355	JV	MMEP3BRE1B		00000000	MMEP3BRE1B				CB		OVL			0000000000	00000000	-920,791.48	0.00	0.00	0.00	0.00	0.00	0.00	0.00	0.00	0.00	0.00	0.00	0.00	0.00	0.00	0.00	0.00	-920,791.48	0.00	0.00	0.00	0.00	0.00	0.00	0.00	0.00	0.00	0.00	0.00	0.00	0.00	0.00	0.00	0.00	-14,326.16	0.00	0.00	0.00	0.00	0.00	0.00	0.00	0.00	0.00	0.00	0.00	0.00	0.00	0.00	0.00	0.00
	500	4A	0	001	 2026	000000000001601520	000000000000000000	000000000000000000	MMK		H	  016	OVL	MM1601	OE2	0000200355	JV	MMEP3BRE1B		00000000	MMEP3BRE1B				CB		OVL			0000000000	00000000	-560,351,816.28	0.00	0.00	0.00	0.00	0.00	0.00	0.00	0.00	0.00	0.00	0.00	0.00	0.00	0.00	0.00	0.00	-24,537,065.63	0.00	0.00	0.00	0.00	0.00	0.00	0.00	0.00	0.00	0.00	0.00	0.00	0.00	0.00	0.00	0.00	-316,062.51	0.00	0.00	0.00	0.00	0.00	0.00	0.00	0.00	0.00	0.00	0.00	0.00	0.00	0.00	0.00	0.00
	500	4A	0	001	 2026	000000000001601520	000000000000000000	000000000000000000	MMK		S	  016	OVL	MM1601	OE2	0000200355	JV	MMEP3BRE1B		00000000	MMEP3BRE1B				CB		OVL			0000000000	00000000	    11,746,019.00	0.00	0.00	0.00	0.00	0.00	0.00	0.00	0.00	0.00	0.00	0.00	0.00	0.00	0.00	0.00	0.00	      482,690.39	0.00	0.00	0.00	0.00	0.00	0.00	0.00	0.00	0.00	0.00	0.00	0.00	0.00	0.00	0.00	0.00	      5,638.09	0.00	0.00	0.00	0.00	0.00	0.00	0.00	0.00	0.00	0.00	0.00	0.00	0.00	0.00	0.00	0.00
	500	4A	0	001	 2026	000000000001601520	000000000000000000	000000000000000000	USD		H	  016	OVL	MM1601	OE2	0000200355	JV	MMEP3BRE1B		00000000	MMEP3BRE1B				CB		OVL			0000000000	00000000	-34,401.76	0.00	0.00	0.00	0.00	0.00	0.00	0.00	0.00	0.00	0.00	0.00	0.00	0.00	0.00	0.00	0.00	-2,977,272.98	0.00	0.00	0.00	0.00	0.00	0.00	0.00	0.00	0.00	0.00	0.00	0.00	0.00	0.00	0.00	0.00	-34,401.76	0.00	0.00	0.00	0.00	0.00	0.00	0.00	0.00	0.00	0.00	0.00	0.00	0.00	0.00	0.00	0.00
	500	4A	0	001	 2026	000000000001601520	000000000000000000	000000000000000000	USD		S	  016	OVL	MM1601	OE2	0000200355	JV	MMEP3BRE1B		00000000	MMEP3BRE1B				CB		OVL			0000000000	00000000	         2,616.38	0.00	0.00	0.00	0.00	0.00	0.00	0.00	0.00	0.00	0.00	0.00	0.00	0.00	0.00	0.00	0.00	      226,673.58	0.00	0.00	0.00	0.00	0.00	0.00	0.00	0.00	0.00	0.00	0.00	0.00	0.00	0.00	0.00	0.00	      2,616.38	0.00	0.00	0.00	0.00	0.00	0.00	0.00	0.00	0.00	0.00	0.00	0.00	0.00	0.00	0.00	0.00
	500	4A	0	001	 2026	000000000001601521	000000000000000000	000000000000000000	INR		H	  016	OVL	MM1601	OE2	0000200449	JV	MMEP3BRE1B		00000000	MMEP3BRE1B				CB		OVL			0000000000	00000000	-4,135,550.35	0.00	0.00	0.00	0.00	0.00	0.00	0.00	0.00	0.00	0.00	0.00	0.00	0.00	0.00	0.00	0.00	-4,135,550.35	0.00	0.00	0.00	0.00	0.00	0.00	0.00	0.00	0.00	0.00	0.00	0.00	0.00	0.00	0.00	0.00	-64,365.41	0.00	0.00	0.00	0.00	0.00	0.00	0.00	0.00	0.00	0.00	0.00	0.00	0.00	0.00	0.00	0.00
	500	4A	0	001	 2026	000000000001601521	000000000000000000	000000000000000000	MMK		H	  016	OVL	MM1601	OE2	0000200449	JV	MMEP3BRE1B		00000000	MMEP3BRE1B				CB		OVL			0000000000	00000000	-180,882,210.50	0.00	0.00	0.00	0.00	0.00	0.00	0.00	0.00	0.00	0.00	0.00	0.00	0.00	0.00	0.00	0.00	-8,378,087.52	0.00	0.00	0.00	0.00	0.00	0.00	0.00	0.00	0.00	0.00	0.00	0.00	0.00	0.00	0.00	0.00	-119,615.27	0.00	0.00	0.00	0.00	0.00	0.00	0.00	0.00	0.00	0.00	0.00	0.00	0.00	0.00	0.00	0.00
	500	4A	0	001	 2026	000000000001601521	000000000000000000	000000000000000000	MMK		S	  016	OVL	MM1601	OE2	0000200449	JV	MMEP3BRE1B		00000000	MMEP3BRE1B				CB		OVL			0000000000	00000000	       388,600.00	0.00	0.00	0.00	0.00	0.00	0.00	0.00	0.00	0.00	0.00	0.00	0.00	0.00	0.00	0.00	0.00	       16,947.45	0.00	0.00	0.00	0.00	0.00	0.00	0.00	0.00	0.00	0.00	0.00	0.00	0.00	0.00	0.00	0.00	        190.25	0.00	0.00	0.00	0.00	0.00	0.00	0.00	0.00	0.00	0.00	0.00	0.00	0.00	0.00	0.00	0.00
	500	4A	0	001	 2026	000000000001601521	000000000000000000	000000000000000000	USD		H	  016	OVL	MM1601	OE2	0000200449	JV	MMEP3BRE1B		00000000	MMEP3BRE1B				CB		OVL			0000000000	00000000	-22,667.70	0.00	0.00	0.00	0.00	0.00	0.00	0.00	0.00	0.00	0.00	0.00	0.00	0.00	0.00	0.00	0.00	-1,651,575.66	0.00	0.00	0.00	0.00	0.00	0.00	0.00	0.00	0.00	0.00	0.00	0.00	0.00	0.00	0.00	0.00	-22,667.70	0.00	0.00	0.00	0.00	0.00	0.00	0.00	0.00	0.00	0.00	0.00	0.00	0.00	0.00	0.00	0.00
	500	4A	0	001	 2026	000000000001601521	000000000000000000	000000000000000000	USD		S	  016	OVL	MM1601	OE2	0000200449	JV	MMEP3BRE1B		00000000	MMEP3BRE1B				CB		OVL			0000000000	00000000	           453.00	0.00	0.00	0.00	0.00	0.00	0.00	0.00	0.00	0.00	0.00	0.00	0.00	0.00	0.00	0.00	0.00	       36,608.70	0.00	0.00	0.00	0.00	0.00	0.00	0.00	0.00	0.00	0.00	0.00	0.00	0.00	0.00	0.00	0.00	        453.00	0.00	0.00	0.00	0.00	0.00	0.00	0.00	0.00	0.00	0.00	0.00	0.00	0.00	0.00	0.00	0.00
	500	4A	0	001	 2026	000000000001601522	000000000000000000	000000000000000000	INR		H	  016	OVL	MM1601	OE2	0000200820	JV	MMEP3BRE1B		00000000	MMEP3BRE1B				CB		OVL			0000000000	00000000	-455,209.46	0.00	0.00	0.00	0.00	0.00	0.00	0.00	0.00	0.00	0.00	0.00	0.00	0.00	0.00	0.00	0.00	-455,209.46	0.00	0.00	0.00	0.00	0.00	0.00	0.00	0.00	0.00	0.00	0.00	0.00	0.00	0.00	0.00	0.00	-7,081.72	0.00	0.00	0.00	0.00	0.00	0.00	0.00	0.00	0.00	0.00	0.00	0.00	0.00	0.00	0.00	0.00
	500	4A	0	001	 2026	000000000001601522	000000000000000000	000000000000000000	MMK		H	  016	OVL	MM1601	OE2	0000200820	JV	MMEP3BRE1B		00000000	MMEP3BRE1B				CB		OVL			0000000000	00000000	-193,924,793.56	0.00	0.00	0.00	0.00	0.00	0.00	0.00	0.00	0.00	0.00	0.00	0.00	0.00	0.00	0.00	0.00	-8,326,231.86	0.00	0.00	0.00	0.00	0.00	0.00	0.00	0.00	0.00	0.00	0.00	0.00	0.00	0.00	0.00	0.00	-105,311.18	0.00	0.00	0.00	0.00	0.00	0.00	0.00	0.00	0.00	0.00	0.00	0.00	0.00	0.00	0.00	0.00
	500	4A	0	001	 2026	000000000001601522	000000000000000000	000000000000000000	MMK		S	  016	OVL	MM1601	OE2	0000200820	JV	MMEP3BRE1B		00000000	MMEP3BRE1B				CB		OVL			0000000000	00000000	     6,417,800.00	0.00	0.00	0.00	0.00	0.00	0.00	0.00	0.00	0.00	0.00	0.00	0.00	0.00	0.00	0.00	0.00	      271,660.57	0.00	0.00	0.00	0.00	0.00	0.00	0.00	0.00	0.00	0.00	0.00	0.00	0.00	0.00	0.00	0.00	      3,094.29	0.00	0.00	0.00	0.00	0.00	0.00	0.00	0.00	0.00	0.00	0.00	0.00	0.00	0.00	0.00	0.00
	500	4A	0	001	 2026	000000000001601522	000000000000000000	000000000000000000	USD		H	  016	OVL	MM1601	OE2	0000200820	JV	MMEP3BRE1B		00000000	MMEP3BRE1B				CB		OVL			0000000000	00000000	-13,671.00	0.00	0.00	0.00	0.00	0.00	0.00	0.00	0.00	0.00	0.00	0.00	0.00	0.00	0.00	0.00	0.00	-1,137,563.91	0.00	0.00	0.00	0.00	0.00	0.00	0.00	0.00	0.00	0.00	0.00	0.00	0.00	0.00	0.00	0.00	-13,671.00	0.00	0.00	0.00	0.00	0.00	0.00	0.00	0.00	0.00	0.00	0.00	0.00	0.00	0.00	0.00	0.00
	500	4A	0	001	 2026	000000000001601522	000000000000000000	000000000000000000	USD		S	  016	OVL	MM1601	OE2	0000200820	JV	MMEP3BRE1B		00000000	MMEP3BRE1B				CB		OVL			0000000000	00000000	        13,671.00	0.00	0.00	0.00	0.00	0.00	0.00	0.00	0.00	0.00	0.00	0.00	0.00	0.00	0.00	0.00	0.00	    1,137,563.91	0.00	0.00	0.00	0.00	0.00	0.00	0.00	0.00	0.00	0.00	0.00	0.00	0.00	0.00	0.00	0.00	     13,671.00	0.00	0.00	0.00	0.00	0.00	0.00	0.00	0.00	0.00	0.00	0.00	0.00	0.00	0.00	0.00	0.00
	500	4A	0	001	 2026	000000000001601523	000000000000000000	000000000000000000	INR		H	  016	OVL	MM1601	OE2	0000200886	JV			00129414	MMEP3BRE1B				CB		OVL			0000000000	00000000	-38,341.30	0.00	0.00	0.00	0.00	0.00	0.00	0.00	0.00	0.00	0.00	0.00	0.00	0.00	0.00	0.00	0.00	-38,341.30	0.00	0.00	0.00	0.00	0.00	0.00	0.00	0.00	0.00	0.00	0.00	0.00	0.00	0.00	0.00	0.00	-596.31	0.00	0.00	0.00	0.00	0.00	0.00	0.00	0.00	0.00	0.00	0.00	0.00	0.00	0.00	0.00	0.00
	500	4A	0	001	 2026	000000000001601524	000000000000000000	000000000000000000	INR		H	  016	OVL	MM1601	OE2	0000200913	JV	MMEP3BRE1B		00000000	MMEP3BRE1B				CB		OVL			0000000000	00000000	-531,274.46	0.00	0.00	0.00	0.00	0.00	0.00	0.00	0.00	0.00	0.00	0.00	0.00	0.00	0.00	0.00	0.00	-531,274.46	0.00	0.00	0.00	0.00	0.00	0.00	0.00	0.00	0.00	0.00	0.00	0.00	0.00	0.00	0.00	0.00	-8,244.70	0.00	0.00	0.00	0.00	0.00	0.00	0.00	0.00	0.00	0.00	0.00	0.00	0.00	0.00	0.00	0.00
	500	4A	0	001	 2026	000000000001601524	000000000000000000	000000000000000000	MMK		H	  016	OVL	MM1601	OE2	0000200913	JV	MMEP3BRE1B		00000000	MMEP3BRE1B				CB		OVL			0000000000	00000000	-148,039,485.75	0.00	0.00	0.00	0.00	0.00	0.00	0.00	0.00	0.00	0.00	0.00	0.00	0.00	0.00	0.00	0.00	-6,380,339.54	0.00	0.00	0.00	0.00	0.00	0.00	0.00	0.00	0.00	0.00	0.00	0.00	0.00	0.00	0.00	0.00	-80,192.64	0.00	0.00	0.00	0.00	0.00	0.00	0.00	0.00	0.00	0.00	0.00	0.00	0.00	0.00	0.00	0.00
	500	4A	0	001	 2026	000000000001601524	000000000000000000	000000000000000000	MMK		S	  016	OVL	MM1601	OE2	0000200913	JV	MMEP3BRE1B		00000000	MMEP3BRE1B				CB		OVL			0000000000	00000000	    27,601,293.75	0.00	0.00	0.00	0.00	0.00	0.00	0.00	0.00	0.00	0.00	0.00	0.00	0.00	0.00	0.00	0.00	    1,162,905.59	0.00	0.00	0.00	0.00	0.00	0.00	0.00	0.00	0.00	0.00	0.00	0.00	0.00	0.00	0.00	0.00	     13,712.74	0.00	0.00	0.00	0.00	0.00	0.00	0.00	0.00	0.00	0.00	0.00	0.00	0.00	0.00	0.00	0.00
	500	4A	0	001	 2026	000000000001601524	000000000000000000	000000000000000000	USD		H	  016	OVL	MM1601	OE2	0000200913	JV	MMEP3BRE1B		00000000	MMEP3BRE1B				CB		OVL			0000000000	00000000	-1,250.00	0.00	0.00	0.00	0.00	0.00	0.00	0.00	0.00	0.00	0.00	0.00	0.00	0.00	0.00	0.00	0.00	-87,652.50	0.00	0.00	0.00	0.00	0.00	0.00	0.00	0.00	0.00	0.00	0.00	0.00	0.00	0.00	0.00	0.00	-1,250.00	0.00	0.00	0.00	0.00	0.00	0.00	0.00	0.00	0.00	0.00	0.00	0.00	0.00	0.00	0.00	0.00
	500	4A	0	001	 2026	000000000001601525	000000000000000000	000000000000000000	INR		H	  016	OVL	MM1601	OE2	0000201105	JV	MMEP3BRE1B		00000000	MMEP3BRE1B				CB		OVL			0000000000	00000000	-39,051.04	0.00	0.00	0.00	0.00	0.00	0.00	0.00	0.00	0.00	0.00	0.00	0.00	0.00	0.00	0.00	0.00	-39,051.04	0.00	0.00	0.00	0.00	0.00	0.00	0.00	0.00	0.00	0.00	0.00	0.00	0.00	0.00	0.00	0.00	-607.54	0.00	0.00	0.00	0.00	0.00	0.00	0.00	0.00	0.00	0.00	0.00	0.00	0.00	0.00	0.00	0.00
	500	4A	0	001	 2026	000000000001601525	000000000000000000	000000000000000000	MMK		H	  016	OVL	MM1601	OE2	0000201105	JV	MMEP3BRE1B		00000000	MMEP3BRE1B				CB		OVL			0000000000	00000000	-49,834,334.63	0.00	0.00	0.00	0.00	0.00	0.00	0.00	0.00	0.00	0.00	0.00	0.00	0.00	0.00	0.00	0.00	-2,092,648.51	0.00	0.00	0.00	0.00	0.00	0.00	0.00	0.00	0.00	0.00	0.00	0.00	0.00	0.00	0.00	0.00	-25,151.63	0.00	0.00	0.00	0.00	0.00	0.00	0.00	0.00	0.00	0.00	0.00	0.00	0.00	0.00	0.00	0.00
	500	4A	0	001	 2026	000000000001601525	000000000000000000	000000000000000000	MMK		S	  016	OVL	MM1601	OE2	0000201105	JV	MMEP3BRE1B		00000000	MMEP3BRE1B				CB		OVL			0000000000	00000000	     1,690,260.00	0.00	0.00	0.00	0.00	0.00	0.00	0.00	0.00	0.00	0.00	0.00	0.00	0.00	0.00	0.00	0.00	       70,237.83	0.00	0.00	0.00	0.00	0.00	0.00	0.00	0.00	0.00	0.00	0.00	0.00	0.00	0.00	0.00	0.00	        813.80	0.00	0.00	0.00	0.00	0.00	0.00	0.00	0.00	0.00	0.00	0.00	0.00	0.00	0.00	0.00	0.00
	500	4A	0	001	 2026	000000000001601525	000000000000000000	000000000000000000	USD		H	  016	OVL	MM1601	OE2	0000201105	JV	MMEP3BRE1B		00000000	MMEP3BRE1B				CB		OVL			0000000000	00000000	-782.59	0.00	0.00	0.00	0.00	0.00	0.00	0.00	0.00	0.00	0.00	0.00	0.00	0.00	0.00	0.00	0.00	-60,850.23	0.00	0.00	0.00	0.00	0.00	0.00	0.00	0.00	0.00	0.00	0.00	0.00	0.00	0.00	0.00	0.00	-782.59	0.00	0.00	0.00	0.00	0.00	0.00	0.00	0.00	0.00	0.00	0.00	0.00	0.00	0.00	0.00	0.00
	500	4A	0	001	 2026	000000000001601525	000000000000000000	000000000000000000	USD		S	  016	OVL	MM1601	OE2	0000201105	JV	MMEP3BRE1B		00000000	MMEP3BRE1B				CB		OVL			0000000000	00000000	           420.33	0.00	0.00	0.00	0.00	0.00	0.00	0.00	0.00	0.00	0.00	0.00	0.00	0.00	0.00	0.00	0.00	       33,487.62	0.00	0.00	0.00	0.00	0.00	0.00	0.00	0.00	0.00	0.00	0.00	0.00	0.00	0.00	0.00	0.00	        420.33	0.00	0.00	0.00	0.00	0.00	0.00	0.00	0.00	0.00	0.00	0.00	0.00	0.00	0.00	0.00	0.00
	500	4A	0	001	 2026	000000000001601526	000000000000000000	000000000000000000	INR		H	  016	OVL	MM1601	OE2	0000201201	JV	MMEP3BRE1B		00000000	MMEP3BRE1B				CB		OVL			0000000000	00000000	-241,743.75	0.00	0.00	0.00	0.00	0.00	0.00	0.00	0.00	0.00	0.00	0.00	0.00	0.00	0.00	0.00	0.00	-241,743.75	0.00	0.00	0.00	0.00	0.00	0.00	0.00	0.00	0.00	0.00	0.00	0.00	0.00	0.00	0.00	0.00	-3,568.25	0.00	0.00	0.00	0.00	0.00	0.00	0.00	0.00	0.00	0.00	0.00	0.00	0.00	0.00	0.00	0.00
	500	4A	0	001	 2026	000000000001601526	000000000000000000	000000000000000000	MMK		H	  016	OVL	MM1601	OE2	0000201201	JV	MMEP3BRE1B		00000000	MMEP3BRE1B				CB		OVL			0000000000	00000000	-170,006,445.76	0.00	0.00	0.00	0.00	0.00	0.00	0.00	0.00	0.00	0.00	0.00	0.00	0.00	0.00	0.00	0.00	-7,156,208.43	0.00	0.00	0.00	0.00	0.00	0.00	0.00	0.00	0.00	0.00	0.00	0.00	0.00	0.00	0.00	0.00	-92,737.77	0.00	0.00	0.00	0.00	0.00	0.00	0.00	0.00	0.00	0.00	0.00	0.00	0.00	0.00	0.00	0.00
	500	4A	0	001	 2026	000000000001601526	000000000000000000	000000000000000000	MMK		S	  016	OVL	MM1601	OE2	0000201201	JV	MMEP3BRE1B		00000000	MMEP3BRE1B				CB		OVL			0000000000	00000000	    30,296,011.58	0.00	0.00	0.00	0.00	0.00	0.00	0.00	0.00	0.00	0.00	0.00	0.00	0.00	0.00	0.00	0.00	    1,331,339.75	0.00	0.00	0.00	0.00	0.00	0.00	0.00	0.00	0.00	0.00	0.00	0.00	0.00	0.00	0.00	0.00	     18,917.47	0.00	0.00	0.00	0.00	0.00	0.00	0.00	0.00	0.00	0.00	0.00	0.00	0.00	0.00	0.00	0.00
	500	4A	0	001	 2026	000000000001601526	000000000000000000	000000000000000000	USD		H	  016	OVL	MM1601	OE2	0000201201	JV	MMEP3BRE1B		00000000	MMEP3BRE1B				CB		OVL			0000000000	00000000	-41,043.92	0.00	0.00	0.00	0.00	0.00	0.00	0.00	0.00	0.00	0.00	0.00	0.00	0.00	0.00	0.00	0.00	-3,147,795.74	0.00	0.00	0.00	0.00	0.00	0.00	0.00	0.00	0.00	0.00	0.00	0.00	0.00	0.00	0.00	0.00	-41,043.92	0.00	0.00	0.00	0.00	0.00	0.00	0.00	0.00	0.00	0.00	0.00	0.00	0.00	0.00	0.00	0.00
	500	4A	0	001	 2026	000000000001601526	000000000000000000	000000000000000000	USD		S	  016	OVL	MM1601	OE2	0000201201	JV	MMEP3BRE1B		00000000	MMEP3BRE1B				CB		OVL			0000000000	00000000	        22,755.61	0.00	0.00	0.00	0.00	0.00	0.00	0.00	0.00	0.00	0.00	0.00	0.00	0.00	0.00	0.00	0.00	    1,805,896.36	0.00	0.00	0.00	0.00	0.00	0.00	0.00	0.00	0.00	0.00	0.00	0.00	0.00	0.00	0.00	0.00	     22,755.61	0.00	0.00	0.00	0.00	0.00	0.00	0.00	0.00	0.00	0.00	0.00	0.00	0.00	0.00	0.00	0.00
	500	4A	0	001	 2026	000000000001601527	000000000000000000	000000000000000000	INR		H	  016	OVL	MM1601	OE2	0000201202	JV	MMEP3BRE1B		00000000	MMEP3BRE1B				CB		OVL			0000000000	00000000	-1,634,023.03	0.00	0.00	0.00	0.00	0.00	0.00	0.00	0.00	0.00	0.00	0.00	0.00	0.00	0.00	0.00	0.00	-1,634,023.03	0.00	0.00	0.00	0.00	0.00	0.00	0.00	0.00	0.00	0.00	0.00	0.00	0.00	0.00	0.00	0.00	-25,415.45	0.00	0.00	0.00	0.00	0.00	0.00	0.00	0.00	0.00	0.00	0.00	0.00	0.00	0.00	0.00	0.00
	500	4A	0	001	 2026	000000000001601527	000000000000000000	000000000000000000	MMK		H	  016	OVL	MM1601	OE2	0000201202	JV	MMEP3BRE1B		00000000	MMEP3BRE1B				CB		OVL			0000000000	00000000	-368,881,553.57	0.00	0.00	0.00	0.00	0.00	0.00	0.00	0.00	0.00	0.00	0.00	0.00	0.00	0.00	0.00	0.00	-16,149,294.61	0.00	0.00	0.00	0.00	0.00	0.00	0.00	0.00	0.00	0.00	0.00	0.00	0.00	0.00	0.00	0.00	-210,658.25	0.00	0.00	0.00	0.00	0.00	0.00	0.00	0.00	0.00	0.00	0.00	0.00	0.00	0.00	0.00	0.00
	500	4A	0	001	 2026	000000000001601527	000000000000000000	000000000000000000	MMK		S	  016	OVL	MM1601	OE2	0000201202	JV	MMEP3BRE1B		00000000	MMEP3BRE1B				CB		OVL			0000000000	00000000	        22,364.33	0.00	0.00	0.00	0.00	0.00	0.00	0.00	0.00	0.00	0.00	0.00	0.00	0.00	0.00	0.00	0.00	          940.87	0.00	0.00	0.00	0.00	0.00	0.00	0.00	0.00	0.00	0.00	0.00	0.00	0.00	0.00	0.00	0.00	         12.75	0.00	0.00	0.00	0.00	0.00	0.00	0.00	0.00	0.00	0.00	0.00	0.00	0.00	0.00	0.00	0.00
	500	4A	0	001	 2026	000000000001601527	000000000000000000	000000000000000000	USD		H	  016	OVL	MM1601	OE2	0000201202	JV	MMEP3BRE1B		00000000	MMEP3BRE1B				CB		OVL			0000000000	00000000	-97,389.99	0.00	0.00	0.00	0.00	0.00	0.00	0.00	0.00	0.00	0.00	0.00	0.00	0.00	0.00	0.00	0.00	-7,173,811.50	0.00	0.00	0.00	0.00	0.00	0.00	0.00	0.00	0.00	0.00	0.00	0.00	0.00	0.00	0.00	0.00	-97,389.99	0.00	0.00	0.00	0.00	0.00	0.00	0.00	0.00	0.00	0.00	0.00	0.00	0.00	0.00	0.00	0.00
	500	4A	0	001	 2026	000000000001601528	000000000000000000	000000000000000000	INR		H	  016	OVL	MM1601	OE2	0000201412	JV	MMEP3BRE1B		00000000	MMEP3BRE1B				CB		OVL			0000000000	00000000	-1,293.60	0.00	0.00	0.00	0.00	0.00	0.00	0.00	0.00	0.00	0.00	0.00	0.00	0.00	0.00	0.00	0.00	-1,293.60	0.00	0.00	0.00	0.00	0.00	0.00	0.00	0.00	0.00	0.00	0.00	0.00	0.00	0.00	0.00	0.00	-20.08	0.00	0.00	0.00	0.00	0.00	0.00	0.00	0.00	0.00	0.00	0.00	0.00	0.00	0.00	0.00	0.00
	500	4A	0	001	 2026	000000000001601528	000000000000000000	000000000000000000	MMK		H	  016	OVL	MM1601	OE2	0000201412	JV	MMEP3BRE1B		00000000	MMEP3BRE1B				CB		OVL			0000000000	00000000	-1,053,225.00	0.00	0.00	0.00	0.00	0.00	0.00	0.00	0.00	0.00	0.00	0.00	0.00	0.00	0.00	0.00	0.00	-51,776.95	0.00	0.00	0.00	0.00	0.00	0.00	0.00	0.00	0.00	0.00	0.00	0.00	0.00	0.00	0.00	0.00	-784.53	0.00	0.00	0.00	0.00	0.00	0.00	0.00	0.00	0.00	0.00	0.00	0.00	0.00	0.00	0.00	0.00
	500	4A	0	001	 2026	000000000001601528	000000000000000000	000000000000000000	MMK		S	  016	OVL	MM1601	OE2	0000201412	JV	MMEP3BRE1B		00000000	MMEP3BRE1B				CB		OVL			0000000000	00000000	             0.00	0.00	0.00	0.00	0.00	0.00	0.00	0.00	0.00	0.00	0.00	0.00	0.00	0.00	0.00	0.00	0.00	          170.10	0.00	0.00	0.00	0.00	0.00	0.00	0.00	0.00	0.00	0.00	0.00	0.00	0.00	0.00	0.00	0.00	          5.40	0.00	0.00	0.00	0.00	0.00	0.00	0.00	0.00	0.00	0.00	0.00	0.00	0.00	0.00	0.00	0.00
	500	4A	0	001	 2026	000000000001601529	000000000000000000	000000000000000000	INR		H	  016	OVL	MM1601	OE2	0000201419	JV	MMEP3BRE1B		00000000	MMEP3BRE1B				CB		OVL			0000000000	00000000	-21,195.14	0.00	0.00	0.00	0.00	0.00	0.00	0.00	0.00	0.00	0.00	0.00	0.00	0.00	0.00	0.00	0.00	-21,195.14	0.00	0.00	0.00	0.00	0.00	0.00	0.00	0.00	0.00	0.00	0.00	0.00	0.00	0.00	0.00	0.00	-329.71	0.00	0.00	0.00	0.00	0.00	0.00	0.00	0.00	0.00	0.00	0.00	0.00	0.00	0.00	0.00	0.00
	500	4A	0	001	 2026	000000000001601529	000000000000000000	000000000000000000	MMK		H	  016	OVL	MM1601	OE2	0000201419	JV	MMEP3BRE1B		00000000	MMEP3BRE1B				CB		OVL			0000000000	00000000	-11,635,967.00	0.00	0.00	0.00	0.00	0.00	0.00	0.00	0.00	0.00	0.00	0.00	0.00	0.00	0.00	0.00	0.00	-504,174.53	0.00	0.00	0.00	0.00	0.00	0.00	0.00	0.00	0.00	0.00	0.00	0.00	0.00	0.00	0.00	0.00	-6,522.56	0.00	0.00	0.00	0.00	0.00	0.00	0.00	0.00	0.00	0.00	0.00	0.00	0.00	0.00	0.00	0.00
	500	4A	0	001	 2026	000000000001601529	000000000000000000	000000000000000000	MMK		S	  016	OVL	MM1601	OE2	0000201419	JV	MMEP3BRE1B		00000000	MMEP3BRE1B				CB		OVL			0000000000	00000000	       120,450.00	0.00	0.00	0.00	0.00	0.00	0.00	0.00	0.00	0.00	0.00	0.00	0.00	0.00	0.00	0.00	0.00	        5,188.18	0.00	0.00	0.00	0.00	0.00	0.00	0.00	0.00	0.00	0.00	0.00	0.00	0.00	0.00	0.00	0.00	         68.64	0.00	0.00	0.00	0.00	0.00	0.00	0.00	0.00	0.00	0.00	0.00	0.00	0.00	0.00	0.00	0.00
	500	4A	0	001	 2026	000000000001601530	000000000000000000	000000000000000000	INR		H	  016	OVL	MM1601	OE2	0000201421	JV	MMEP3BRE1B		00000000	MMEP3BRE1B				CB		OVL			0000000000	00000000	-15,124.32	0.00	0.00	0.00	0.00	0.00	0.00	0.00	0.00	0.00	0.00	0.00	0.00	0.00	0.00	0.00	0.00	-15,124.32	0.00	0.00	0.00	0.00	0.00	0.00	0.00	0.00	0.00	0.00	0.00	0.00	0.00	0.00	0.00	0.00	-235.24	0.00	0.00	0.00	0.00	0.00	0.00	0.00	0.00	0.00	0.00	0.00	0.00	0.00	0.00	0.00	0.00
	500	4A	0	001	 2026	000000000001601530	000000000000000000	000000000000000000	MMK		H	  016	OVL	MM1601	OE2	0000201421	JV	MMEP3BRE1B		00000000	MMEP3BRE1B				CB		OVL			0000000000	00000000	-1,096,287.50	0.00	0.00	0.00	0.00	0.00	0.00	0.00	0.00	0.00	0.00	0.00	0.00	0.00	0.00	0.00	0.00	-51,500.58	0.00	0.00	0.00	0.00	0.00	0.00	0.00	0.00	0.00	0.00	0.00	0.00	0.00	0.00	0.00	0.00	-707.29	0.00	0.00	0.00	0.00	0.00	0.00	0.00	0.00	0.00	0.00	0.00	0.00	0.00	0.00	0.00	0.00
	500	4A	0	001	 2026	000000000001601530	000000000000000000	000000000000000000	MMK		S	  016	OVL	MM1601	OE2	0000201421	JV	MMEP3BRE1B		00000000	MMEP3BRE1B				CB		OVL			0000000000	00000000	        32,745.50	0.00	0.00	0.00	0.00	0.00	0.00	0.00	0.00	0.00	0.00	0.00	0.00	0.00	0.00	0.00	0.00	        1,517.93	0.00	0.00	0.00	0.00	0.00	0.00	0.00	0.00	0.00	0.00	0.00	0.00	0.00	0.00	0.00	0.00	         21.63	0.00	0.00	0.00	0.00	0.00	0.00	0.00	0.00	0.00	0.00	0.00	0.00	0.00	0.00	0.00	0.00
	500	4A	0	001	 2026	000000000001601531	000000000000000000	000000000000000000	INR		H	  016	OVL	MM1601	OE2	0000201423	JV	MMEP3BRE1B		00000000	MMEP3BRE1B				CB		OVL			0000000000	00000000	-143,035.53	0.00	0.00	0.00	0.00	0.00	0.00	0.00	0.00	0.00	0.00	0.00	0.00	0.00	0.00	0.00	0.00	-143,035.53	0.00	0.00	0.00	0.00	0.00	0.00	0.00	0.00	0.00	0.00	0.00	0.00	0.00	0.00	0.00	0.00	-2,230.01	0.00	0.00	0.00	0.00	0.00	0.00	0.00	0.00	0.00	0.00	0.00	0.00	0.00	0.00	0.00	0.00
	500	4A	0	001	 2026	000000000001601531	000000000000000000	000000000000000000	MMK		H	  016	OVL	MM1601	OE2	0000201423	JV	MMEP3BRE1B		00000000	MMEP3BRE1B				CB		OVL			0000000000	00000000	-29,582,165.50	0.00	0.00	0.00	0.00	0.00	0.00	0.00	0.00	0.00	0.00	0.00	0.00	0.00	0.00	0.00	0.00	-1,313,390.10	0.00	0.00	0.00	0.00	0.00	0.00	0.00	0.00	0.00	0.00	0.00	0.00	0.00	0.00	0.00	0.00	-17,497.81	0.00	0.00	0.00	0.00	0.00	0.00	0.00	0.00	0.00	0.00	0.00	0.00	0.00	0.00	0.00	0.00
	500	4A	0	001	 2026	000000000001601531	000000000000000000	000000000000000000	MMK		S	  016	OVL	MM1601	OE2	0000201423	JV	MMEP3BRE1B		00000000	MMEP3BRE1B				CB		OVL			0000000000	00000000	     1,361,200.00	0.00	0.00	0.00	0.00	0.00	0.00	0.00	0.00	0.00	0.00	0.00	0.00	0.00	0.00	0.00	0.00	       55,221.85	0.00	0.00	0.00	0.00	0.00	0.00	0.00	0.00	0.00	0.00	0.00	0.00	0.00	0.00	0.00	0.00	        653.38	0.00	0.00	0.00	0.00	0.00	0.00	0.00	0.00	0.00	0.00	0.00	0.00	0.00	0.00	0.00	0.00
	500	4A	0	001	 2026	000000000001601531	000000000000000000	000000000000000000	USD		H	  016	OVL	MM1601	OE2	0000201423	JV	MMEP3BRE1B		00000000	MMEP3BRE1B				CB		OVL			0000000000	00000000	-1,012.50	0.00	0.00	0.00	0.00	0.00	0.00	0.00	0.00	0.00	0.00	0.00	0.00	0.00	0.00	0.00	0.00	-78,893.63	0.00	0.00	0.00	0.00	0.00	0.00	0.00	0.00	0.00	0.00	0.00	0.00	0.00	0.00	0.00	0.00	-1,012.50	0.00	0.00	0.00	0.00	0.00	0.00	0.00	0.00	0.00	0.00	0.00	0.00	0.00	0.00	0.00	0.00
	500	4A	0	001	 2026	000000000001601531	000000000000000000	000000000000000000	USD		S	  016	OVL	MM1601	OE2	0000201423	JV	MMEP3BRE1B		00000000	MMEP3BRE1B				CB		OVL			0000000000	00000000	           600.00	0.00	0.00	0.00	0.00	0.00	0.00	0.00	0.00	0.00	0.00	0.00	0.00	0.00	0.00	0.00	0.00	       47,868.00	0.00	0.00	0.00	0.00	0.00	0.00	0.00	0.00	0.00	0.00	0.00	0.00	0.00	0.00	0.00	0.00	        600.00	0.00	0.00	0.00	0.00	0.00	0.00	0.00	0.00	0.00	0.00	0.00	0.00	0.00	0.00	0.00	0.00
	500	4A	0	001	 2026	000000000001601532	000000000000000000	000000000000000000	INR		H	  016	OVL	MM1601	OE2	0000201427	JV	MMEP3BRE1B		00000000	MMEP3BRE1B				CB		OVL			0000000000	00000000	-84,115.32	0.00	0.00	0.00	0.00	0.00	0.00	0.00	0.00	0.00	0.00	0.00	0.00	0.00	0.00	0.00	0.00	-84,115.32	0.00	0.00	0.00	0.00	0.00	0.00	0.00	0.00	0.00	0.00	0.00	0.00	0.00	0.00	0.00	0.00	-1,319.54	0.00	0.00	0.00	0.00	0.00	0.00	0.00	0.00	0.00	0.00	0.00	0.00	0.00	0.00	0.00	0.00
	500	4A	0	001	 2026	000000000001601532	000000000000000000	000000000000000000	MMK		H	  016	OVL	MM1601	OE2	0000201427	JV	MMEP3BRE1B		00000000	MMEP3BRE1B				CB		OVL			0000000000	00000000	-13,632,373.41	0.00	0.00	0.00	0.00	0.00	0.00	0.00	0.00	0.00	0.00	0.00	0.00	0.00	0.00	0.00	0.00	-546,166.64	0.00	0.00	0.00	0.00	0.00	0.00	0.00	0.00	0.00	0.00	0.00	0.00	0.00	0.00	0.00	0.00	-6,964.55	0.00	0.00	0.00	0.00	0.00	0.00	0.00	0.00	0.00	0.00	0.00	0.00	0.00	0.00	0.00	0.00
	500	4A	0	001	 2026	000000000001601532	000000000000000000	000000000000000000	MMK		S	  016	OVL	MM1601	OE2	0000201427	JV	MMEP3BRE1B		00000000	MMEP3BRE1B				CB		OVL			0000000000	00000000	        23,062.50	0.00	0.00	0.00	0.00	0.00	0.00	0.00	0.00	0.00	0.00	0.00	0.00	0.00	0.00	0.00	0.00	          998.84	0.00	0.00	0.00	0.00	0.00	0.00	0.00	0.00	0.00	0.00	0.00	0.00	0.00	0.00	0.00	0.00	         11.07	0.00	0.00	0.00	0.00	0.00	0.00	0.00	0.00	0.00	0.00	0.00	0.00	0.00	0.00	0.00	0.00
	500	4A	0	001	 2026	000000000001601532	000000000000000000	000000000000000000	USD		H	  016	OVL	MM1601	OE2	0000201427	JV	MMEP3BRE1B		00000000	MMEP3BRE1B				CB		OVL			0000000000	00000000	-22,671.52	0.00	0.00	0.00	0.00	0.00	0.00	0.00	0.00	0.00	0.00	0.00	0.00	0.00	0.00	0.00	0.00	-1,727,407.89	0.00	0.00	0.00	0.00	0.00	0.00	0.00	0.00	0.00	0.00	0.00	0.00	0.00	0.00	0.00	0.00	-22,671.52	0.00	0.00	0.00	0.00	0.00	0.00	0.00	0.00	0.00	0.00	0.00	0.00	0.00	0.00	0.00	0.00
	500	4A	0	001	 2026	000000000001601532	000000000000000000	000000000000000000	USD		S	  016	OVL	MM1601	OE2	0000201427	JV	MMEP3BRE1B		00000000	MMEP3BRE1B				CB		OVL			0000000000	00000000	        10,064.06	0.00	0.00	0.00	0.00	0.00	0.00	0.00	0.00	0.00	0.00	0.00	0.00	0.00	0.00	0.00	0.00	      743,659.99	0.00	0.00	0.00	0.00	0.00	0.00	0.00	0.00	0.00	0.00	0.00	0.00	0.00	0.00	0.00	0.00	     10,064.06	0.00	0.00	0.00	0.00	0.00	0.00	0.00	0.00	0.00	0.00	0.00	0.00	0.00	0.00	0.00	0.00
	500	4A	0	001	 2026	000000000001601533	000000000000000000	000000000000000000	INR		H	  016	OVL	MM1601	OE2	0000201428	JV	MMEP3BRE1B		00000000	MMEP3BRE1B				CB		OVL			0000000000	00000000	-46,011.38	0.00	0.00	0.00	0.00	0.00	0.00	0.00	0.00	0.00	0.00	0.00	0.00	0.00	0.00	0.00	0.00	-46,011.38	0.00	0.00	0.00	0.00	0.00	0.00	0.00	0.00	0.00	0.00	0.00	0.00	0.00	0.00	0.00	0.00	-716.32	0.00	0.00	0.00	0.00	0.00	0.00	0.00	0.00	0.00	0.00	0.00	0.00	0.00	0.00	0.00	0.00
	500	4A	0	001	 2026	000000000001601533	000000000000000000	000000000000000000	MMK		H	  016	OVL	MM1601	OE2	0000201428	JV	MMEP3BRE1B		00000000	MMEP3BRE1B				CB		OVL			0000000000	00000000	-1,081,907.00	0.00	0.00	0.00	0.00	0.00	0.00	0.00	0.00	0.00	0.00	0.00	0.00	0.00	0.00	0.00	0.00	-50,308.80	0.00	0.00	0.00	0.00	0.00	0.00	0.00	0.00	0.00	0.00	0.00	0.00	0.00	0.00	0.00	0.00	-724.74	0.00	0.00	0.00	0.00	0.00	0.00	0.00	0.00	0.00	0.00	0.00	0.00	0.00	0.00	0.00	0.00
	500	4A	0	001	 2026	000000000001601534	000000000000000000	000000000000000000	INR		H	  016	OVL	MM1601	OE2	0000201430	JV	MMEP3BRE1B		00000000	MMEP3BRE1B				CB		OVL			0000000000	00000000	-87,109.56	0.00	0.00	0.00	0.00	0.00	0.00	0.00	0.00	0.00	0.00	0.00	0.00	0.00	0.00	0.00	0.00	-87,109.56	0.00	0.00	0.00	0.00	0.00	0.00	0.00	0.00	0.00	0.00	0.00	0.00	0.00	0.00	0.00	0.00	-1,358.01	0.00	0.00	0.00	0.00	0.00	0.00	0.00	0.00	0.00	0.00	0.00	0.00	0.00	0.00	0.00	0.00
	500	4A	0	001	 2026	000000000001601534	000000000000000000	000000000000000000	MMK		H	  016	OVL	MM1601	OE2	0000201430	JV	MMEP3BRE1B		00000000	MMEP3BRE1B				CB		OVL			0000000000	00000000	-50,875,301.25	0.00	0.00	0.00	0.00	0.00	0.00	0.00	0.00	0.00	0.00	0.00	0.00	0.00	0.00	0.00	0.00	-2,132,908.75	0.00	0.00	0.00	0.00	0.00	0.00	0.00	0.00	0.00	0.00	0.00	0.00	0.00	0.00	0.00	0.00	-26,397.02	0.00	0.00	0.00	0.00	0.00	0.00	0.00	0.00	0.00	0.00	0.00	0.00	0.00	0.00	0.00	0.00
	500	4A	0	001	 2026	000000000001601534	000000000000000000	000000000000000000	MMK		S	  016	OVL	MM1601	OE2	0000201430	JV	MMEP3BRE1B		00000000	MMEP3BRE1B				CB		OVL			0000000000	00000000	     1,055,800.00	0.00	0.00	0.00	0.00	0.00	0.00	0.00	0.00	0.00	0.00	0.00	0.00	0.00	0.00	0.00	0.00	       44,345.32	0.00	0.00	0.00	0.00	0.00	0.00	0.00	0.00	0.00	0.00	0.00	0.00	0.00	0.00	0.00	0.00	        506.79	0.00	0.00	0.00	0.00	0.00	0.00	0.00	0.00	0.00	0.00	0.00	0.00	0.00	0.00	0.00	0.00
	500	4A	0	001	 2026	000000000001601534	000000000000000000	000000000000000000	USD		H	  016	OVL	MM1601	OE2	0000201430	JV	MMEP3BRE1B		00000000	MMEP3BRE1B				CB		OVL			0000000000	00000000	-814.50	0.00	0.00	0.00	0.00	0.00	0.00	0.00	0.00	0.00	0.00	0.00	0.00	0.00	0.00	0.00	0.00	-64,144.97	0.00	0.00	0.00	0.00	0.00	0.00	0.00	0.00	0.00	0.00	0.00	0.00	0.00	0.00	0.00	0.00	-814.50	0.00	0.00	0.00	0.00	0.00	0.00	0.00	0.00	0.00	0.00	0.00	0.00	0.00	0.00	0.00	0.00
	500	4A	0	001	 2026	000000000001601535	000000000000000000	000000000000000000	INR		H	  016	OVL	MM1601	OE2	0000201438	JV	MMEP3BRE1B		00000000	MMEP3BRE1B				CB		OVL			0000000000	00000000	-52,395.61	0.00	0.00	0.00	0.00	0.00	0.00	0.00	0.00	0.00	0.00	0.00	0.00	0.00	0.00	0.00	0.00	-52,395.61	0.00	0.00	0.00	0.00	0.00	0.00	0.00	0.00	0.00	0.00	0.00	0.00	0.00	0.00	0.00	0.00	-815.27	0.00	0.00	0.00	0.00	0.00	0.00	0.00	0.00	0.00	0.00	0.00	0.00	0.00	0.00	0.00	0.00
	500	4A	0	001	 2026	000000000001601535	000000000000000000	000000000000000000	MMK		H	  016	OVL	MM1601	OE2	0000201438	JV	MMEP3BRE1B		00000000	MMEP3BRE1B				CB		OVL			0000000000	00000000	-22,450,876.00	0.00	0.00	0.00	0.00	0.00	0.00	0.00	0.00	0.00	0.00	0.00	0.00	0.00	0.00	0.00	0.00	-944,681.63	0.00	0.00	0.00	0.00	0.00	0.00	0.00	0.00	0.00	0.00	0.00	0.00	0.00	0.00	0.00	0.00	-11,560.55	0.00	0.00	0.00	0.00	0.00	0.00	0.00	0.00	0.00	0.00	0.00	0.00	0.00	0.00	0.00	0.00
	500	4A	0	001	 2026	000000000001601535	000000000000000000	000000000000000000	MMK		S	  016	OVL	MM1601	OE2	0000201438	JV	MMEP3BRE1B		00000000	MMEP3BRE1B				CB		OVL			0000000000	00000000	       547,500.00	0.00	0.00	0.00	0.00	0.00	0.00	0.00	0.00	0.00	0.00	0.00	0.00	0.00	0.00	0.00	0.00	       23,712.23	0.00	0.00	0.00	0.00	0.00	0.00	0.00	0.00	0.00	0.00	0.00	0.00	0.00	0.00	0.00	0.00	        262.80	0.00	0.00	0.00	0.00	0.00	0.00	0.00	0.00	0.00	0.00	0.00	0.00	0.00	0.00	0.00	0.00
	500	4A	0	001	 2026	000000000001601536	000000000000000000	000000000000000000	INR		H	  016	OVL	MM1601	OE2	0000201499	JV	MMEP3BRE1B		00000000	MMEP3BRE1B				CB		OVL			0000000000	00000000	-9,218.51	0.00	0.00	0.00	0.00	0.00	0.00	0.00	0.00	0.00	0.00	0.00	0.00	0.00	0.00	0.00	0.00	-9,218.51	0.00	0.00	0.00	0.00	0.00	0.00	0.00	0.00	0.00	0.00	0.00	0.00	0.00	0.00	0.00	0.00	-143.61	0.00	0.00	0.00	0.00	0.00	0.00	0.00	0.00	0.00	0.00	0.00	0.00	0.00	0.00	0.00	0.00
	500	4A	0	001	 2026	000000000001601536	000000000000000000	000000000000000000	MMK		H	  016	OVL	MM1601	OE2	0000201499	JV	MMEP3BRE1B		00000000	MMEP3BRE1B				CB		OVL			0000000000	00000000	-17,092,679.50	0.00	0.00	0.00	0.00	0.00	0.00	0.00	0.00	0.00	0.00	0.00	0.00	0.00	0.00	0.00	0.00	-749,168.61	0.00	0.00	0.00	0.00	0.00	0.00	0.00	0.00	0.00	0.00	0.00	0.00	0.00	0.00	0.00	0.00	-9,678.25	0.00	0.00	0.00	0.00	0.00	0.00	0.00	0.00	0.00	0.00	0.00	0.00	0.00	0.00	0.00	0.00
	500	4A	0	001	 2026	000000000001601536	000000000000000000	000000000000000000	MMK		S	  016	OVL	MM1601	OE2	0000201499	JV	MMEP3BRE1B		00000000	MMEP3BRE1B				CB		OVL			0000000000	00000000	     2,873,800.00	0.00	0.00	0.00	0.00	0.00	0.00	0.00	0.00	0.00	0.00	0.00	0.00	0.00	0.00	0.00	0.00	      115,450.39	0.00	0.00	0.00	0.00	0.00	0.00	0.00	0.00	0.00	0.00	0.00	0.00	0.00	0.00	0.00	0.00	      1,396.32	0.00	0.00	0.00	0.00	0.00	0.00	0.00	0.00	0.00	0.00	0.00	0.00	0.00	0.00	0.00	0.00
	500	4A	0	001	 2026	000000000001601536	000000000000000000	000000000000000000	USD		H	  016	OVL	MM1601	OE2	0000201499	JV	MMEP3BRE1B		00000000	MMEP3BRE1B				CB		OVL			0000000000	00000000	-69.50	0.00	0.00	0.00	0.00	0.00	0.00	0.00	0.00	0.00	0.00	0.00	0.00	0.00	0.00	0.00	0.00	-5,766.71	0.00	0.00	0.00	0.00	0.00	0.00	0.00	0.00	0.00	0.00	0.00	0.00	0.00	0.00	0.00	0.00	-69.50	0.00	0.00	0.00	0.00	0.00	0.00	0.00	0.00	0.00	0.00	0.00	0.00	0.00	0.00	0.00	0.00
	500	4A	0	001	 2026	000000000001601557	000000000000000000	000000000000000000	INR		H	  016	OVL	MM1601	OE2	0000200886	JV			00129412	MMEP3BRE1B				CB		OVL			0000000000	00000000	-3,426,334.90	0.00	0.00	0.00	0.00	0.00	0.00	0.00	0.00	0.00	0.00	0.00	0.00	0.00	0.00	0.00	0.00	-3,426,334.90	0.00	0.00	0.00	0.00	0.00	0.00	0.00	0.00	0.00	0.00	0.00	0.00	0.00	0.00	0.00	0.00	-53,738.55	0.00	0.00	0.00	0.00	0.00	0.00	0.00	0.00	0.00	0.00	0.00	0.00	0.00	0.00	0.00	0.00
	500	4A	0	001	 2026	000000000001601557	000000000000000000	000000000000000000	MMK		H	  016	OVL	MM1601	OE2	0000200886	JV			00129412	MMEP3BRE1B				CB		OVL			0000000000	00000000	-325,839,373.67	0.00	0.00	0.00	0.00	0.00	0.00	0.00	0.00	0.00	0.00	0.00	0.00	0.00	0.00	0.00	0.00	-14,611,854.84	0.00	0.00	0.00	0.00	0.00	0.00	0.00	0.00	0.00	0.00	0.00	0.00	0.00	0.00	0.00	0.00	-209,891.40	0.00	0.00	0.00	0.00	0.00	0.00	0.00	0.00	0.00	0.00	0.00	0.00	0.00	0.00	0.00	0.00
	500	4A	0	001	 2026	000000000001601558	000000000000000000	000000000000000000	INR		S	  016	OVL	MM1601	OE2	0000239099	JV			00000000	MMEP3BRE1B				CB		OVL			0000000000	00000000	       209,832.26	0.00	0.00	0.00	0.00	0.00	0.00	0.00	0.00	0.00	0.00	0.00	0.00	0.00	0.00	0.00	0.00	      209,832.26	0.00	0.00	0.00	0.00	0.00	0.00	0.00	0.00	0.00	0.00	0.00	0.00	0.00	0.00	0.00	0.00	      3,242.23	0.00	0.00	0.00	0.00	0.00	0.00	0.00	0.00	0.00	0.00	0.00	0.00	0.00	0.00	0.00	0.00
	500	4A	0	001	 2026	000000000001601558	000000000000000000	000000000000000000	MMK		S	  016	OVL	MM1601	OE2	0000239099	JV			00000000	MMEP3BRE1B				CB		OVL			0000000000	00000000	     1,137,653.00	0.00	0.00	0.00	0.00	0.00	0.00	0.00	0.00	0.00	0.00	0.00	0.00	0.00	0.00	0.00	0.00	       55,301.31	0.00	0.00	0.00	0.00	0.00	0.00	0.00	0.00	0.00	0.00	0.00	0.00	0.00	0.00	0.00	0.00	        853.24	0.00	0.00	0.00	0.00	0.00	0.00	0.00	0.00	0.00	0.00	0.00	0.00	0.00	0.00	0.00	0.00
	500	4A	0	001	 2026	000000000001602703	000000000000000000	000000000000000000	EUR		H	  016	OVL	MM1601	OE2	0000100702	JV			00000000	MMEP3BRE1B				CP		OVL			0000000000	00000000	-3,634,993.74	0.00	0.00	0.00	0.00	0.00	0.00	0.00	0.00	0.00	0.00	0.00	0.00	0.00	0.00	0.00	0.00	-287,731,182.32	0.00	0.00	0.00	0.00	0.00	0.00	0.00	0.00	0.00	0.00	0.00	0.00	0.00	0.00	0.00	0.00	-4,439,093.99	0.00	0.00	0.00	0.00	0.00	0.00	0.00	0.00	0.00	0.00	0.00	0.00	0.00	0.00	0.00	0.00
	500	4A	0	001	 2026	000000000001602703	000000000000000000	000000000000000000	EUR		S	  016	OVL	MM1601	OE2	0000100702	JV			00000000	MMEP3BRE1B				CP		OVL			0000000000	00000000	     3,634,993.74	0.00	0.00	0.00	0.00	0.00	0.00	0.00	0.00	0.00	0.00	0.00	0.00	0.00	0.00	0.00	0.00	  287,731,182.32	0.00	0.00	0.00	0.00	0.00	0.00	0.00	0.00	0.00	0.00	0.00	0.00	0.00	0.00	0.00	0.00	  4,439,093.99	0.00	0.00	0.00	0.00	0.00	0.00	0.00	0.00	0.00	0.00	0.00	0.00	0.00	0.00	0.00	0.00
	500	4A	0	001	 2026	000000000001602703	000000000000000000	000000000000000000	USD		H	  016	OVL	MM1601	OE2	0000100702	JV			00000000	MMEP3BRE1B				CP		OVL			0000000000	00000000	-7,862,731.17	0.00	0.00	0.00	0.00	0.00	0.00	0.00	0.00	0.00	0.00	0.00	0.00	0.00	0.00	0.00	0.00	-552,630,445.44	0.00	0.00	0.00	0.00	0.00	0.00	0.00	0.00	0.00	0.00	0.00	0.00	0.00	0.00	0.00	0.00	-7,862,731.17	0.00	0.00	0.00	0.00	0.00	0.00	0.00	0.00	0.00	0.00	0.00	0.00	0.00	0.00	0.00	0.00
	500	4A	0	001	 2026	000000000001602703	000000000000000000	000000000000000000	USD		S	  016	OVL	MM1601	OE2	0000100702	JV			00000000	MMEP3BRE1B				CP		OVL			0000000000	00000000	     7,862,731.17	0.00	0.00	0.00	0.00	0.00	0.00	0.00	0.00	0.00	0.00	0.00	0.00	0.00	0.00	0.00	0.00	  552,630,445.44	0.00	0.00	0.00	0.00	0.00	0.00	0.00	0.00	0.00	0.00	0.00	0.00	0.00	0.00	0.00	0.00	  7,862,731.17	0.00	0.00	0.00	0.00	0.00	0.00	0.00	0.00	0.00	0.00	0.00	0.00	0.00	0.00	0.00	0.00
	500	4A	0	001	 2026	000000000001602704	000000000000000000	000000000000000000	EUR		H	  016	OVL	MM1601	OE2	0000100703	JV			00000000	MMEP3BRE1B				CP		OVL			0000000000	00000000	-3,634,993.74	0.00	0.00	0.00	0.00	0.00	0.00	0.00	0.00	0.00	0.00	0.00	0.00	0.00	0.00	0.00	0.00	-287,731,182.32	0.00	0.00	0.00	0.00	0.00	0.00	0.00	0.00	0.00	0.00	0.00	0.00	0.00	0.00	0.00	0.00	-4,439,093.99	0.00	0.00	0.00	0.00	0.00	0.00	0.00	0.00	0.00	0.00	0.00	0.00	0.00	0.00	0.00	0.00
	500	4A	0	001	 2026	000000000001602704	000000000000000000	000000000000000000	EUR		S	  016	OVL	MM1601	OE2	0000100703	JV			00000000	MMEP3BRE1B				CP		OVL			0000000000	00000000	     3,333,561.00	0.00	0.00	0.00	0.00	0.00	0.00	0.00	0.00	0.00	0.00	0.00	0.00	0.00	0.00	0.00	0.00	  264,802,954.39	0.00	0.00	0.00	0.00	0.00	0.00	0.00	0.00	0.00	0.00	0.00	0.00	0.00	0.00	0.00	0.00	  4,082,614.63	0.00	0.00	0.00	0.00	0.00	0.00	0.00	0.00	0.00	0.00	0.00	0.00	0.00	0.00	0.00	0.00
	500	4A	0	001	 2026	000000000001602704	000000000000000000	000000000000000000	USD		H	  016	OVL	MM1601	OE2	0000100703	JV			00000000	MMEP3BRE1B				CP		OVL			0000000000	00000000	-8,335,774.76	0.00	0.00	0.00	0.00	0.00	0.00	0.00	0.00	0.00	0.00	0.00	0.00	0.00	0.00	0.00	0.00	-590,957,797.01	0.00	0.00	0.00	0.00	0.00	0.00	0.00	0.00	0.00	0.00	0.00	0.00	0.00	0.00	0.00	0.00	-8,335,774.76	0.00	0.00	0.00	0.00	0.00	0.00	0.00	0.00	0.00	0.00	0.00	0.00	0.00	0.00	0.00	0.00
	500	4A	0	001	 2026	000000000001602704	000000000000000000	000000000000000000	USD		S	  016	OVL	MM1601	OE2	0000100703	JV			00000000	MMEP3BRE1B				CP		OVL			0000000000	00000000	       483,043.66	0.00	0.00	0.00	0.00	0.00	0.00	0.00	0.00	0.00	0.00	0.00	0.00	0.00	0.00	0.00	0.00	   38,210,615.75	0.00	0.00	0.00	0.00	0.00	0.00	0.00	0.00	0.00	0.00	0.00	0.00	0.00	0.00	0.00	0.00	    483,043.66	0.00	0.00	0.00	0.00	0.00	0.00	0.00	0.00	0.00	0.00	0.00	0.00	0.00	0.00	0.00	0.00
	500	4A	0	001	 2026	000000000001602708	000000000000000000	000000000000000000	INR		H	  016	OVL	MM1601	OE2	0000200886	JV	MMEP3BRE1B		00000000	MMEP3BRE1B				BR		OVL			0000000000	00000000	-790,500.00	0.00	0.00	0.00	0.00	0.00	0.00	0.00	0.00	0.00	0.00	0.00	0.00	0.00	0.00	0.00	0.00	-790,500.00	0.00	0.00	0.00	0.00	0.00	0.00	0.00	0.00	0.00	0.00	0.00	0.00	0.00	0.00	0.00	0.00	-11,914.09	0.00	0.00	0.00	0.00	0.00	0.00	0.00	0.00	0.00	0.00	0.00	0.00	0.00	0.00	0.00	0.00
	500	4A	0	001	 2026	000000000001602708	000000000000000000	000000000000000000	MMK		H	  016	OVL	MM1601	OE2	0000200886	JV	MMEP3BRE1B		00000000	MMEP3BRE1B				BR		OVL			0000000000	00000000	-4,296,500.00	0.00	0.00	0.00	0.00	0.00	0.00	0.00	0.00	0.00	0.00	0.00	0.00	0.00	0.00	0.00	0.00	-193,885.19	0.00	0.00	0.00	0.00	0.00	0.00	0.00	0.00	0.00	0.00	0.00	0.00	0.00	0.00	0.00	0.00	-2,682.17	0.00	0.00	0.00	0.00	0.00	0.00	0.00	0.00	0.00	0.00	0.00	0.00	0.00	0.00	0.00	0.00
	500	4A	0	001	 2026	000000000001602708	000000000000000000	000000000000000000	MMK		S	  016	OVL	MM1601	OE2	0000200886	JV	MMEP3BRE1B		00000000	MMEP3BRE1B				BR		OVL			0000000000	00000000	   107,466,306.72	0.00	0.00	0.00	0.00	0.00	0.00	0.00	0.00	0.00	0.00	0.00	0.00	0.00	0.00	0.00	0.00	    5,461,317.43	0.00	0.00	0.00	0.00	0.00	0.00	0.00	0.00	0.00	0.00	0.00	0.00	0.00	0.00	0.00	0.00	     78,921.76	0.00	0.00	0.00	0.00	0.00	0.00	0.00	0.00	0.00	0.00	0.00	0.00	0.00	0.00	0.00	0.00
	500	4A	0	001	 2026	000000000001602708	000000000000000000	000000000000000000	USD		H	  016	OVL	MM1601	OE2	0000200886	JV	MMEP3BRE1B		00000000	MMEP3BRE1B				BR		OVL			0000000000	00000000	-2,336.20	0.00	0.00	0.00	0.00	0.00	0.00	0.00	0.00	0.00	0.00	0.00	0.00	0.00	0.00	0.00	0.00	-171,056.56	0.00	0.00	0.00	0.00	0.00	0.00	0.00	0.00	0.00	0.00	0.00	0.00	0.00	0.00	0.00	0.00	-2,336.20	0.00	0.00	0.00	0.00	0.00	0.00	0.00	0.00	0.00	0.00	0.00	0.00	0.00	0.00	0.00	0.00
	500	4A	0	001	 2026	000000000001602708	000000000000000000	000000000000000000	USD		S	  016	OVL	MM1601	OE2	0000200886	JV	MMEP3BRE1B		00000000	MMEP3BRE1B				BR		OVL			0000000000	00000000	         2,336.20	0.00	0.00	0.00	0.00	0.00	0.00	0.00	0.00	0.00	0.00	0.00	0.00	0.00	0.00	0.00	0.00	      171,056.56	0.00	0.00	0.00	0.00	0.00	0.00	0.00	0.00	0.00	0.00	0.00	0.00	0.00	0.00	0.00	0.00	      2,336.20	0.00	0.00	0.00	0.00	0.00	0.00	0.00	0.00	0.00	0.00	0.00	0.00	0.00	0.00	0.00	0.00
	500	4A	0	001	 2026	000000000001602709	000000000000000000	000000000000000000	MMK		H	  016	OVL	MM1601	OE2	0000200799	JV	MMEP3BRE1B		00000000	MMEP3BRE1B				BR		OVL			0000000000	00000000	-55,525.00	0.00	0.00	0.00	0.00	0.00	0.00	0.00	0.00	0.00	0.00	0.00	0.00	0.00	0.00	0.00	0.00	-2,436.23	0.00	0.00	0.00	0.00	0.00	0.00	0.00	0.00	0.00	0.00	0.00	0.00	0.00	0.00	0.00	0.00	-33.56	0.00	0.00	0.00	0.00	0.00	0.00	0.00	0.00	0.00	0.00	0.00	0.00	0.00	0.00	0.00	0.00
	500	4A	0	001	 2026	000000000001602709	000000000000000000	000000000000000000	MMK		S	  016	OVL	MM1601	OE2	0000200799	JV	MMEP3BRE1B		00000000	MMEP3BRE1B				BR		OVL			0000000000	00000000	     1,501,500.00	0.00	0.00	0.00	0.00	0.00	0.00	0.00	0.00	0.00	0.00	0.00	0.00	0.00	0.00	0.00	0.00	       62,877.14	0.00	0.00	0.00	0.00	0.00	0.00	0.00	0.00	0.00	0.00	0.00	0.00	0.00	0.00	0.00	0.00	        801.75	0.00	0.00	0.00	0.00	0.00	0.00	0.00	0.00	0.00	0.00	0.00	0.00	0.00	0.00	0.00	0.00
	500	4A	0	001	 2026	000000000001602726	000000000000000000	000000000000000000	INR		H	  016	OVL	MM1601	OE2	0000100298	JV			00000000	MMEP3BRE1B				BR		OVL			0000000000	00000000	-1,929,703.12	0.00	0.00	0.00	0.00	0.00	0.00	0.00	0.00	0.00	0.00	0.00	0.00	0.00	0.00	0.00	0.00	-1,929,703.12	0.00	0.00	0.00	0.00	0.00	0.00	0.00	0.00	0.00	0.00	0.00	0.00	0.00	0.00	0.00	0.00	-25,884.76	0.00	0.00	0.00	0.00	0.00	0.00	0.00	0.00	0.00	0.00	0.00	0.00	0.00	0.00	0.00	0.00
	500	4A	0	001	 2026	000000000001602726	000000000000000000	000000000000000000	INR		S	  016	OVL	MM1601	OE2	0000100298	JV			00000000	MMEP3BRE1B				BR		OVL			0000000000	00000000	     3,142,847.49	0.00	0.00	0.00	0.00	0.00	0.00	0.00	0.00	0.00	0.00	0.00	0.00	0.00	0.00	0.00	0.00	    3,142,847.49	0.00	0.00	0.00	0.00	0.00	0.00	0.00	0.00	0.00	0.00	0.00	0.00	0.00	0.00	0.00	0.00	     43,817.78	0.00	0.00	0.00	0.00	0.00	0.00	0.00	0.00	0.00	0.00	0.00	0.00	0.00	0.00	0.00	0.00
	500	4A	0	001	 2026	000000000001602726	000000000000000000	000000000000000000	MMK		H	  016	OVL	MM1601	OE2	0000100298	JV			00000000	MMEP3BRE1B				BR		OVL			0000000000	00000000	-80,443,175.73	0.00	0.00	0.00	0.00	0.00	0.00	0.00	0.00	0.00	0.00	0.00	0.00	0.00	0.00	0.00	0.00	-3,387,524.57	0.00	0.00	0.00	0.00	0.00	0.00	0.00	0.00	0.00	0.00	0.00	0.00	0.00	0.00	0.00	0.00	-38,612.72	0.00	0.00	0.00	0.00	0.00	0.00	0.00	0.00	0.00	0.00	0.00	0.00	0.00	0.00	0.00	0.00
	500	4A	0	001	 2026	000000000001602726	000000000000000000	000000000000000000	MMK		S	  016	OVL	MM1601	OE2	0000100298	JV			00000000	MMEP3BRE1B				BR		OVL			0000000000	00000000	    94,008,031.56	0.00	0.00	0.00	0.00	0.00	0.00	0.00	0.00	0.00	0.00	0.00	0.00	0.00	0.00	0.00	0.00	    3,878,147.26	0.00	0.00	0.00	0.00	0.00	0.00	0.00	0.00	0.00	0.00	0.00	0.00	0.00	0.00	0.00	0.00	     45,123.86	0.00	0.00	0.00	0.00	0.00	0.00	0.00	0.00	0.00	0.00	0.00	0.00	0.00	0.00	0.00	0.00
	500	4A	0	001	 2026	000000000001602726	000000000000000000	000000000000000000	USD		H	  016	OVL	MM1601	OE2	0000100298	JV			00000000	MMEP3BRE1B				BR		OVL			0000000000	00000000	-182,875.39	0.00	0.00	0.00	0.00	0.00	0.00	0.00	0.00	0.00	0.00	0.00	0.00	0.00	0.00	0.00	0.00	-13,725,575.27	0.00	0.00	0.00	0.00	0.00	0.00	0.00	0.00	0.00	0.00	0.00	0.00	0.00	0.00	0.00	0.00	-182,945.91	0.00	0.00	0.00	0.00	0.00	0.00	0.00	0.00	0.00	0.00	0.00	0.00	0.00	0.00	0.00	0.00
	500	4A	0	001	 2026	000000000001602726	000000000000000000	000000000000000000	USD		S	  016	OVL	MM1601	OE2	0000100298	JV			00000000	MMEP3BRE1B				BR		OVL			0000000000	00000000	       163,010.97	0.00	0.00	0.00	0.00	0.00	0.00	0.00	0.00	0.00	0.00	0.00	0.00	0.00	0.00	0.00	0.00	   12,291,677.65	0.00	0.00	0.00	0.00	0.00	0.00	0.00	0.00	0.00	0.00	0.00	0.00	0.00	0.00	0.00	0.00	    163,081.49	0.00	0.00	0.00	0.00	0.00	0.00	0.00	0.00	0.00	0.00	0.00	0.00	0.00	0.00	0.00	0.00
	500	4A	0	001	 2026	000000000001602727	000000000000000000	000000000000000000	INR		S	  016	OVL	MM1601	OE2	0000201701	JV	MMEP3BRE1B		00000000	MMEP3BRE1B				BR		OVL			0000000000	00000000	       246,292.18	0.00	0.00	0.00	0.00	0.00	0.00	0.00	0.00	0.00	0.00	0.00	0.00	0.00	0.00	0.00	0.00	      246,292.18	0.00	0.00	0.00	0.00	0.00	0.00	0.00	0.00	0.00	0.00	0.00	0.00	0.00	0.00	0.00	0.00	      3,120.99	0.00	0.00	0.00	0.00	0.00	0.00	0.00	0.00	0.00	0.00	0.00	0.00	0.00	0.00	0.00	0.00
	500	4A	0	001	 2026	000000000001602727	000000000000000000	000000000000000000	MMK		H	  016	OVL	MM1601	OE2	0000201701	JV	MMEP3BRE1B		00000000	MMEP3BRE1B				BR		OVL			0000000000	00000000	-1,407,000.00	0.00	0.00	0.00	0.00	0.00	0.00	0.00	0.00	0.00	0.00	0.00	0.00	0.00	0.00	0.00	0.00	-60,660.46	0.00	0.00	0.00	0.00	0.00	0.00	0.00	0.00	0.00	0.00	0.00	0.00	0.00	0.00	0.00	0.00	-731.64	0.00	0.00	0.00	0.00	0.00	0.00	0.00	0.00	0.00	0.00	0.00	0.00	0.00	0.00	0.00	0.00
	500	4A	0	001	 2026	000000000001602727	000000000000000000	000000000000000000	MMK		S	  016	OVL	MM1601	OE2	0000201701	JV	MMEP3BRE1B		00000000	MMEP3BRE1B				BR		OVL			0000000000	00000000	     2,345,000.00	0.00	0.00	0.00	0.00	0.00	0.00	0.00	0.00	0.00	0.00	0.00	0.00	0.00	0.00	0.00	0.00	       99,854.79	0.00	0.00	0.00	0.00	0.00	0.00	0.00	0.00	0.00	0.00	0.00	0.00	0.00	0.00	0.00	0.00	      1,238.16	0.00	0.00	0.00	0.00	0.00	0.00	0.00	0.00	0.00	0.00	0.00	0.00	0.00	0.00	0.00	0.00
	500	4A	0	001	 2026	000000000001602727	000000000000000000	000000000000000000	USD		H	  016	OVL	MM1601	OE2	0000201701	JV	MMEP3BRE1B		00000000	MMEP3BRE1B				BR		OVL			0000000000	00000000	-26,432.66	0.00	0.00	0.00	0.00	0.00	0.00	0.00	0.00	0.00	0.00	0.00	0.00	0.00	0.00	0.00	0.00	-2,159,828.62	0.00	0.00	0.00	0.00	0.00	0.00	0.00	0.00	0.00	0.00	0.00	0.00	0.00	0.00	0.00	0.00	-26,432.66	0.00	0.00	0.00	0.00	0.00	0.00	0.00	0.00	0.00	0.00	0.00	0.00	0.00	0.00	0.00	0.00
	500	4A	0	001	 2026	000000000001602727	000000000000000000	000000000000000000	USD		S	  016	OVL	MM1601	OE2	0000201701	JV	MMEP3BRE1B		00000000	MMEP3BRE1B				BR		OVL			0000000000	00000000	       116,042.60	0.00	0.00	0.00	0.00	0.00	0.00	0.00	0.00	0.00	0.00	0.00	0.00	0.00	0.00	0.00	0.00	    8,717,665.66	0.00	0.00	0.00	0.00	0.00	0.00	0.00	0.00	0.00	0.00	0.00	0.00	0.00	0.00	0.00	0.00	    116,042.60	0.00	0.00	0.00	0.00	0.00	0.00	0.00	0.00	0.00	0.00	0.00	0.00	0.00	0.00	0.00	0.00
	500	4A	0	001	 2026	000000000001602774	000000000000000000	000000000000000000	INR		H	  016	OVL	MM1601	OE2	0000100298	JV	MMEP3BRE1B		00000000	MMEP3BRE1B				BR		OVL			0000000000	00000000	-7,516,528.87	0.00	0.00	0.00	0.00	0.00	0.00	0.00	0.00	0.00	0.00	0.00	0.00	0.00	0.00	0.00	0.00	-7,516,528.87	0.00	0.00	0.00	0.00	0.00	0.00	0.00	0.00	0.00	0.00	0.00	0.00	0.00	0.00	0.00	0.00	-109,552.50	0.00	0.00	0.00	0.00	0.00	0.00	0.00	0.00	0.00	0.00	0.00	0.00	0.00	0.00	0.00	0.00
	500	4A	0	001	 2026	000000000001602774	000000000000000000	000000000000000000	INR		S	  016	OVL	MM1601	OE2	0000100298	JV	MMEP3BRE1B		00000000	MMEP3BRE1B				BR		OVL			0000000000	00000000	     7,835,064.87	0.00	0.00	0.00	0.00	0.00	0.00	0.00	0.00	0.00	0.00	0.00	0.00	0.00	0.00	0.00	0.00	    7,835,064.87	0.00	0.00	0.00	0.00	0.00	0.00	0.00	0.00	0.00	0.00	0.00	0.00	0.00	0.00	0.00	0.00	    114,251.50	0.00	0.00	0.00	0.00	0.00	0.00	0.00	0.00	0.00	0.00	0.00	0.00	0.00	0.00	0.00	0.00
	500	4A	0	001	 2026	000000000001602774	000000000000000000	000000000000000000	MMK		H	  016	OVL	MM1601	OE2	0000100298	JV	MMEP3BRE1B		00000000	MMEP3BRE1B				BR		OVL			0000000000	00000000	-21,350,400.00	0.00	0.00	0.00	0.00	0.00	0.00	0.00	0.00	0.00	0.00	0.00	0.00	0.00	0.00	0.00	0.00	-1,036,886.00	0.00	0.00	0.00	0.00	0.00	0.00	0.00	0.00	0.00	0.00	0.00	0.00	0.00	0.00	0.00	0.00	-15,949.00	0.00	0.00	0.00	0.00	0.00	0.00	0.00	0.00	0.00	0.00	0.00	0.00	0.00	0.00	0.00	0.00
	500	4A	0	001	 2026	000000000001602774	000000000000000000	000000000000000000	MMK		S	  016	OVL	MM1601	OE2	0000100298	JV	MMEP3BRE1B		00000000	MMEP3BRE1B				BR		OVL			0000000000	00000000	    15,000,000.00	0.00	0.00	0.00	0.00	0.00	0.00	0.00	0.00	0.00	0.00	0.00	0.00	0.00	0.00	0.00	0.00	      718,350.00	0.00	0.00	0.00	0.00	0.00	0.00	0.00	0.00	0.00	0.00	0.00	0.00	0.00	0.00	0.00	0.00	     11,250.00	0.00	0.00	0.00	0.00	0.00	0.00	0.00	0.00	0.00	0.00	0.00	0.00	0.00	0.00	0.00	0.00
	500	4A	0	001	 2026	000000000001602774	000000000000000000	000000000000000000	USD		H	  016	OVL	MM1601	OE2	0000100298	JV	MMEP3BRE1B		00000000	MMEP3BRE1B				BR		OVL			0000000000	00000000	-68,564.70	0.00	0.00	0.00	0.00	0.00	0.00	0.00	0.00	0.00	0.00	0.00	0.00	0.00	0.00	0.00	0.00	-4,937,894.49	0.00	0.00	0.00	0.00	0.00	0.00	0.00	0.00	0.00	0.00	0.00	0.00	0.00	0.00	0.00	0.00	-68,564.70	0.00	0.00	0.00	0.00	0.00	0.00	0.00	0.00	0.00	0.00	0.00	0.00	0.00	0.00	0.00	0.00
	500	4A	0	001	 2026	000000000001602774	000000000000000000	000000000000000000	USD		S	  016	OVL	MM1601	OE2	0000100298	JV	MMEP3BRE1B		00000000	MMEP3BRE1B				BR		OVL			0000000000	00000000	        70,496.10	0.00	0.00	0.00	0.00	0.00	0.00	0.00	0.00	0.00	0.00	0.00	0.00	0.00	0.00	0.00	0.00	    5,010,428.22	0.00	0.00	0.00	0.00	0.00	0.00	0.00	0.00	0.00	0.00	0.00	0.00	0.00	0.00	0.00	0.00	     70,496.10	0.00	0.00	0.00	0.00	0.00	0.00	0.00	0.00	0.00	0.00	0.00	0.00	0.00	0.00	0.00	0.00
	500	4A	0	001	 2026	000000000001602915	000000000000000000	000000000000000000	USD		H	  016	OVL	MM1601	OE2	0000190104	JV			00000000	MMEP3BRE1B				BR		OVL			0000000000	00000000	-6,582,258.99	0.00	0.00	0.00	0.00	0.00	0.00	0.00	0.00	0.00	0.00	0.00	0.00	0.00	0.00	0.00	0.00	-424,566,110.28	0.00	0.00	0.00	0.00	0.00	0.00	0.00	0.00	0.00	0.00	0.00	0.00	0.00	0.00	0.00	0.00	-6,582,258.99	0.00	0.00	0.00	0.00	0.00	0.00	0.00	0.00	0.00	0.00	0.00	0.00	0.00	0.00	0.00	0.00
	500	4A	0	001	 2026	000000000001602915	000000000000000000	000000000000000000	USD		S	  016	OVL	MM1601	OE2	0000190104	JV			00000000	MMEP3BRE1B				BR		OVL			0000000000	00000000	     6,382,258.99	0.00	0.00	0.00	0.00	0.00	0.00	0.00	0.00	0.00	0.00	0.00	0.00	0.00	0.00	0.00	0.00	  407,998,110.28	0.00	0.00	0.00	0.00	0.00	0.00	0.00	0.00	0.00	0.00	0.00	0.00	0.00	0.00	0.00	0.00	  6,382,258.99	0.00	0.00	0.00	0.00	0.00	0.00	0.00	0.00	0.00	0.00	0.00	0.00	0.00	0.00	0.00	0.00
	500	4A	0	001	 2026	000000000001602916	000000000000000000	000000000000000000	EUR		S	  016	OVL	MM1601	OE2	0000200855	JV			00129412	MMEP3BRE1B				BR		OVL			0000000000	00000000	       435,909.79	0.00	0.00	0.00	0.00	0.00	0.00	0.00	0.00	0.00	0.00	0.00	0.00	0.00	0.00	0.00	0.00	   33,421,203.60	0.00	0.00	0.00	0.00	0.00	0.00	0.00	0.00	0.00	0.00	0.00	0.00	0.00	0.00	0.00	0.00	    529,063.71	0.00	0.00	0.00	0.00	0.00	0.00	0.00	0.00	0.00	0.00	0.00	0.00	0.00	0.00	0.00	0.00
	500	4A	0	001	 2026	000000000001602916	000000000000000000	000000000000000000	MMK		H	  016	OVL	MM1601	OE2	0000200855	JV			00129412	MMEP3BRE1B				BR		OVL			0000000000	00000000	-2,663,640.00	0.00	0.00	0.00	0.00	0.00	0.00	0.00	0.00	0.00	0.00	0.00	0.00	0.00	0.00	0.00	0.00	-125,244.35	0.00	0.00	0.00	0.00	0.00	0.00	0.00	0.00	0.00	0.00	0.00	0.00	0.00	0.00	0.00	0.00	-1,971.09	0.00	0.00	0.00	0.00	0.00	0.00	0.00	0.00	0.00	0.00	0.00	0.00	0.00	0.00	0.00	0.00
	500	4A	0	001	 2026	000000000001602916	000000000000000000	000000000000000000	MMK		S	  016	OVL	MM1601	OE2	0000200855	JV			00129412	MMEP3BRE1B				BR		OVL			0000000000	00000000	   122,265,216.14	0.00	0.00	0.00	0.00	0.00	0.00	0.00	0.00	0.00	0.00	0.00	0.00	0.00	0.00	0.00	0.00	    6,040,981.74	0.00	0.00	0.00	0.00	0.00	0.00	0.00	0.00	0.00	0.00	0.00	0.00	0.00	0.00	0.00	0.00	     90,897.87	0.00	0.00	0.00	0.00	0.00	0.00	0.00	0.00	0.00	0.00	0.00	0.00	0.00	0.00	0.00	0.00
	500	4A	0	001	 2026	000000000001602916	000000000000000000	000000000000000000	USD		H	  016	OVL	MM1601	OE2	0000200855	JV			00129412	MMEP3BRE1B				BR		OVL			0000000000	00000000	-3,514,215.95	0.00	0.00	0.00	0.00	0.00	0.00	0.00	0.00	0.00	0.00	0.00	0.00	0.00	0.00	0.00	0.00	-221,804,756.12	0.00	0.00	0.00	0.00	0.00	0.00	0.00	0.00	0.00	0.00	0.00	0.00	0.00	0.00	0.00	0.00	-3,514,215.95	0.00	0.00	0.00	0.00	0.00	0.00	0.00	0.00	0.00	0.00	0.00	0.00	0.00	0.00	0.00	0.00
	500	4A	0	001	 2026	000000000001602916	000000000000000000	000000000000000000	USD		S	  016	OVL	MM1601	OE2	0000200855	JV			00129412	MMEP3BRE1B				BR		OVL			0000000000	00000000	     7,029,697.06	0.00	0.00	0.00	0.00	0.00	0.00	0.00	0.00	0.00	0.00	0.00	0.00	0.00	0.00	0.00	0.00	  457,625,924.06	0.00	0.00	0.00	0.00	0.00	0.00	0.00	0.00	0.00	0.00	0.00	0.00	0.00	0.00	0.00	0.00	  7,029,697.06	0.00	0.00	0.00	0.00	0.00	0.00	0.00	0.00	0.00	0.00	0.00	0.00	0.00	0.00	0.00	0.00
	500	4A	0	001	 2026	000000000001603461	000000000000000000	000000000000000000	USD		H	  016	OVL	MM1601	OE2	0000190101	JV			00000000	MMEP3BRE1B				BR		OVL			0000000000	00000000	-3,981,797.62	0.00	0.00	0.00	0.00	0.00	0.00	0.00	0.00	0.00	0.00	0.00	0.00	0.00	0.00	0.00	0.00	-295,384,804.13	0.00	0.00	0.00	0.00	0.00	0.00	0.00	0.00	0.00	0.00	0.00	0.00	0.00	0.00	0.00	0.00	-3,981,797.62	0.00	0.00	0.00	0.00	0.00	0.00	0.00	0.00	0.00	0.00	0.00	0.00	0.00	0.00	0.00	0.00
	500	4A	0	001	 2026	000000000001603461	000000000000000000	000000000000000000	USD		S	  016	OVL	MM1601	OE2	0000190101	JV			00000000	MMEP3BRE1B				BR		OVL			0000000000	00000000	     3,847,587.62	0.00	0.00	0.00	0.00	0.00	0.00	0.00	0.00	0.00	0.00	0.00	0.00	0.00	0.00	0.00	0.00	  283,937,797.63	0.00	0.00	0.00	0.00	0.00	0.00	0.00	0.00	0.00	0.00	0.00	0.00	0.00	0.00	0.00	0.00	  3,847,587.62	0.00	0.00	0.00	0.00	0.00	0.00	0.00	0.00	0.00	0.00	0.00	0.00	0.00	0.00	0.00	0.00
	500	4A	0	001	 2026	000000000001603558	000000000000000000	000000000000000000	MMK		S	  016	OVL	MM1601	OE2	0000209929	JV	MMEP3BRE1B		00000000	MMEP3BRE1B				BR		OVL			0000000000	00000000	    24,147,729.82	0.00	0.00	0.00	0.00	0.00	0.00	0.00	0.00	0.00	0.00	0.00	0.00	0.00	0.00	0.00	0.00	    1,025,885.39	0.00	0.00	0.00	0.00	0.00	0.00	0.00	0.00	0.00	0.00	0.00	0.00	0.00	0.00	0.00	0.00	     12,073.87	0.00	0.00	0.00	0.00	0.00	0.00	0.00	0.00	0.00	0.00	0.00	0.00	0.00	0.00	0.00	0.00
	500	4A	0	001	 2026	000000000001603558	000000000000000000	000000000000000000	USD		H	  016	OVL	MM1601	OE2	0000209929	JV	MMEP3BRE1B		00000000	MMEP3BRE1B				BR		OVL			0000000000	00000000	-707,010.77	0.00	0.00	0.00	0.00	0.00	0.00	0.00	0.00	0.00	0.00	0.00	0.00	0.00	0.00	0.00	0.00	-52,209,253.05	0.00	0.00	0.00	0.00	0.00	0.00	0.00	0.00	0.00	0.00	0.00	0.00	0.00	0.00	0.00	0.00	-707,010.77	0.00	0.00	0.00	0.00	0.00	0.00	0.00	0.00	0.00	0.00	0.00	0.00	0.00	0.00	0.00	0.00
	500	4A	0	001	 2026	000000000001603558	000000000000000000	000000000000000000	USD		S	  016	OVL	MM1601	OE2	0000209929	JV	MMEP3BRE1B		00000000	MMEP3BRE1B				BR		OVL			0000000000	00000000	     1,647,649.08	0.00	0.00	0.00	0.00	0.00	0.00	0.00	0.00	0.00	0.00	0.00	0.00	0.00	0.00	0.00	0.00	  118,296,986.01	0.00	0.00	0.00	0.00	0.00	0.00	0.00	0.00	0.00	0.00	0.00	0.00	0.00	0.00	0.00	0.00	  1,647,649.08	0.00	0.00	0.00	0.00	0.00	0.00	0.00	0.00	0.00	0.00	0.00	0.00	0.00	0.00	0.00	0.00
	500	4A	0	001	 2026	000000000001603559	000000000000000000	000000000000000000	INR		H	  016	OVL	MM1601	OE2	0000209929	JV	MMEP3BRE1B		00000000	MMEP3BRE1B				CB		OVL			0000000000	00000000	-8,643,345.00	0.00	0.00	0.00	0.00	0.00	0.00	0.00	0.00	0.00	0.00	0.00	0.00	0.00	0.00	0.00	0.00	-8,643,345.00	0.00	0.00	0.00	0.00	0.00	0.00	0.00	0.00	0.00	0.00	0.00	0.00	0.00	0.00	0.00	0.00	-134,200.00	0.00	0.00	0.00	0.00	0.00	0.00	0.00	0.00	0.00	0.00	0.00	0.00	0.00	0.00	0.00	0.00
	500	4A	0	001	 2026	000000000001603559	000000000000000000	000000000000000000	MMK		H	  016	OVL	MM1601	OE2	0000209929	JV	MMEP3BRE1B		00000000	MMEP3BRE1B				CB		OVL			0000000000	00000000	-24,147,729.82	0.00	0.00	0.00	0.00	0.00	0.00	0.00	0.00	0.00	0.00	0.00	0.00	0.00	0.00	0.00	0.00	-1,025,885.39	0.00	0.00	0.00	0.00	0.00	0.00	0.00	0.00	0.00	0.00	0.00	0.00	0.00	0.00	0.00	0.00	-12,073.87	0.00	0.00	0.00	0.00	0.00	0.00	0.00	0.00	0.00	0.00	0.00	0.00	0.00	0.00	0.00	0.00
	500	4A	0	001	 2026	000000000001603559	000000000000000000	000000000000000000	USD		H	  016	OVL	MM1601	OE2	0000209929	JV	MMEP3BRE1B		00000000	MMEP3BRE1B				CB		OVL			0000000000	00000000	-1,353,962.79	0.00	0.00	0.00	0.00	0.00	0.00	0.00	0.00	0.00	0.00	0.00	0.00	0.00	0.00	0.00	0.00	-97,319,957.85	0.00	0.00	0.00	0.00	0.00	0.00	0.00	0.00	0.00	0.00	0.00	0.00	0.00	0.00	0.00	0.00	-1,353,962.79	0.00	0.00	0.00	0.00	0.00	0.00	0.00	0.00	0.00	0.00	0.00	0.00	0.00	0.00	0.00	0.00
	500	4A	0	001	 2026	000000000001603559	000000000000000000	000000000000000000	USD		S	  016	OVL	MM1601	OE2	0000209929	JV	MMEP3BRE1B		00000000	MMEP3BRE1B				CB		OVL			0000000000	00000000	       547,524.48	0.00	0.00	0.00	0.00	0.00	0.00	0.00	0.00	0.00	0.00	0.00	0.00	0.00	0.00	0.00	0.00	   39,875,569.89	0.00	0.00	0.00	0.00	0.00	0.00	0.00	0.00	0.00	0.00	0.00	0.00	0.00	0.00	0.00	0.00	    547,524.48	0.00	0.00	0.00	0.00	0.00	0.00	0.00	0.00	0.00	0.00	0.00	0.00	0.00	0.00	0.00	0.00
	500	4A	0	001	 2026	000000000001603560	000000000000000000	000000000000000000	INR		S	  016	OVL	MM1601	OE2	0000321901	JV			00000000	MMEP3BRE1B				CB		OVL			0000000000	00000000	    38,166,668.87	0.00	0.00	0.00	0.00	0.00	0.00	0.00	0.00	0.00	0.00	0.00	0.00	0.00	0.00	0.00	0.00	   38,166,668.87	0.00	0.00	0.00	0.00	0.00	0.00	0.00	0.00	0.00	0.00	0.00	0.00	0.00	0.00	0.00	0.00	    594,961.98	0.00	0.00	0.00	0.00	0.00	0.00	0.00	0.00	0.00	0.00	0.00	0.00	0.00	0.00	0.00	0.00
	500	4A	0	001	 2026	000000000001603560	000000000000000000	000000000000000000	USD		H	  016	OVL	MM1601	OE2	0000321901	JV			00000000	MMEP3BRE1B				CB		OVL			0000000000	00000000	-5,265,315.59	0.00	0.00	0.00	0.00	0.00	0.00	0.00	0.00	0.00	0.00	0.00	0.00	0.00	0.00	0.00	0.00	-351,772,325.42	0.00	0.00	0.00	0.00	0.00	0.00	0.00	0.00	0.00	0.00	0.00	0.00	0.00	0.00	0.00	0.00	-5,265,315.59	0.00	0.00	0.00	0.00	0.00	0.00	0.00	0.00	0.00	0.00	0.00	0.00	0.00	0.00	0.00	0.00
	500	4A	0	001	 2026	000000000001603560	000000000000000000	000000000000000000	USD		S	  016	OVL	MM1601	OE2	0000321901	JV			00000000	MMEP3BRE1B				CB		OVL			0000000000	00000000	     5,004,563.61	0.00	0.00	0.00	0.00	0.00	0.00	0.00	0.00	0.00	0.00	0.00	0.00	0.00	0.00	0.00	0.00	  341,620,663.05	0.00	0.00	0.00	0.00	0.00	0.00	0.00	0.00	0.00	0.00	0.00	0.00	0.00	0.00	0.00	0.00	  5,004,563.61	0.00	0.00	0.00	0.00	0.00	0.00	0.00	0.00	0.00	0.00	0.00	0.00	0.00	0.00	0.00	0.00
	500	4A	0	001	 2026	000000000001603563	000000000000000000	000000000000000000	INR		H	  016	OVL	MM1601	OE2	0000200799	JV	MMEP3BRE1B		00000000	MMEP3BRE1B				CB		OVL			0000000000	00000000	-825.98	0.00	0.00	0.00	0.00	0.00	0.00	0.00	0.00	0.00	0.00	0.00	0.00	0.00	0.00	0.00	0.00	-825.98	0.00	0.00	0.00	0.00	0.00	0.00	0.00	0.00	0.00	0.00	0.00	0.00	0.00	0.00	0.00	0.00	-12.88	0.00	0.00	0.00	0.00	0.00	0.00	0.00	0.00	0.00	0.00	0.00	0.00	0.00	0.00	0.00	0.00
	500	4A	0	001	 2026	000000000001603563	000000000000000000	000000000000000000	MMK		H	  016	OVL	MM1601	OE2	0000200799	JV	MMEP3BRE1B		00000000	MMEP3BRE1B				CB		OVL			0000000000	00000000	-1,428,575.00	0.00	0.00	0.00	0.00	0.00	0.00	0.00	0.00	0.00	0.00	0.00	0.00	0.00	0.00	0.00	0.00	-59,614.93	0.00	0.00	0.00	0.00	0.00	0.00	0.00	0.00	0.00	0.00	0.00	0.00	0.00	0.00	0.00	0.00	-755.31	0.00	0.00	0.00	0.00	0.00	0.00	0.00	0.00	0.00	0.00	0.00	0.00	0.00	0.00	0.00	0.00
	500	4A	0	001	 2026	000000000001603565	000000000000000000	000000000000000000	INR		H	  016	OVL	MM1601	OE2	0000100298	JV			00000000	MMEP3BRE1B				CB		OVL			0000000000	00000000	-3,571,921.22	0.00	0.00	0.00	0.00	0.00	0.00	0.00	0.00	0.00	0.00	0.00	0.00	0.00	0.00	0.00	0.00	-3,571,921.22	0.00	0.00	0.00	0.00	0.00	0.00	0.00	0.00	0.00	0.00	0.00	0.00	0.00	0.00	0.00	0.00	-52,338.44	0.00	0.00	0.00	0.00	0.00	0.00	0.00	0.00	0.00	0.00	0.00	0.00	0.00	0.00	0.00	0.00
	500	4A	0	001	 2026	000000000001603565	000000000000000000	000000000000000000	INR		S	  016	OVL	MM1601	OE2	0000100298	JV			00000000	MMEP3BRE1B				CB		OVL			0000000000	00000000	       559,259.43	0.00	0.00	0.00	0.00	0.00	0.00	0.00	0.00	0.00	0.00	0.00	0.00	0.00	0.00	0.00	0.00	      559,259.43	0.00	0.00	0.00	0.00	0.00	0.00	0.00	0.00	0.00	0.00	0.00	0.00	0.00	0.00	0.00	0.00	      7,875.63	0.00	0.00	0.00	0.00	0.00	0.00	0.00	0.00	0.00	0.00	0.00	0.00	0.00	0.00	0.00	0.00
	500	4A	0	001	 2026	000000000001603565	000000000000000000	000000000000000000	MMK		H	  016	OVL	MM1601	OE2	0000100298	JV			00000000	MMEP3BRE1B				CB		OVL			0000000000	00000000	-81,056,079.70	0.00	0.00	0.00	0.00	0.00	0.00	0.00	0.00	0.00	0.00	0.00	0.00	0.00	0.00	0.00	0.00	-3,330,612.52	0.00	0.00	0.00	0.00	0.00	0.00	0.00	0.00	0.00	0.00	0.00	0.00	0.00	0.00	0.00	0.00	-38,906.92	0.00	0.00	0.00	0.00	0.00	0.00	0.00	0.00	0.00	0.00	0.00	0.00	0.00	0.00	0.00	0.00
	500	4A	0	001	 2026	000000000001603565	000000000000000000	000000000000000000	MMK		S	  016	OVL	MM1601	OE2	0000100298	JV			00000000	MMEP3BRE1B				CB		OVL			0000000000	00000000	    67,491,223.87	0.00	0.00	0.00	0.00	0.00	0.00	0.00	0.00	0.00	0.00	0.00	0.00	0.00	0.00	0.00	0.00	    2,839,989.83	0.00	0.00	0.00	0.00	0.00	0.00	0.00	0.00	0.00	0.00	0.00	0.00	0.00	0.00	0.00	0.00	     32,395.78	0.00	0.00	0.00	0.00	0.00	0.00	0.00	0.00	0.00	0.00	0.00	0.00	0.00	0.00	0.00	0.00
	500	4A	0	001	 2026	000000000001603565	000000000000000000	000000000000000000	USD		H	  016	OVL	MM1601	OE2	0000100298	JV			00000000	MMEP3BRE1B				CB		OVL			0000000000	00000000	-176,216.64	0.00	0.00	0.00	0.00	0.00	0.00	0.00	0.00	0.00	0.00	0.00	0.00	0.00	0.00	0.00	0.00	-13,057,937.07	0.00	0.00	0.00	0.00	0.00	0.00	0.00	0.00	0.00	0.00	0.00	0.00	0.00	0.00	0.00	0.00	-177,331.69	0.00	0.00	0.00	0.00	0.00	0.00	0.00	0.00	0.00	0.00	0.00	0.00	0.00	0.00	0.00	0.00
	500	4A	0	001	 2026	000000000001603565	000000000000000000	000000000000000000	USD		S	  016	OVL	MM1601	OE2	0000100298	JV			00000000	MMEP3BRE1B				CB		OVL			0000000000	00000000	       222,254.33	0.00	0.00	0.00	0.00	0.00	0.00	0.00	0.00	0.00	0.00	0.00	0.00	0.00	0.00	0.00	0.00	   16,291,352.11	0.00	0.00	0.00	0.00	0.00	0.00	0.00	0.00	0.00	0.00	0.00	0.00	0.00	0.00	0.00	0.00	    223,725.90	0.00	0.00	0.00	0.00	0.00	0.00	0.00	0.00	0.00	0.00	0.00	0.00	0.00	0.00	0.00	0.00
	500	4A	0	001	 2026	000000000001603566	000000000000000000	000000000000000000	INR		H	  016	OVL	MM1601	OE2	0000100298	JV	MMEP3BRE1B		00000000	MMEP3BRE1B				CB		OVL			0000000000	00000000	-4,456,723.30	0.00	0.00	0.00	0.00	0.00	0.00	0.00	0.00	0.00	0.00	0.00	0.00	0.00	0.00	0.00	0.00	-4,456,723.30	0.00	0.00	0.00	0.00	0.00	0.00	0.00	0.00	0.00	0.00	0.00	0.00	0.00	0.00	0.00	0.00	-64,433.00	0.00	0.00	0.00	0.00	0.00	0.00	0.00	0.00	0.00	0.00	0.00	0.00	0.00	0.00	0.00	0.00
	500	4A	0	001	 2026	000000000001603566	000000000000000000	000000000000000000	INR		S	  016	OVL	MM1601	OE2	0000100298	JV	MMEP3BRE1B		00000000	MMEP3BRE1B				CB		OVL			0000000000	00000000	     4,058,553.30	0.00	0.00	0.00	0.00	0.00	0.00	0.00	0.00	0.00	0.00	0.00	0.00	0.00	0.00	0.00	0.00	    4,058,553.30	0.00	0.00	0.00	0.00	0.00	0.00	0.00	0.00	0.00	0.00	0.00	0.00	0.00	0.00	0.00	0.00	     58,559.00	0.00	0.00	0.00	0.00	0.00	0.00	0.00	0.00	0.00	0.00	0.00	0.00	0.00	0.00	0.00	0.00
	500	4A	0	001	 2026	000000000001603566	000000000000000000	000000000000000000	MMK		H	  016	OVL	MM1601	OE2	0000100298	JV	MMEP3BRE1B		00000000	MMEP3BRE1B				CB		OVL			0000000000	00000000	-15,000,000.00	0.00	0.00	0.00	0.00	0.00	0.00	0.00	0.00	0.00	0.00	0.00	0.00	0.00	0.00	0.00	0.00	-718,350.00	0.00	0.00	0.00	0.00	0.00	0.00	0.00	0.00	0.00	0.00	0.00	0.00	0.00	0.00	0.00	0.00	-11,250.00	0.00	0.00	0.00	0.00	0.00	0.00	0.00	0.00	0.00	0.00	0.00	0.00	0.00	0.00	0.00	0.00
	500	4A	0	001	 2026	000000000001603566	000000000000000000	000000000000000000	MMK		S	  016	OVL	MM1601	OE2	0000100298	JV	MMEP3BRE1B		00000000	MMEP3BRE1B				CB		OVL			0000000000	00000000	    16,587,600.00	0.00	0.00	0.00	0.00	0.00	0.00	0.00	0.00	0.00	0.00	0.00	0.00	0.00	0.00	0.00	0.00	      797,984.00	0.00	0.00	0.00	0.00	0.00	0.00	0.00	0.00	0.00	0.00	0.00	0.00	0.00	0.00	0.00	0.00	     12,425.00	0.00	0.00	0.00	0.00	0.00	0.00	0.00	0.00	0.00	0.00	0.00	0.00	0.00	0.00	0.00	0.00
	500	4A	0	001	 2026	000000000001603566	000000000000000000	000000000000000000	USD		H	  016	OVL	MM1601	OE2	0000100298	JV	MMEP3BRE1B		00000000	MMEP3BRE1B				CB		OVL			0000000000	00000000	-162,670.78	0.00	0.00	0.00	0.00	0.00	0.00	0.00	0.00	0.00	0.00	0.00	0.00	0.00	0.00	0.00	0.00	-12,070,158.95	0.00	0.00	0.00	0.00	0.00	0.00	0.00	0.00	0.00	0.00	0.00	0.00	0.00	0.00	0.00	0.00	-177,046.27	0.00	0.00	0.00	0.00	0.00	0.00	0.00	0.00	0.00	0.00	0.00	0.00	0.00	0.00	0.00	0.00
	500	4A	0	001	 2026	000000000001603566	000000000000000000	000000000000000000	USD		S	  016	OVL	MM1601	OE2	0000100298	JV	MMEP3BRE1B		00000000	MMEP3BRE1B				CB		OVL			0000000000	00000000	       165,341.84	0.00	0.00	0.00	0.00	0.00	0.00	0.00	0.00	0.00	0.00	0.00	0.00	0.00	0.00	0.00	0.00	   12,316,161.22	0.00	0.00	0.00	0.00	0.00	0.00	0.00	0.00	0.00	0.00	0.00	0.00	0.00	0.00	0.00	0.00	    179,813.87	0.00	0.00	0.00	0.00	0.00	0.00	0.00	0.00	0.00	0.00	0.00	0.00	0.00	0.00	0.00	0.00
	500	4A	0	001	 2026	000000000001603567	000000000000000000	000000000000000000	INR		H	  016	OVL	MM1601	OE2	0000200855	JV			00129412	MMEP3BRE1B				CB		OVL			0000000000	00000000	-62,062,627.36	0.00	0.00	0.00	0.00	0.00	0.00	0.00	0.00	0.00	0.00	0.00	0.00	0.00	0.00	0.00	0.00	-62,062,627.36	0.00	0.00	0.00	0.00	0.00	0.00	0.00	0.00	0.00	0.00	0.00	0.00	0.00	0.00	0.00	0.00	-976,062.13	0.00	0.00	0.00	0.00	0.00	0.00	0.00	0.00	0.00	0.00	0.00	0.00	0.00	0.00	0.00	0.00
	500	4A	0	001	 2026	000000000001603567	000000000000000000	000000000000000000	MMK		H	  016	OVL	MM1601	OE2	0000200855	JV			00129412	MMEP3BRE1B				CB		OVL			0000000000	00000000	-119,601,576.14	0.00	0.00	0.00	0.00	0.00	0.00	0.00	0.00	0.00	0.00	0.00	0.00	0.00	0.00	0.00	0.00	-5,915,737.39	0.00	0.00	0.00	0.00	0.00	0.00	0.00	0.00	0.00	0.00	0.00	0.00	0.00	0.00	0.00	0.00	-88,926.78	0.00	0.00	0.00	0.00	0.00	0.00	0.00	0.00	0.00	0.00	0.00	0.00	0.00	0.00	0.00	0.00
	500	4A	0	001	 2026	000000000001603567	000000000000000000	000000000000000000	USD		H	  016	OVL	MM1601	OE2	0000200855	JV			00129412	MMEP3BRE1B				CB		OVL			0000000000	00000000	-5,205,199.44	0.00	0.00	0.00	0.00	0.00	0.00	0.00	0.00	0.00	0.00	0.00	0.00	0.00	0.00	0.00	0.00	-336,788,478.84	0.00	0.00	0.00	0.00	0.00	0.00	0.00	0.00	0.00	0.00	0.00	0.00	0.00	0.00	0.00	0.00	-5,205,199.44	0.00	0.00	0.00	0.00	0.00	0.00	0.00	0.00	0.00	0.00	0.00	0.00	0.00	0.00	0.00	0.00
	500	4A	0	001	 2026	000000000001603567	000000000000000000	000000000000000000	USD		S	  016	OVL	MM1601	OE2	0000200855	JV			00129412	MMEP3BRE1B				CB		OVL			0000000000	00000000	     2,136,716.75	0.00	0.00	0.00	0.00	0.00	0.00	0.00	0.00	0.00	0.00	0.00	0.00	0.00	0.00	0.00	0.00	  129,608,734.66	0.00	0.00	0.00	0.00	0.00	0.00	0.00	0.00	0.00	0.00	0.00	0.00	0.00	0.00	0.00	0.00	  2,136,716.75	0.00	0.00	0.00	0.00	0.00	0.00	0.00	0.00	0.00	0.00	0.00	0.00	0.00	0.00	0.00	0.00
	500	4A	0	001	 2026	000000000001603568	000000000000000000	000000000000000000	INR		H	  016	OVL	MM1601	OE2	0000201701	JV	MMEP3BRE1B		00000000	MMEP3BRE1B				CB		OVL			0000000000	00000000	-661,565.43	0.00	0.00	0.00	0.00	0.00	0.00	0.00	0.00	0.00	0.00	0.00	0.00	0.00	0.00	0.00	0.00	-661,565.43	0.00	0.00	0.00	0.00	0.00	0.00	0.00	0.00	0.00	0.00	0.00	0.00	0.00	0.00	0.00	0.00	-9,243.26	0.00	0.00	0.00	0.00	0.00	0.00	0.00	0.00	0.00	0.00	0.00	0.00	0.00	0.00	0.00	0.00
	500	4A	0	001	 2026	000000000001603568	000000000000000000	000000000000000000	MMK		H	  016	OVL	MM1601	OE2	0000201701	JV	MMEP3BRE1B		00000000	MMEP3BRE1B				CB		OVL			0000000000	00000000	-1,407,000.00	0.00	0.00	0.00	0.00	0.00	0.00	0.00	0.00	0.00	0.00	0.00	0.00	0.00	0.00	0.00	0.00	-59,000.20	0.00	0.00	0.00	0.00	0.00	0.00	0.00	0.00	0.00	0.00	0.00	0.00	0.00	0.00	0.00	0.00	-731.64	0.00	0.00	0.00	0.00	0.00	0.00	0.00	0.00	0.00	0.00	0.00	0.00	0.00	0.00	0.00	0.00
	500	4A	0	001	 2026	000000000001603568	000000000000000000	000000000000000000	MMK		S	  016	OVL	MM1601	OE2	0000201701	JV	MMEP3BRE1B		00000000	MMEP3BRE1B				CB		OVL			0000000000	00000000	       469,000.00	0.00	0.00	0.00	0.00	0.00	0.00	0.00	0.00	0.00	0.00	0.00	0.00	0.00	0.00	0.00	0.00	       19,805.87	0.00	0.00	0.00	0.00	0.00	0.00	0.00	0.00	0.00	0.00	0.00	0.00	0.00	0.00	0.00	0.00	        225.12	0.00	0.00	0.00	0.00	0.00	0.00	0.00	0.00	0.00	0.00	0.00	0.00	0.00	0.00	0.00	0.00
	500	4A	0	001	 2026	000000000001603568	000000000000000000	000000000000000000	USD		H	  016	OVL	MM1601	OE2	0000201701	JV	MMEP3BRE1B		00000000	MMEP3BRE1B				CB		OVL			0000000000	00000000	-91,420.33	0.00	0.00	0.00	0.00	0.00	0.00	0.00	0.00	0.00	0.00	0.00	0.00	0.00	0.00	0.00	0.00	-6,797,713.41	0.00	0.00	0.00	0.00	0.00	0.00	0.00	0.00	0.00	0.00	0.00	0.00	0.00	0.00	0.00	0.00	-91,420.33	0.00	0.00	0.00	0.00	0.00	0.00	0.00	0.00	0.00	0.00	0.00	0.00	0.00	0.00	0.00	0.00
	500	4A	0	001	 2026	000000000001603568	000000000000000000	000000000000000000	USD		S	  016	OVL	MM1601	OE2	0000201701	JV	MMEP3BRE1B		00000000	MMEP3BRE1B				CB		OVL			0000000000	00000000	         7,932.66	0.00	0.00	0.00	0.00	0.00	0.00	0.00	0.00	0.00	0.00	0.00	0.00	0.00	0.00	0.00	0.00	      655,149.62	0.00	0.00	0.00	0.00	0.00	0.00	0.00	0.00	0.00	0.00	0.00	0.00	0.00	0.00	0.00	0.00	      7,932.66	0.00	0.00	0.00	0.00	0.00	0.00	0.00	0.00	0.00	0.00	0.00	0.00	0.00	0.00	0.00	0.00
	500	4A	0	001	 2026	000000000001605495	000000000000000000	000000000000000000	MMK		H	  016	OVL	MM1601	OE2	0000096451	JV	MMEP3BRE1B		00000000	MMEP3BRE1B				BR		OVL			0000000000	00000000	-2,663,640.00	0.00	0.00	0.00	0.00	0.00	0.00	0.00	0.00	0.00	0.00	0.00	0.00	0.00	0.00	0.00	0.00	-125,244.35	0.00	0.00	0.00	0.00	0.00	0.00	0.00	0.00	0.00	0.00	0.00	0.00	0.00	0.00	0.00	0.00	-1,971.09	0.00	0.00	0.00	0.00	0.00	0.00	0.00	0.00	0.00	0.00	0.00	0.00	0.00	0.00	0.00	0.00
	500	4A	0	001	 2026	000000000001605495	000000000000000000	000000000000000000	MMK		S	  016	OVL	MM1601	OE2	0000096451	JV	MMEP3BRE1B		00000000	MMEP3BRE1B				BR		OVL			0000000000	00000000	     2,663,640.00	0.00	0.00	0.00	0.00	0.00	0.00	0.00	0.00	0.00	0.00	0.00	0.00	0.00	0.00	0.00	0.00	      125,244.35	0.00	0.00	0.00	0.00	0.00	0.00	0.00	0.00	0.00	0.00	0.00	0.00	0.00	0.00	0.00	0.00	      1,971.09	0.00	0.00	0.00	0.00	0.00	0.00	0.00	0.00	0.00	0.00	0.00	0.00	0.00	0.00	0.00	0.00
	500	4A	0	001	 2026	000000000001605533	000000000000000000	000000000000000000	MMK		H	  016	OVL	MM1601	OE2	0000200906	JV	MMEP3BRE1B		00000000	MMEP3BRE1B				BR		OVL			0000000000	00000000	-205,000.00	0.00	0.00	0.00	0.00	0.00	0.00	0.00	0.00	0.00	0.00	0.00	0.00	0.00	0.00	0.00	0.00	-8,808.55	0.00	0.00	0.00	0.00	0.00	0.00	0.00	0.00	0.00	0.00	0.00	0.00	0.00	0.00	0.00	0.00	-98.40	0.00	0.00	0.00	0.00	0.00	0.00	0.00	0.00	0.00	0.00	0.00	0.00	0.00	0.00	0.00	0.00
	500	4A	0	001	 2026	000000000001605533	000000000000000000	000000000000000000	MMK		S	  016	OVL	MM1601	OE2	0000200906	JV	MMEP3BRE1B		00000000	MMEP3BRE1B				BR		OVL			0000000000	00000000	     2,480,087.50	0.00	0.00	0.00	0.00	0.00	0.00	0.00	0.00	0.00	0.00	0.00	0.00	0.00	0.00	0.00	0.00	      109,705.91	0.00	0.00	0.00	0.00	0.00	0.00	0.00	0.00	0.00	0.00	0.00	0.00	0.00	0.00	0.00	0.00	      1,448.63	0.00	0.00	0.00	0.00	0.00	0.00	0.00	0.00	0.00	0.00	0.00	0.00	0.00	0.00	0.00	0.00
	500	4A	0	001	 2026	000000000001605535	000000000000000000	000000000000000000	MMK		H	  016	OVL	MM1601	OE2	0000200450	JV	MMEP3BRE1B		00000000	MMEP3BRE1B				BR		OVL			0000000000	00000000	-1,254,904.00	0.00	0.00	0.00	0.00	0.00	0.00	0.00	0.00	0.00	0.00	0.00	0.00	0.00	0.00	0.00	0.00	-58,869.05	0.00	0.00	0.00	0.00	0.00	0.00	0.00	0.00	0.00	0.00	0.00	0.00	0.00	0.00	0.00	0.00	-827.34	0.00	0.00	0.00	0.00	0.00	0.00	0.00	0.00	0.00	0.00	0.00	0.00	0.00	0.00	0.00	0.00
	500	4A	0	001	 2026	000000000001605535	000000000000000000	000000000000000000	MMK		S	  016	OVL	MM1601	OE2	0000200450	JV	MMEP3BRE1B		00000000	MMEP3BRE1B				BR		OVL			0000000000	00000000	     1,863,715.50	0.00	0.00	0.00	0.00	0.00	0.00	0.00	0.00	0.00	0.00	0.00	0.00	0.00	0.00	0.00	0.00	       90,075.26	0.00	0.00	0.00	0.00	0.00	0.00	0.00	0.00	0.00	0.00	0.00	0.00	0.00	0.00	0.00	0.00	      1,278.61	0.00	0.00	0.00	0.00	0.00	0.00	0.00	0.00	0.00	0.00	0.00	0.00	0.00	0.00	0.00	0.00
	500	4A	0	001	 2026	000000000001605535	000000000000000000	000000000000000000	USD		S	  016	OVL	MM1601	OE2	0000200450	JV	MMEP3BRE1B		00000000	MMEP3BRE1B				BR		OVL			0000000000	00000000	           836.00	0.00	0.00	0.00	0.00	0.00	0.00	0.00	0.00	0.00	0.00	0.00	0.00	0.00	0.00	0.00	0.00	       67,190.34	0.00	0.00	0.00	0.00	0.00	0.00	0.00	0.00	0.00	0.00	0.00	0.00	0.00	0.00	0.00	0.00	        836.00	0.00	0.00	0.00	0.00	0.00	0.00	0.00	0.00	0.00	0.00	0.00	0.00	0.00	0.00	0.00	0.00
	500	4A	0	001	 2026	000000000001605538	000000000000000000	000000000000000000	MMK		H	  016	OVL	MM1601	OE2	0000096493	JV	MMEP3BRE1B		00000000	MMEP3BRE1B				BR		OVL			0000000000	00000000	-1,073,508,665.67	0.00	0.00	0.00	0.00	0.00	0.00	0.00	0.00	0.00	0.00	0.00	0.00	0.00	0.00	0.00	0.00	-51,435,459.25	0.00	0.00	0.00	0.00	0.00	0.00	0.00	0.00	0.00	0.00	0.00	0.00	0.00	0.00	0.00	0.00	-742,851.06	0.00	0.00	0.00	0.00	0.00	0.00	0.00	0.00	0.00	0.00	0.00	0.00	0.00	0.00	0.00	0.00
	500	4A	0	001	 2026	000000000001605538	000000000000000000	000000000000000000	MMK		S	  016	OVL	MM1601	OE2	0000096493	JV	MMEP3BRE1B		00000000	MMEP3BRE1B				BR		OVL			0000000000	00000000	    80,862,664.35	0.00	0.00	0.00	0.00	0.00	0.00	0.00	0.00	0.00	0.00	0.00	0.00	0.00	0.00	0.00	0.00	    3,987,875.46	0.00	0.00	0.00	0.00	0.00	0.00	0.00	0.00	0.00	0.00	0.00	0.00	0.00	0.00	0.00	0.00	     57,815.69	0.00	0.00	0.00	0.00	0.00	0.00	0.00	0.00	0.00	0.00	0.00	0.00	0.00	0.00	0.00	0.00
	500	4A	0	001	 2026	000000000001605539	000000000000000000	000000000000000000	USD		H	  016	OVL	MM1601	OE2	0000096488	JV			00000000	MMEP3BRE1B				BR		OVL			0000000000	00000000	-44,165.23	0.00	0.00	0.00	0.00	0.00	0.00	0.00	0.00	0.00	0.00	0.00	0.00	0.00	0.00	0.00	0.00	-2,922,538.95	0.00	0.00	0.00	0.00	0.00	0.00	0.00	0.00	0.00	0.00	0.00	0.00	0.00	0.00	0.00	0.00	-44,165.23	0.00	0.00	0.00	0.00	0.00	0.00	0.00	0.00	0.00	0.00	0.00	0.00	0.00	0.00	0.00	0.00
	500	4A	0	001	 2026	000000000001605539	000000000000000000	000000000000000000	USD		S	  016	OVL	MM1601	OE2	0000096488	JV			00000000	MMEP3BRE1B				BR		OVL			0000000000	00000000	        44,165.23	0.00	0.00	0.00	0.00	0.00	0.00	0.00	0.00	0.00	0.00	0.00	0.00	0.00	0.00	0.00	0.00	    2,922,538.95	0.00	0.00	0.00	0.00	0.00	0.00	0.00	0.00	0.00	0.00	0.00	0.00	0.00	0.00	0.00	0.00	     44,165.23	0.00	0.00	0.00	0.00	0.00	0.00	0.00	0.00	0.00	0.00	0.00	0.00	0.00	0.00	0.00	0.00
	500	4A	0	001	 2026	000000000001605554	000000000000000000	000000000000000000	USD		H	  016	OVL	MM1601	OE2	0000096490	JV	MMEP3BRE1B		00000000	MMEP3BRE1B				BR		OVL			0000000000	00000000	-5,243,856.70	0.00	0.00	0.00	0.00	0.00	0.00	0.00	0.00	0.00	0.00	0.00	0.00	0.00	0.00	0.00	0.00	-357,193,978.21	0.00	0.00	0.00	0.00	0.00	0.00	0.00	0.00	0.00	0.00	0.00	0.00	0.00	0.00	0.00	0.00	-5,243,856.70	0.00	0.00	0.00	0.00	0.00	0.00	0.00	0.00	0.00	0.00	0.00	0.00	0.00	0.00	0.00	0.00
	500	4A	0	001	 2026	000000000001605554	000000000000000000	000000000000000000	USD		S	  016	OVL	MM1601	OE2	0000096490	JV	MMEP3BRE1B		00000000	MMEP3BRE1B				BR		OVL			0000000000	00000000	     5,349,362.51	0.00	0.00	0.00	0.00	0.00	0.00	0.00	0.00	0.00	0.00	0.00	0.00	0.00	0.00	0.00	0.00	  356,612,554.57	0.00	0.00	0.00	0.00	0.00	0.00	0.00	0.00	0.00	0.00	0.00	0.00	0.00	0.00	0.00	0.00	  5,349,362.51	0.00	0.00	0.00	0.00	0.00	0.00	0.00	0.00	0.00	0.00	0.00	0.00	0.00	0.00	0.00	0.00
	500	4A	0	001	 2026	000000000001605573	000000000000000000	000000000000000000	INR		H	  016	OVL	MM1601	OE2	0000091299	JV	MMEP3BRE1B		00000000	MMEP3BRE1B				CP		OVL			0000000000	00000000	-45,290,946.60	0.00	0.00	0.00	0.00	0.00	0.00	0.00	0.00	0.00	0.00	0.00	0.00	0.00	0.00	0.00	0.00	-45,290,946.60	0.00	0.00	0.00	0.00	0.00	0.00	0.00	0.00	0.00	0.00	0.00	0.00	0.00	0.00	0.00	0.00	-656,918.63	0.00	0.00	0.00	0.00	0.00	0.00	0.00	0.00	0.00	0.00	0.00	0.00	0.00	0.00	0.00	0.00
	500	4A	0	001	 2026	000000000001605573	000000000000000000	000000000000000000	INR		S	  016	OVL	MM1601	OE2	0000091299	JV	MMEP3BRE1B		00000000	MMEP3BRE1B				CP		OVL			0000000000	00000000	     2,475,256.00	0.00	0.00	0.00	0.00	0.00	0.00	0.00	0.00	0.00	0.00	0.00	0.00	0.00	0.00	0.00	0.00	    2,475,256.00	0.00	0.00	0.00	0.00	0.00	0.00	0.00	0.00	0.00	0.00	0.00	0.00	0.00	0.00	0.00	0.00	     34,818.63	0.00	0.00	0.00	0.00	0.00	0.00	0.00	0.00	0.00	0.00	0.00	0.00	0.00	0.00	0.00	0.00
	500	4A	0	001	 2026	000000000001605573	000000000000000000	000000000000000000	MMK		H	  016	OVL	MM1601	OE2	0000091299	JV	MMEP3BRE1B		00000000	MMEP3BRE1B				CP		OVL			0000000000	00000000	-30,121,000.00	0.00	0.00	0.00	0.00	0.00	0.00	0.00	0.00	0.00	0.00	0.00	0.00	0.00	0.00	0.00	0.00	-1,423,830.00	0.00	0.00	0.00	0.00	0.00	0.00	0.00	0.00	0.00	0.00	0.00	0.00	0.00	0.00	0.00	0.00	-20,000.00	0.00	0.00	0.00	0.00	0.00	0.00	0.00	0.00	0.00	0.00	0.00	0.00	0.00	0.00	0.00	0.00
	500	4A	0	001	 2026	000000000001605573	000000000000000000	000000000000000000	USD		H	  016	OVL	MM1601	OE2	0000091299	JV	MMEP3BRE1B		00000000	MMEP3BRE1B				CP		OVL			0000000000	00000000	-6,212.00	0.00	0.00	0.00	0.00	0.00	0.00	0.00	0.00	0.00	0.00	0.00	0.00	0.00	0.00	0.00	0.00	-441,861.12	0.00	0.00	0.00	0.00	0.00	0.00	0.00	0.00	0.00	0.00	0.00	0.00	0.00	0.00	0.00	0.00	-6,212.00	0.00	0.00	0.00	0.00	0.00	0.00	0.00	0.00	0.00	0.00	0.00	0.00	0.00	0.00	0.00	0.00
	500	4A	0	001	 2026	000000000001605573	000000000000000000	000000000000000000	USD		S	  016	OVL	MM1601	OE2	0000091299	JV	MMEP3BRE1B		00000000	MMEP3BRE1B				CP		OVL			0000000000	00000000	       648,312.00	0.00	0.00	0.00	0.00	0.00	0.00	0.00	0.00	0.00	0.00	0.00	0.00	0.00	0.00	0.00	0.00	   44,681,381.72	0.00	0.00	0.00	0.00	0.00	0.00	0.00	0.00	0.00	0.00	0.00	0.00	0.00	0.00	0.00	0.00	    648,312.00	0.00	0.00	0.00	0.00	0.00	0.00	0.00	0.00	0.00	0.00	0.00	0.00	0.00	0.00	0.00	0.00
	500	4A	0	001	 2026	000000000001605575	000000000000000000	000000000000000000	EUR		H	  016	OVL	MM1601	OE2	0000091299	JV			00000000	MMEP3BRE1B				CP		OVL			0000000000	00000000	-2.00	0.00	0.00	0.00	0.00	0.00	0.00	0.00	0.00	0.00	0.00	0.00	0.00	0.00	0.00	0.00	0.00	-180.00	0.00	0.00	0.00	0.00	0.00	0.00	0.00	0.00	0.00	0.00	0.00	0.00	0.00	0.00	0.00	0.00	-2.08	0.00	0.00	0.00	0.00	0.00	0.00	0.00	0.00	0.00	0.00	0.00	0.00	0.00	0.00	0.00	0.00
	500	4A	0	001	 2026	000000000001605575	000000000000000000	000000000000000000	EUR		S	  016	OVL	MM1601	OE2	0000091299	JV			00000000	MMEP3BRE1B				CP		OVL			0000000000	00000000	             1.00	0.00	0.00	0.00	0.00	0.00	0.00	0.00	0.00	0.00	0.00	0.00	0.00	0.00	0.00	0.00	0.00	           90.00	0.00	0.00	0.00	0.00	0.00	0.00	0.00	0.00	0.00	0.00	0.00	0.00	0.00	0.00	0.00	0.00	          1.04	0.00	0.00	0.00	0.00	0.00	0.00	0.00	0.00	0.00	0.00	0.00	0.00	0.00	0.00	0.00	0.00
	500	4A	0	001	 2026	000000000001605575	000000000000000000	000000000000000000	INR		H	  016	OVL	MM1601	OE2	0000091299	JV			00000000	MMEP3BRE1B				CP		OVL			0000000000	00000000	-3,217,438.00	0.00	0.00	0.00	0.00	0.00	0.00	0.00	0.00	0.00	0.00	0.00	0.00	0.00	0.00	0.00	0.00	-3,217,438.00	0.00	0.00	0.00	0.00	0.00	0.00	0.00	0.00	0.00	0.00	0.00	0.00	0.00	0.00	0.00	0.00	-45,000.00	0.00	0.00	0.00	0.00	0.00	0.00	0.00	0.00	0.00	0.00	0.00	0.00	0.00	0.00	0.00	0.00
	500	4A	0	001	 2026	000000000001605575	000000000000000000	000000000000000000	INR		S	  016	OVL	MM1601	OE2	0000091299	JV			00000000	MMEP3BRE1B				CP		OVL			0000000000	00000000	    46,298,410.05	0.00	0.00	0.00	0.00	0.00	0.00	0.00	0.00	0.00	0.00	0.00	0.00	0.00	0.00	0.00	0.00	   46,298,410.05	0.00	0.00	0.00	0.00	0.00	0.00	0.00	0.00	0.00	0.00	0.00	0.00	0.00	0.00	0.00	0.00	    670,295.36	0.00	0.00	0.00	0.00	0.00	0.00	0.00	0.00	0.00	0.00	0.00	0.00	0.00	0.00	0.00	0.00
	500	4A	0	001	 2026	000000000001605575	000000000000000000	000000000000000000	MMK		H	  016	OVL	MM1601	OE2	0000091299	JV			00000000	MMEP3BRE1B				CP		OVL			0000000000	00000000	-1,702,693,346.48	0.00	0.00	0.00	0.00	0.00	0.00	0.00	0.00	0.00	0.00	0.00	0.00	0.00	0.00	0.00	0.00	-77,496,769.86	0.00	0.00	0.00	0.00	0.00	0.00	0.00	0.00	0.00	0.00	0.00	0.00	0.00	0.00	0.00	0.00	-1,063,494.57	0.00	0.00	0.00	0.00	0.00	0.00	0.00	0.00	0.00	0.00	0.00	0.00	0.00	0.00	0.00	0.00
	500	4A	0	001	 2026	000000000001605575	000000000000000000	000000000000000000	MMK		S	  016	OVL	MM1601	OE2	0000091299	JV			00000000	MMEP3BRE1B				CP		OVL			0000000000	00000000	   230,586,968.00	0.00	0.00	0.00	0.00	0.00	0.00	0.00	0.00	0.00	0.00	0.00	0.00	0.00	0.00	0.00	0.00	   10,300,540.46	0.00	0.00	0.00	0.00	0.00	0.00	0.00	0.00	0.00	0.00	0.00	0.00	0.00	0.00	0.00	0.00	    131,286.20	0.00	0.00	0.00	0.00	0.00	0.00	0.00	0.00	0.00	0.00	0.00	0.00	0.00	0.00	0.00	0.00
	500	4A	0	001	 2026	000000000001605575	000000000000000000	000000000000000000	USD		H	  016	OVL	MM1601	OE2	0000091299	JV			00000000	MMEP3BRE1B				CP		OVL			0000000000	00000000	-211,802.69	0.00	0.00	0.00	0.00	0.00	0.00	0.00	0.00	0.00	0.00	0.00	0.00	0.00	0.00	0.00	0.00	-15,875,693.27	0.00	0.00	0.00	0.00	0.00	0.00	0.00	0.00	0.00	0.00	0.00	0.00	0.00	0.00	0.00	0.00	-212,109.82	0.00	0.00	0.00	0.00	0.00	0.00	0.00	0.00	0.00	0.00	0.00	0.00	0.00	0.00	0.00	0.00
	500	4A	0	001	 2026	000000000001605575	000000000000000000	000000000000000000	USD		S	  016	OVL	MM1601	OE2	0000091299	JV			00000000	MMEP3BRE1B				CP		OVL			0000000000	00000000	       519,200.73	0.00	0.00	0.00	0.00	0.00	0.00	0.00	0.00	0.00	0.00	0.00	0.00	0.00	0.00	0.00	0.00	   39,991,040.62	0.00	0.00	0.00	0.00	0.00	0.00	0.00	0.00	0.00	0.00	0.00	0.00	0.00	0.00	0.00	0.00	    519,023.87	0.00	0.00	0.00	0.00	0.00	0.00	0.00	0.00	0.00	0.00	0.00	0.00	0.00	0.00	0.00	0.00
	500	4A	0	001	 2026	000000000001605576	000000000000000000	000000000000000000	MMK		H	  016	OVL	MM1601	OE2	0000096493	JV			00000000	MMEP3BRE1B				BR		OVL			0000000000	00000000	-757,243,530.94	0.00	0.00	0.00	0.00	0.00	0.00	0.00	0.00	0.00	0.00	0.00	0.00	0.00	0.00	0.00	0.00	-32,145,391.38	0.00	0.00	0.00	0.00	0.00	0.00	0.00	0.00	0.00	0.00	0.00	0.00	0.00	0.00	0.00	0.00	-403,160.44	0.00	0.00	0.00	0.00	0.00	0.00	0.00	0.00	0.00	0.00	0.00	0.00	0.00	0.00	0.00	0.00
	500	4A	0	001	 2026	000000000001605576	000000000000000000	000000000000000000	MMK		S	  016	OVL	MM1601	OE2	0000096493	JV			00000000	MMEP3BRE1B				BR		OVL			0000000000	00000000	 1,750,031,541.31	0.00	0.00	0.00	0.00	0.00	0.00	0.00	0.00	0.00	0.00	0.00	0.00	0.00	0.00	0.00	0.00	   79,608,485.27	0.00	0.00	0.00	0.00	0.00	0.00	0.00	0.00	0.00	0.00	0.00	0.00	0.00	0.00	0.00	0.00	  1,088,272.90	0.00	0.00	0.00	0.00	0.00	0.00	0.00	0.00	0.00	0.00	0.00	0.00	0.00	0.00	0.00	0.00
	500	4A	0	001	 2026	000000000001605577	000000000000000000	000000000000000000	INR		H	  016	OVL	MM1601	OE2	0000201920	JV			00000000	MMEP3BRE1B				CP		OVL			0000000000	00000000	             0.00	0.00	0.00	0.00	0.00	0.00	0.00	0.00	0.00	0.00	0.00	0.00	0.00	0.00	0.00	0.00	0.00	            0.00	0.00	0.00	0.00	0.00	0.00	0.00	0.00	0.00	0.00	0.00	0.00	0.00	0.00	0.00	0.00	0.00	-6,226.90	0.00	0.00	0.00	0.00	0.00	0.00	0.00	0.00	0.00	0.00	0.00	0.00	0.00	0.00	0.00	0.00
	500	4A	0	001	 2026	000000000001605577	000000000000000000	000000000000000000	INR		S	  016	OVL	MM1601	OE2	0000201920	JV			00000000	MMEP3BRE1B				CP		OVL			0000000000	00000000	             0.01	0.00	0.00	0.00	0.00	0.00	0.00	0.00	0.00	0.00	0.00	0.00	0.00	0.00	0.00	0.00	0.00	            0.01	0.00	0.00	0.00	0.00	0.00	0.00	0.00	0.00	0.00	0.00	0.00	0.00	0.00	0.00	0.00	0.00	      5,188.22	0.00	0.00	0.00	0.00	0.00	0.00	0.00	0.00	0.00	0.00	0.00	0.00	0.00	0.00	0.00	0.00
	500	4A	0	001	 2026	000000000001605577	000000000000000000	000000000000000000	MMK		H	  016	OVL	MM1601	OE2	0000201920	JV			00000000	MMEP3BRE1B				CP		OVL			0000000000	00000000	-1.01	0.00	0.00	0.00	0.00	0.00	0.00	0.00	0.00	0.00	0.00	0.00	0.00	0.00	0.00	0.00	0.00	-1,184.46	0.00	0.00	0.00	0.00	0.00	0.00	0.00	0.00	0.00	0.00	0.00	0.00	0.00	0.00	0.00	0.00	-0.01	0.00	0.00	0.00	0.00	0.00	0.00	0.00	0.00	0.00	0.00	0.00	0.00	0.00	0.00	0.00	0.00
	500	4A	0	001	 2026	000000000001605577	000000000000000000	000000000000000000	MMK		S	  016	OVL	MM1601	OE2	0000201920	JV			00000000	MMEP3BRE1B				CP		OVL			0000000000	00000000	             0.00	0.00	0.00	0.00	0.00	0.00	0.00	0.00	0.00	0.00	0.00	0.00	0.00	0.00	0.00	0.00	0.00	        1,184.40	0.00	0.00	0.00	0.00	0.00	0.00	0.00	0.00	0.00	0.00	0.00	0.00	0.00	0.00	0.00	0.00	        972.39	0.00	0.00	0.00	0.00	0.00	0.00	0.00	0.00	0.00	0.00	0.00	0.00	0.00	0.00	0.00	0.00
	500	4A	0	001	 2026	000000000001605577	000000000000000000	000000000000000000	USD		H	  016	OVL	MM1601	OE2	0000201920	JV			00000000	MMEP3BRE1B				CP		OVL			0000000000	00000000	-75.51	0.00	0.00	0.00	0.00	0.00	0.00	0.00	0.00	0.00	0.00	0.00	0.00	0.00	0.00	0.00	0.00	-37,586.08	0.00	0.00	0.00	0.00	0.00	0.00	0.00	0.00	0.00	0.00	0.00	0.00	0.00	0.00	0.00	0.00	-2,810.06	0.00	0.00	0.00	0.00	0.00	0.00	0.00	0.00	0.00	0.00	0.00	0.00	0.00	0.00	0.00	0.00
	500	4A	0	001	 2026	000000000001605577	000000000000000000	000000000000000000	USD		S	  016	OVL	MM1601	OE2	0000201920	JV			00000000	MMEP3BRE1B				CP		OVL			0000000000	00000000	           955.79	0.00	0.00	0.00	0.00	0.00	0.00	0.00	0.00	0.00	0.00	0.00	0.00	0.00	0.00	0.00	0.00	       53,327.36	0.00	0.00	0.00	0.00	0.00	0.00	0.00	0.00	0.00	0.00	0.00	0.00	0.00	0.00	0.00	0.00	      4,174.33	0.00	0.00	0.00	0.00	0.00	0.00	0.00	0.00	0.00	0.00	0.00	0.00	0.00	0.00	0.00	0.00
	500	4A	0	001	 2026	000000000001605578	000000000000000000	000000000000000000	INR		H	  016	OVL	MM1601	OE2	0000201920	JV	MMEP3BRE1B		00000000	MMEP3BRE1B				CP		OVL			0000000000	00000000	             0.00	0.00	0.00	0.00	0.00	0.00	0.00	0.00	0.00	0.00	0.00	0.00	0.00	0.00	0.00	0.00	0.00	            0.00	0.00	0.00	0.00	0.00	0.00	0.00	0.00	0.00	0.00	0.00	0.00	0.00	0.00	0.00	0.00	0.00	-4,998.91	0.00	0.00	0.00	0.00	0.00	0.00	0.00	0.00	0.00	0.00	0.00	0.00	0.00	0.00	0.00	0.00
	500	4A	0	001	 2026	000000000001605578	000000000000000000	000000000000000000	INR		S	  016	OVL	MM1601	OE2	0000201920	JV	MMEP3BRE1B		00000000	MMEP3BRE1B				CP		OVL			0000000000	00000000	             0.00	0.00	0.00	0.00	0.00	0.00	0.00	0.00	0.00	0.00	0.00	0.00	0.00	0.00	0.00	0.00	0.00	            0.00	0.00	0.00	0.00	0.00	0.00	0.00	0.00	0.00	0.00	0.00	0.00	0.00	0.00	0.00	0.00	0.00	      6,037.59	0.00	0.00	0.00	0.00	0.00	0.00	0.00	0.00	0.00	0.00	0.00	0.00	0.00	0.00	0.00	0.00
	500	4A	0	001	 2026	000000000001605583	000000000000000000	000000000000000000	INR		H	  016	OVL	MM1601	OE2	0000201920	JV			00000000	MMEP3BRE1B				BR		OVL			0000000000	00000000	-64,183.10	0.00	0.00	0.00	0.00	0.00	0.00	0.00	0.00	0.00	0.00	0.00	0.00	0.00	0.00	0.00	0.00	-64,183.10	0.00	0.00	0.00	0.00	0.00	0.00	0.00	0.00	0.00	0.00	0.00	0.00	0.00	0.00	0.00	0.00	-4,857.60	0.00	0.00	0.00	0.00	0.00	0.00	0.00	0.00	0.00	0.00	0.00	0.00	0.00	0.00	0.00	0.00
	500	4A	0	001	 2026	000000000001605583	000000000000000000	000000000000000000	INR		S	  016	OVL	MM1601	OE2	0000201920	JV			00000000	MMEP3BRE1B				BR		OVL			0000000000	00000000	        64,167.23	0.00	0.00	0.00	0.00	0.00	0.00	0.00	0.00	0.00	0.00	0.00	0.00	0.00	0.00	0.00	0.00	       64,167.23	0.00	0.00	0.00	0.00	0.00	0.00	0.00	0.00	0.00	0.00	0.00	0.00	0.00	0.00	0.00	0.00	      4,038.62	0.00	0.00	0.00	0.00	0.00	0.00	0.00	0.00	0.00	0.00	0.00	0.00	0.00	0.00	0.00	0.00
	500	4A	0	001	 2026	000000000001605583	000000000000000000	000000000000000000	MMK		H	  016	OVL	MM1601	OE2	0000201920	JV			00000000	MMEP3BRE1B				BR		OVL			0000000000	00000000	-73,522.93	0.00	0.00	0.00	0.00	0.00	0.00	0.00	0.00	0.00	0.00	0.00	0.00	0.00	0.00	0.00	0.00	-314,437.84	0.00	0.00	0.00	0.00	0.00	0.00	0.00	0.00	0.00	0.00	0.00	0.00	0.00	0.00	0.00	0.00	-10,068.52	0.00	0.00	0.00	0.00	0.00	0.00	0.00	0.00	0.00	0.00	0.00	0.00	0.00	0.00	0.00	0.00
	500	4A	0	001	 2026	000000000001605583	000000000000000000	000000000000000000	MMK		S	  016	OVL	MM1601	OE2	0000201920	JV			00000000	MMEP3BRE1B				BR		OVL			0000000000	00000000	       178,511.19	0.00	0.00	0.00	0.00	0.00	0.00	0.00	0.00	0.00	0.00	0.00	0.00	0.00	0.00	0.00	0.00	      330,649.43	0.00	0.00	0.00	0.00	0.00	0.00	0.00	0.00	0.00	0.00	0.00	0.00	0.00	0.00	0.00	0.00	      5,855.11	0.00	0.00	0.00	0.00	0.00	0.00	0.00	0.00	0.00	0.00	0.00	0.00	0.00	0.00	0.00	0.00
	500	4A	0	001	 2026	000000000001605583	000000000000000000	000000000000000000	USD		H	  016	OVL	MM1601	OE2	0000201920	JV			00000000	MMEP3BRE1B				BR		OVL			0000000000	00000000	-123,010.91	0.00	0.00	0.00	0.00	0.00	0.00	0.00	0.00	0.00	0.00	0.00	0.00	0.00	0.00	0.00	0.00	-11,123,729.00	0.00	0.00	0.00	0.00	0.00	0.00	0.00	0.00	0.00	0.00	0.00	0.00	0.00	0.00	0.00	0.00	-128,357.98	0.00	0.00	0.00	0.00	0.00	0.00	0.00	0.00	0.00	0.00	0.00	0.00	0.00	0.00	0.00	0.00
	500	4A	0	001	 2026	000000000001605583	000000000000000000	000000000000000000	USD		S	  016	OVL	MM1601	OE2	0000201920	JV			00000000	MMEP3BRE1B				BR		OVL			0000000000	00000000	        24,652.89	0.00	0.00	0.00	0.00	0.00	0.00	0.00	0.00	0.00	0.00	0.00	0.00	0.00	0.00	0.00	0.00	    4,391,547.63	0.00	0.00	0.00	0.00	0.00	0.00	0.00	0.00	0.00	0.00	0.00	0.00	0.00	0.00	0.00	0.00	     34,394.92	0.00	0.00	0.00	0.00	0.00	0.00	0.00	0.00	0.00	0.00	0.00	0.00	0.00	0.00	0.00	0.00
	500	4A	0	001	 2026	000000000001605865	000000000000000000	000000000000000000	INR		H	  016	OVL	MM1601	OE2	0000030602	JV			00000000	MMEP3BRE1B	*	*	501	BR		OVL			0000000000	00000000	-312.00	0.00	0.00	0.00	0.00	0.00	0.00	0.00	0.00	0.00	0.00	0.00	0.00	0.00	0.00	0.00	0.00	-312.00	0.00	0.00	0.00	0.00	0.00	0.00	0.00	0.00	0.00	0.00	0.00	0.00	0.00	0.00	0.00	0.00	-4.71	0.00	0.00	0.00	0.00	0.00	0.00	0.00	0.00	0.00	0.00	0.00	0.00	0.00	0.00	0.00	0.00
	500	4A	0	001	 2026	000000000001605866	000000000000000000	000000000000000000	INR		S	  016	OVL	MM1601	OE2	0000220602	JV	MMEP3BRE1B		00000000	MMEP3BRE1B				BR		OVL			0000000000	00000000	           312.00	0.00	0.00	0.00	0.00	0.00	0.00	0.00	0.00	0.00	0.00	0.00	0.00	0.00	0.00	0.00	0.00	          312.00	0.00	0.00	0.00	0.00	0.00	0.00	0.00	0.00	0.00	0.00	0.00	0.00	0.00	0.00	0.00	0.00	          4.71	0.00	0.00	0.00	0.00	0.00	0.00	0.00	0.00	0.00	0.00	0.00	0.00	0.00	0.00	0.00	0.00
	500	4A	0	001	 2026	000000000001607053	000000000000000000	000000000000000000	INR		H	  016	OVL	MM1601	OE2	0000190599	JV	MMEP3BRE1B		00000000	MMEP3BRE1B				BR		OVL			0000000000	00000000	-2,465,536.90	0.00	0.00	0.00	0.00	0.00	0.00	0.00	0.00	0.00	0.00	0.00	0.00	0.00	0.00	0.00	0.00	-2,465,536.90	0.00	0.00	0.00	0.00	0.00	0.00	0.00	0.00	0.00	0.00	0.00	0.00	0.00	0.00	0.00	0.00	-37,668.07	0.00	0.00	0.00	0.00	0.00	0.00	0.00	0.00	0.00	0.00	0.00	0.00	0.00	0.00	0.00	0.00
	500	4A	0	001	 2026	000000000001607053	000000000000000000	000000000000000000	INR		S	  016	OVL	MM1601	OE2	0000190599	JV	MMEP3BRE1B		00000000	MMEP3BRE1B				BR		OVL			0000000000	00000000	     3,256,036.90	0.00	0.00	0.00	0.00	0.00	0.00	0.00	0.00	0.00	0.00	0.00	0.00	0.00	0.00	0.00	0.00	    3,256,036.90	0.00	0.00	0.00	0.00	0.00	0.00	0.00	0.00	0.00	0.00	0.00	0.00	0.00	0.00	0.00	0.00	     49,582.16	0.00	0.00	0.00	0.00	0.00	0.00	0.00	0.00	0.00	0.00	0.00	0.00	0.00	0.00	0.00	0.00
	500	4A	0	001	 2026	000000000001607053	000000000000000000	000000000000000000	MMK		H	  016	OVL	MM1601	OE2	0000190599	JV	MMEP3BRE1B		00000000	MMEP3BRE1B				BR		OVL			0000000000	00000000	-44,112,686.82	0.00	0.00	0.00	0.00	0.00	0.00	0.00	0.00	0.00	0.00	0.00	0.00	0.00	0.00	0.00	0.00	-2,117,656.69	0.00	0.00	0.00	0.00	0.00	0.00	0.00	0.00	0.00	0.00	0.00	0.00	0.00	0.00	0.00	0.00	-30,939.32	0.00	0.00	0.00	0.00	0.00	0.00	0.00	0.00	0.00	0.00	0.00	0.00	0.00	0.00	0.00	0.00
	500	4A	0	001	 2026	000000000001607053	000000000000000000	000000000000000000	MMK		S	  016	OVL	MM1601	OE2	0000190599	JV	MMEP3BRE1B		00000000	MMEP3BRE1B				BR		OVL			0000000000	00000000	    44,112,686.82	0.00	0.00	0.00	0.00	0.00	0.00	0.00	0.00	0.00	0.00	0.00	0.00	0.00	0.00	0.00	0.00	    2,117,656.69	0.00	0.00	0.00	0.00	0.00	0.00	0.00	0.00	0.00	0.00	0.00	0.00	0.00	0.00	0.00	0.00	     30,939.32	0.00	0.00	0.00	0.00	0.00	0.00	0.00	0.00	0.00	0.00	0.00	0.00	0.00	0.00	0.00	0.00
	500	4A	0	001	 2026	000000000001607053	000000000000000000	000000000000000000	USD		H	  016	OVL	MM1601	OE2	0000190599	JV	MMEP3BRE1B		00000000	MMEP3BRE1B				BR		OVL			0000000000	00000000	-26,553.38	0.00	0.00	0.00	0.00	0.00	0.00	0.00	0.00	0.00	0.00	0.00	0.00	0.00	0.00	0.00	0.00	-1,970,131.57	0.00	0.00	0.00	0.00	0.00	0.00	0.00	0.00	0.00	0.00	0.00	0.00	0.00	0.00	0.00	0.00	-29,463.48	0.00	0.00	0.00	0.00	0.00	0.00	0.00	0.00	0.00	0.00	0.00	0.00	0.00	0.00	0.00	0.00
	500	4A	0	001	 2026	000000000001607053	000000000000000000	000000000000000000	USD		S	  016	OVL	MM1601	OE2	0000190599	JV	MMEP3BRE1B		00000000	MMEP3BRE1B				BR		OVL			0000000000	00000000	        15,669.45	0.00	0.00	0.00	0.00	0.00	0.00	0.00	0.00	0.00	0.00	0.00	0.00	0.00	0.00	0.00	0.00	    1,179,631.57	0.00	0.00	0.00	0.00	0.00	0.00	0.00	0.00	0.00	0.00	0.00	0.00	0.00	0.00	0.00	0.00	     17,549.39	0.00	0.00	0.00	0.00	0.00	0.00	0.00	0.00	0.00	0.00	0.00	0.00	0.00	0.00	0.00	0.00
	500	4A	0	001	 2026	000000000001607055	000000000000000000	000000000000000000	INR		H	  016	OVL	MM1601	OE2	0000220602	JV	MMEP3BRE1B		00000000	MMEP3BRE1B				CB		OVL			0000000000	00000000	-312.00	0.00	0.00	0.00	0.00	0.00	0.00	0.00	0.00	0.00	0.00	0.00	0.00	0.00	0.00	0.00	0.00	-312.00	0.00	0.00	0.00	0.00	0.00	0.00	0.00	0.00	0.00	0.00	0.00	0.00	0.00	0.00	0.00	0.00	-4.71	0.00	0.00	0.00	0.00	0.00	0.00	0.00	0.00	0.00	0.00	0.00	0.00	0.00	0.00	0.00	0.00
	500	4A	0	001	 2026	000000000001607057	000000000000000000	000000000000000000	MMK		H	  016	OVL	MM1601	OE2	0000200450	JV	MMEP3BRE1B		00000000	MMEP3BRE1B				CB		OVL			0000000000	00000000	-1,232,263.50	0.00	0.00	0.00	0.00	0.00	0.00	0.00	0.00	0.00	0.00	0.00	0.00	0.00	0.00	0.00	0.00	-60,464.81	0.00	0.00	0.00	0.00	0.00	0.00	0.00	0.00	0.00	0.00	0.00	0.00	0.00	0.00	0.00	0.00	-862.75	0.00	0.00	0.00	0.00	0.00	0.00	0.00	0.00	0.00	0.00	0.00	0.00	0.00	0.00	0.00	0.00
	500	4A	0	001	 2026	000000000001607057	000000000000000000	000000000000000000	MMK		S	  016	OVL	MM1601	OE2	0000200450	JV	MMEP3BRE1B		00000000	MMEP3BRE1B				CB		OVL			0000000000	00000000	       623,452.00	0.00	0.00	0.00	0.00	0.00	0.00	0.00	0.00	0.00	0.00	0.00	0.00	0.00	0.00	0.00	0.00	       29,258.60	0.00	0.00	0.00	0.00	0.00	0.00	0.00	0.00	0.00	0.00	0.00	0.00	0.00	0.00	0.00	0.00	        411.48	0.00	0.00	0.00	0.00	0.00	0.00	0.00	0.00	0.00	0.00	0.00	0.00	0.00	0.00	0.00	0.00
	500	4A	0	001	 2026	000000000001607057	000000000000000000	000000000000000000	USD		H	  016	OVL	MM1601	OE2	0000200450	JV	MMEP3BRE1B		00000000	MMEP3BRE1B				CB		OVL			0000000000	00000000	-836.00	0.00	0.00	0.00	0.00	0.00	0.00	0.00	0.00	0.00	0.00	0.00	0.00	0.00	0.00	0.00	0.00	-67,190.34	0.00	0.00	0.00	0.00	0.00	0.00	0.00	0.00	0.00	0.00	0.00	0.00	0.00	0.00	0.00	0.00	-836.00	0.00	0.00	0.00	0.00	0.00	0.00	0.00	0.00	0.00	0.00	0.00	0.00	0.00	0.00	0.00	0.00
	500	4A	0	001	 2026	000000000001607058	000000000000000000	000000000000000000	INR		S	  016	OVL	MM1601	OE2	0000200886	JV	MMEP3BRE1B		00000000	MMEP3BRE1B				CB		OVL			0000000000	00000000	       790,500.00	0.00	0.00	0.00	0.00	0.00	0.00	0.00	0.00	0.00	0.00	0.00	0.00	0.00	0.00	0.00	0.00	      790,500.00	0.00	0.00	0.00	0.00	0.00	0.00	0.00	0.00	0.00	0.00	0.00	0.00	0.00	0.00	0.00	0.00	     11,914.09	0.00	0.00	0.00	0.00	0.00	0.00	0.00	0.00	0.00	0.00	0.00	0.00	0.00	0.00	0.00	0.00
	500	4A	0	001	 2026	000000000001607058	000000000000000000	000000000000000000	MMK		H	  016	OVL	MM1601	OE2	0000200886	JV	MMEP3BRE1B		00000000	MMEP3BRE1B				CB		OVL			0000000000	00000000	-103,169,806.72	0.00	0.00	0.00	0.00	0.00	0.00	0.00	0.00	0.00	0.00	0.00	0.00	0.00	0.00	0.00	0.00	-5,267,432.24	0.00	0.00	0.00	0.00	0.00	0.00	0.00	0.00	0.00	0.00	0.00	0.00	0.00	0.00	0.00	0.00	-76,239.59	0.00	0.00	0.00	0.00	0.00	0.00	0.00	0.00	0.00	0.00	0.00	0.00	0.00	0.00	0.00	0.00
	500	4A	0	001	 2026	000000000001607058	000000000000000000	000000000000000000	USD		H	  016	OVL	MM1601	OE2	0000200886	JV	MMEP3BRE1B		00000000	MMEP3BRE1B				CB		OVL			0000000000	00000000	-2,336.20	0.00	0.00	0.00	0.00	0.00	0.00	0.00	0.00	0.00	0.00	0.00	0.00	0.00	0.00	0.00	0.00	-171,056.56	0.00	0.00	0.00	0.00	0.00	0.00	0.00	0.00	0.00	0.00	0.00	0.00	0.00	0.00	0.00	0.00	-2,336.20	0.00	0.00	0.00	0.00	0.00	0.00	0.00	0.00	0.00	0.00	0.00	0.00	0.00	0.00	0.00	0.00
	500	4A	0	001	 2026	000000000001607058	000000000000000000	000000000000000000	USD		S	  016	OVL	MM1601	OE2	0000200886	JV	MMEP3BRE1B		00000000	MMEP3BRE1B				CB		OVL			0000000000	00000000	         2,336.20	0.00	0.00	0.00	0.00	0.00	0.00	0.00	0.00	0.00	0.00	0.00	0.00	0.00	0.00	0.00	0.00	      171,056.56	0.00	0.00	0.00	0.00	0.00	0.00	0.00	0.00	0.00	0.00	0.00	0.00	0.00	0.00	0.00	0.00	      2,336.20	0.00	0.00	0.00	0.00	0.00	0.00	0.00	0.00	0.00	0.00	0.00	0.00	0.00	0.00	0.00	0.00
	500	4A	0	001	 2026	000000000001607059	000000000000000000	000000000000000000	MMK		H	  016	OVL	MM1601	OE2	0000200906	JV	MMEP3BRE1B		00000000	MMEP3BRE1B				CB		OVL			0000000000	00000000	-2,380,087.50	0.00	0.00	0.00	0.00	0.00	0.00	0.00	0.00	0.00	0.00	0.00	0.00	0.00	0.00	0.00	0.00	-105,444.91	0.00	0.00	0.00	0.00	0.00	0.00	0.00	0.00	0.00	0.00	0.00	0.00	0.00	0.00	0.00	0.00	-1,400.63	0.00	0.00	0.00	0.00	0.00	0.00	0.00	0.00	0.00	0.00	0.00	0.00	0.00	0.00	0.00	0.00
	500	4A	0	001	 2026	000000000001607059	000000000000000000	000000000000000000	MMK		S	  016	OVL	MM1601	OE2	0000200906	JV	MMEP3BRE1B		00000000	MMEP3BRE1B				CB		OVL			0000000000	00000000	       105,000.00	0.00	0.00	0.00	0.00	0.00	0.00	0.00	0.00	0.00	0.00	0.00	0.00	0.00	0.00	0.00	0.00	        4,547.55	0.00	0.00	0.00	0.00	0.00	0.00	0.00	0.00	0.00	0.00	0.00	0.00	0.00	0.00	0.00	0.00	         50.40	0.00	0.00	0.00	0.00	0.00	0.00	0.00	0.00	0.00	0.00	0.00	0.00	0.00	0.00	0.00	0.00
	500	4A	0	001	 2026	000000000001607063	000000000000000000	000000000000000000	USD		H	  016	OVL	MM1601	OE2	0000096488	JV			00000000	MMEP3BRE1B				CB		OVL			0000000000	00000000	-34,093.00	0.00	0.00	0.00	0.00	0.00	0.00	0.00	0.00	0.00	0.00	0.00	0.00	0.00	0.00	0.00	0.00	-2,169,337.59	0.00	0.00	0.00	0.00	0.00	0.00	0.00	0.00	0.00	0.00	0.00	0.00	0.00	0.00	0.00	0.00	-34,093.00	0.00	0.00	0.00	0.00	0.00	0.00	0.00	0.00	0.00	0.00	0.00	0.00	0.00	0.00	0.00	0.00
	500	4A	0	001	 2026	000000000001607063	000000000000000000	000000000000000000	USD		S	  016	OVL	MM1601	OE2	0000096488	JV			00000000	MMEP3BRE1B				CB		OVL			0000000000	00000000	        34,093.00	0.00	0.00	0.00	0.00	0.00	0.00	0.00	0.00	0.00	0.00	0.00	0.00	0.00	0.00	0.00	0.00	    2,169,337.59	0.00	0.00	0.00	0.00	0.00	0.00	0.00	0.00	0.00	0.00	0.00	0.00	0.00	0.00	0.00	0.00	     34,093.00	0.00	0.00	0.00	0.00	0.00	0.00	0.00	0.00	0.00	0.00	0.00	0.00	0.00	0.00	0.00	0.00
	500	4A	0	001	 2026	000000000001607064	000000000000000000	000000000000000000	USD		H	  016	OVL	MM1601	OE2	0000096490	JV	MMEP3BRE1B		00000000	MMEP3BRE1B				CB		OVL			0000000000	00000000	-4,138,485.38	0.00	0.00	0.00	0.00	0.00	0.00	0.00	0.00	0.00	0.00	0.00	0.00	0.00	0.00	0.00	0.00	-275,694,611.01	0.00	0.00	0.00	0.00	0.00	0.00	0.00	0.00	0.00	0.00	0.00	0.00	0.00	0.00	0.00	0.00	-4,138,485.38	0.00	0.00	0.00	0.00	0.00	0.00	0.00	0.00	0.00	0.00	0.00	0.00	0.00	0.00	0.00	0.00
	500	4A	0	001	 2026	000000000001607064	000000000000000000	000000000000000000	USD		S	  016	OVL	MM1601	OE2	0000096490	JV	MMEP3BRE1B		00000000	MMEP3BRE1B				CB		OVL			0000000000	00000000	     4,032,979.57	0.00	0.00	0.00	0.00	0.00	0.00	0.00	0.00	0.00	0.00	0.00	0.00	0.00	0.00	0.00	0.00	  276,276,034.65	0.00	0.00	0.00	0.00	0.00	0.00	0.00	0.00	0.00	0.00	0.00	0.00	0.00	0.00	0.00	0.00	  4,032,979.57	0.00	0.00	0.00	0.00	0.00	0.00	0.00	0.00	0.00	0.00	0.00	0.00	0.00	0.00	0.00	0.00
	500	4A	0	001	 2026	000000000001607071	000000000000000000	000000000000000000	MMK		H	  016	OVL	MM1601	OE2	0000096493	JV			00000000	MMEP3BRE1B				CB		OVL			0000000000	00000000	-1,160,442,594.48	0.00	0.00	0.00	0.00	0.00	0.00	0.00	0.00	0.00	0.00	0.00	0.00	0.00	0.00	0.00	0.00	-54,563,690.51	0.00	0.00	0.00	0.00	0.00	0.00	0.00	0.00	0.00	0.00	0.00	0.00	0.00	0.00	0.00	0.00	-773,193.80	0.00	0.00	0.00	0.00	0.00	0.00	0.00	0.00	0.00	0.00	0.00	0.00	0.00	0.00	0.00	0.00
	500	4A	0	001	 2026	000000000001607071	000000000000000000	000000000000000000	MMK		S	  016	OVL	MM1601	OE2	0000096493	JV			00000000	MMEP3BRE1B				CB		OVL			0000000000	00000000	   167,654,584.11	0.00	0.00	0.00	0.00	0.00	0.00	0.00	0.00	0.00	0.00	0.00	0.00	0.00	0.00	0.00	0.00	    7,100,596.62	0.00	0.00	0.00	0.00	0.00	0.00	0.00	0.00	0.00	0.00	0.00	0.00	0.00	0.00	0.00	0.00	     88,081.34	0.00	0.00	0.00	0.00	0.00	0.00	0.00	0.00	0.00	0.00	0.00	0.00	0.00	0.00	0.00	0.00
	500	4A	0	001	 2026	000000000001607072	000000000000000000	000000000000000000	MMK		H	  016	OVL	MM1601	OE2	0000096493	JV	MMEP3BRE1B		00000000	MMEP3BRE1B				CB		OVL			0000000000	00000000	-43,137,621.73	0.00	0.00	0.00	0.00	0.00	0.00	0.00	0.00	0.00	0.00	0.00	0.00	0.00	0.00	0.00	0.00	-2,148,502.43	0.00	0.00	0.00	0.00	0.00	0.00	0.00	0.00	0.00	0.00	0.00	0.00	0.00	0.00	0.00	0.00	-29,933.15	0.00	0.00	0.00	0.00	0.00	0.00	0.00	0.00	0.00	0.00	0.00	0.00	0.00	0.00	0.00	0.00
	500	4A	0	001	 2026	000000000001607072	000000000000000000	000000000000000000	MMK		S	  016	OVL	MM1601	OE2	0000096493	JV	MMEP3BRE1B		00000000	MMEP3BRE1B				CB		OVL			0000000000	00000000	 1,035,783,623.05	0.00	0.00	0.00	0.00	0.00	0.00	0.00	0.00	0.00	0.00	0.00	0.00	0.00	0.00	0.00	0.00	   49,596,086.22	0.00	0.00	0.00	0.00	0.00	0.00	0.00	0.00	0.00	0.00	0.00	0.00	0.00	0.00	0.00	0.00	    714,968.52	0.00	0.00	0.00	0.00	0.00	0.00	0.00	0.00	0.00	0.00	0.00	0.00	0.00	0.00	0.00	0.00
	500	4A	0	001	 2026	000000000001607099	000000000000000000	000000000000000000	INR		H	  016	OVL	MM1601	OE2	0000109905	JV			00000000	MMEP3BRE1B				CB		OVL			0000000000	00000000	-0.01	0.00	0.00	0.00	0.00	0.00	0.00	0.00	0.00	0.00	0.00	0.00	0.00	0.00	0.00	0.00	0.00	-0.01	0.00	0.00	0.00	0.00	0.00	0.00	0.00	0.00	0.00	0.00	0.00	0.00	0.00	0.00	0.00	0.00	          0.00	0.00	0.00	0.00	0.00	0.00	0.00	0.00	0.00	0.00	0.00	0.00	0.00	0.00	0.00	0.00	0.00
	500	4A	0	001	 2026	000000000001607099	000000000000000000	000000000000000000	INR		S	  016	OVL	MM1601	OE2	0000109905	JV			00000000	MMEP3BRE1B				CB		OVL			0000000000	00000000	             0.02	0.00	0.00	0.00	0.00	0.00	0.00	0.00	0.00	0.00	0.00	0.00	0.00	0.00	0.00	0.00	0.00	            0.02	0.00	0.00	0.00	0.00	0.00	0.00	0.00	0.00	0.00	0.00	0.00	0.00	0.00	0.00	0.00	0.00	        793.62	0.00	0.00	0.00	0.00	0.00	0.00	0.00	0.00	0.00	0.00	0.00	0.00	0.00	0.00	0.00	0.00
	500	4A	0	001	 2026	000000000001607099	000000000000000000	000000000000000000	MMK		H	  016	OVL	MM1601	OE2	0000109905	JV			00000000	MMEP3BRE1B				CB		OVL			0000000000	00000000	-0.05	0.00	0.00	0.00	0.00	0.00	0.00	0.00	0.00	0.00	0.00	0.00	0.00	0.00	0.00	0.00	0.00	-140,553.49	0.00	0.00	0.00	0.00	0.00	0.00	0.00	0.00	0.00	0.00	0.00	0.00	0.00	0.00	0.00	0.00	-3,105.58	0.00	0.00	0.00	0.00	0.00	0.00	0.00	0.00	0.00	0.00	0.00	0.00	0.00	0.00	0.00	0.00
	500	4A	0	001	 2026	000000000001607099	000000000000000000	000000000000000000	MMK		S	  016	OVL	MM1601	OE2	0000109905	JV			00000000	MMEP3BRE1B				CB		OVL			0000000000	00000000	             0.01	0.00	0.00	0.00	0.00	0.00	0.00	0.00	0.00	0.00	0.00	0.00	0.00	0.00	0.00	0.00	0.00	       76,138.98	0.00	0.00	0.00	0.00	0.00	0.00	0.00	0.00	0.00	0.00	0.00	0.00	0.00	0.00	0.00	0.00	      3,046.18	0.00	0.00	0.00	0.00	0.00	0.00	0.00	0.00	0.00	0.00	0.00	0.00	0.00	0.00	0.00	0.00
	500	4A	0	001	 2026	000000000001607099	000000000000000000	000000000000000000	USD		H	  016	OVL	MM1601	OE2	0000109905	JV			00000000	MMEP3BRE1B				CB		OVL			0000000000	00000000	-45.13	0.00	0.00	0.00	0.00	0.00	0.00	0.00	0.00	0.00	0.00	0.00	0.00	0.00	0.00	0.00	0.00	-23,770.29	0.00	0.00	0.00	0.00	0.00	0.00	0.00	0.00	0.00	0.00	0.00	0.00	0.00	0.00	0.00	0.00	-45.13	0.00	0.00	0.00	0.00	0.00	0.00	0.00	0.00	0.00	0.00	0.00	0.00	0.00	0.00	0.00	0.00
	500	4A	0	001	 2026	000000000001607099	000000000000000000	000000000000000000	USD		S	  016	OVL	MM1601	OE2	0000109905	JV			00000000	MMEP3BRE1B				CB		OVL			0000000000	00000000	             7.67	0.00	0.00	0.00	0.00	0.00	0.00	0.00	0.00	0.00	0.00	0.00	0.00	0.00	0.00	0.00	0.00	          562.82	0.00	0.00	0.00	0.00	0.00	0.00	0.00	0.00	0.00	0.00	0.00	0.00	0.00	0.00	0.00	0.00	          7.67	0.00	0.00	0.00	0.00	0.00	0.00	0.00	0.00	0.00	0.00	0.00	0.00	0.00	0.00	0.00	0.00
	500	4A	0	001	 2026	000000000001607100	000000000000000000	000000000000000000	INR		H	  016	OVL	MM1601	OE2	0000190599	JV	MMEP3BRE1B		00000000	MMEP3BRE1B				CB		OVL			0000000000	00000000	-5,113,716.10	0.00	0.00	0.00	0.00	0.00	0.00	0.00	0.00	0.00	0.00	0.00	0.00	0.00	0.00	0.00	0.00	-5,113,716.10	0.00	0.00	0.00	0.00	0.00	0.00	0.00	0.00	0.00	0.00	0.00	0.00	0.00	0.00	0.00	0.00	-77,410.52	0.00	0.00	0.00	0.00	0.00	0.00	0.00	0.00	0.00	0.00	0.00	0.00	0.00	0.00	0.00	0.00
	500	4A	0	001	 2026	000000000001607100	000000000000000000	000000000000000000	INR		S	  016	OVL	MM1601	OE2	0000190599	JV	MMEP3BRE1B		00000000	MMEP3BRE1B				CB		OVL			0000000000	00000000	     4,323,216.10	0.00	0.00	0.00	0.00	0.00	0.00	0.00	0.00	0.00	0.00	0.00	0.00	0.00	0.00	0.00	0.00	    4,323,216.10	0.00	0.00	0.00	0.00	0.00	0.00	0.00	0.00	0.00	0.00	0.00	0.00	0.00	0.00	0.00	0.00	     65,496.43	0.00	0.00	0.00	0.00	0.00	0.00	0.00	0.00	0.00	0.00	0.00	0.00	0.00	0.00	0.00	0.00
	500	4A	0	001	 2026	000000000001607100	000000000000000000	000000000000000000	MMK		H	  016	OVL	MM1601	OE2	0000190599	JV	MMEP3BRE1B		00000000	MMEP3BRE1B				CB		OVL			0000000000	00000000	-38,051,806.20	0.00	0.00	0.00	0.00	0.00	0.00	0.00	0.00	0.00	0.00	0.00	0.00	0.00	0.00	0.00	0.00	-1,840,977.49	0.00	0.00	0.00	0.00	0.00	0.00	0.00	0.00	0.00	0.00	0.00	0.00	0.00	0.00	0.00	0.00	-26,939.14	0.00	0.00	0.00	0.00	0.00	0.00	0.00	0.00	0.00	0.00	0.00	0.00	0.00	0.00	0.00	0.00
	500	4A	0	001	 2026	000000000001607100	000000000000000000	000000000000000000	MMK		S	  016	OVL	MM1601	OE2	0000190599	JV	MMEP3BRE1B		00000000	MMEP3BRE1B				CB		OVL			0000000000	00000000	    38,051,806.20	0.00	0.00	0.00	0.00	0.00	0.00	0.00	0.00	0.00	0.00	0.00	0.00	0.00	0.00	0.00	0.00	    1,840,977.49	0.00	0.00	0.00	0.00	0.00	0.00	0.00	0.00	0.00	0.00	0.00	0.00	0.00	0.00	0.00	0.00	     26,939.14	0.00	0.00	0.00	0.00	0.00	0.00	0.00	0.00	0.00	0.00	0.00	0.00	0.00	0.00	0.00	0.00
	500	4A	0	001	 2026	000000000001607100	000000000000000000	000000000000000000	USD		H	  016	OVL	MM1601	OE2	0000190599	JV	MMEP3BRE1B		00000000	MMEP3BRE1B				CB		OVL			0000000000	00000000	-42,849.02	0.00	0.00	0.00	0.00	0.00	0.00	0.00	0.00	0.00	0.00	0.00	0.00	0.00	0.00	0.00	0.00	-3,594,747.81	0.00	0.00	0.00	0.00	0.00	0.00	0.00	0.00	0.00	0.00	0.00	0.00	0.00	0.00	0.00	0.00	-51,923.62	0.00	0.00	0.00	0.00	0.00	0.00	0.00	0.00	0.00	0.00	0.00	0.00	0.00	0.00	0.00	0.00
	500	4A	0	001	 2026	000000000001607100	000000000000000000	000000000000000000	USD		S	  016	OVL	MM1601	OE2	0000190599	JV	MMEP3BRE1B		00000000	MMEP3BRE1B				CB		OVL			0000000000	00000000	        53,732.95	0.00	0.00	0.00	0.00	0.00	0.00	0.00	0.00	0.00	0.00	0.00	0.00	0.00	0.00	0.00	0.00	    4,385,247.81	0.00	0.00	0.00	0.00	0.00	0.00	0.00	0.00	0.00	0.00	0.00	0.00	0.00	0.00	0.00	0.00	     63,837.71	0.00	0.00	0.00	0.00	0.00	0.00	0.00	0.00	0.00	0.00	0.00	0.00	0.00	0.00	0.00	0.00
	500	4A	0	001	 2026	000000000001607543	000000000000000000	000000000000000000	USD		H	  016	OVL	MM1601	OE2	0000201807	JV	MMEP3BRE1B		00000000	MMEP3BRE1B				BR		OVL			0000000000	00000000	-65,083.08	0.00	0.00	0.00	0.00	0.00	0.00	0.00	0.00	0.00	0.00	0.00	0.00	0.00	0.00	0.00	0.00	-5,023,671.20	0.00	0.00	0.00	0.00	0.00	0.00	0.00	0.00	0.00	0.00	0.00	0.00	0.00	0.00	0.00	0.00	-65,083.08	0.00	0.00	0.00	0.00	0.00	0.00	0.00	0.00	0.00	0.00	0.00	0.00	0.00	0.00	0.00	0.00
	500	4A	0	001	 2026	000000000001607543	000000000000000000	000000000000000000	USD		S	  016	OVL	MM1601	OE2	0000201807	JV	MMEP3BRE1B		00000000	MMEP3BRE1B				BR		OVL			0000000000	00000000	       403,743.40	0.00	0.00	0.00	0.00	0.00	0.00	0.00	0.00	0.00	0.00	0.00	0.00	0.00	0.00	0.00	0.00	   28,525,646.21	0.00	0.00	0.00	0.00	0.00	0.00	0.00	0.00	0.00	0.00	0.00	0.00	0.00	0.00	0.00	0.00	    403,743.40	0.00	0.00	0.00	0.00	0.00	0.00	0.00	0.00	0.00	0.00	0.00	0.00	0.00	0.00	0.00	0.00
	500	4A	0	001	 2026	000000000001608172	000000000000000000	000000000000000000	EUR		H	  016	OVL	MM1601	OE1	0000160206	JV	MMEP3BRE1B		00000000	MMEP3BRE1B				BR		OVL			0000000000	00000000	             0.00	0.00	0.00	0.00	0.00	0.00	0.00	0.00	0.00	0.00	0.00	0.00	0.00	0.00	0.00	0.00	0.00	            0.00	0.00	0.00	0.00	0.00	0.00	0.00	0.00	0.00	0.00	0.00	0.00	0.00	0.00	0.00	0.00	0.00	          0.00	0.00	0.00	0.00	0.00	0.00	0.00	0.00	0.00	0.00	0.00	0.00	0.00	0.00	0.00	0.00	0.00
	500	4A	0	001	 2026	000000000001608172	000000000000000000	000000000000000000	EUR		S	  016	OVL	MM1601	OE1	0000160206	JV	MMEP3BRE1B		00000000	MMEP3BRE1B				BR		OVL			0000000000	00000000	             0.00	0.00	0.00	0.00	0.00	0.00	0.00	0.00	0.00	0.00	0.00	0.00	0.00	0.00	0.00	0.00	0.00	            0.00	0.00	0.00	0.00	0.00	0.00	0.00	0.00	0.00	0.00	0.00	0.00	0.00	0.00	0.00	0.00	0.00	          0.00	0.00	0.00	0.00	0.00	0.00	0.00	0.00	0.00	0.00	0.00	0.00	0.00	0.00	0.00	0.00	0.00
	500	4A	0	001	 2026	000000000001608172	000000000000000000	000000000000000000	INR		H	  016	OVL	MM1601	OE1	0000160206	JV	MMEP3BRE1B		00000000	MMEP3BRE1B				BR		OVL			0000000000	00000000	             0.00	0.00	0.00	0.00	0.00	0.00	0.00	0.00	0.00	0.00	0.00	0.00	0.00	0.00	0.00	0.00	0.00	            0.00	0.00	0.00	0.00	0.00	0.00	0.00	0.00	0.00	0.00	0.00	0.00	0.00	0.00	0.00	0.00	0.00	          0.00	0.00	0.00	0.00	0.00	0.00	0.00	0.00	0.00	0.00	0.00	0.00	0.00	0.00	0.00	0.00	0.00
	500	4A	0	001	 2026	000000000001608172	000000000000000000	000000000000000000	INR		S	  016	OVL	MM1601	OE1	0000160206	JV	MMEP3BRE1B		00000000	MMEP3BRE1B				BR		OVL			0000000000	00000000	             0.00	0.00	0.00	0.00	0.00	0.00	0.00	0.00	0.00	0.00	0.00	0.00	0.00	0.00	0.00	0.00	0.00	            0.00	0.00	0.00	0.00	0.00	0.00	0.00	0.00	0.00	0.00	0.00	0.00	0.00	0.00	0.00	0.00	0.00	          0.00	0.00	0.00	0.00	0.00	0.00	0.00	0.00	0.00	0.00	0.00	0.00	0.00	0.00	0.00	0.00	0.00
	500	4A	0	001	 2026	000000000001608172	000000000000000000	000000000000000000	MMK		H	  016	OVL	MM1601	OE1	0000160206	JV	MMEP3BRE1B		00000000	MMEP3BRE1B				BR		OVL			0000000000	00000000	             0.00	0.00	0.00	0.00	0.00	0.00	0.00	0.00	0.00	0.00	0.00	0.00	0.00	0.00	0.00	0.00	0.00	            0.00	0.00	0.00	0.00	0.00	0.00	0.00	0.00	0.00	0.00	0.00	0.00	0.00	0.00	0.00	0.00	0.00	          0.00	0.00	0.00	0.00	0.00	0.00	0.00	0.00	0.00	0.00	0.00	0.00	0.00	0.00	0.00	0.00	0.00
	500	4A	0	001	 2026	000000000001608172	000000000000000000	000000000000000000	MMK		S	  016	OVL	MM1601	OE1	0000160206	JV	MMEP3BRE1B		00000000	MMEP3BRE1B				BR		OVL			0000000000	00000000	             0.00	0.00	0.00	0.00	0.00	0.00	0.00	0.00	0.00	0.00	0.00	0.00	0.00	0.00	0.00	0.00	0.00	            0.00	0.00	0.00	0.00	0.00	0.00	0.00	0.00	0.00	0.00	0.00	0.00	0.00	0.00	0.00	0.00	0.00	          0.00	0.00	0.00	0.00	0.00	0.00	0.00	0.00	0.00	0.00	0.00	0.00	0.00	0.00	0.00	0.00	0.00
	500	4A	0	001	 2026	000000000001608172	000000000000000000	000000000000000000	USD		H	  016	OVL	MM1601	OE1	0000160206	JV	MMEP3BRE1B		00000000	MMEP3BRE1B				BR		OVL			0000000000	00000000	             0.00	0.00	0.00	0.00	0.00	0.00	0.00	0.00	0.00	0.00	0.00	0.00	0.00	0.00	0.00	0.00	0.00	            0.00	0.00	0.00	0.00	0.00	0.00	0.00	0.00	0.00	0.00	0.00	0.00	0.00	0.00	0.00	0.00	0.00	          0.00	0.00	0.00	0.00	0.00	0.00	0.00	0.00	0.00	0.00	0.00	0.00	0.00	0.00	0.00	0.00	0.00
	500	4A	0	001	 2026	000000000001608172	000000000000000000	000000000000000000	USD		S	  016	OVL	MM1601	OE1	0000160206	JV	MMEP3BRE1B		00000000	MMEP3BRE1B				BR		OVL			0000000000	00000000	             0.00	0.00	0.00	0.00	0.00	0.00	0.00	0.00	0.00	0.00	0.00	0.00	0.00	0.00	0.00	0.00	0.00	            0.00	0.00	0.00	0.00	0.00	0.00	0.00	0.00	0.00	0.00	0.00	0.00	0.00	0.00	0.00	0.00	0.00	          0.00	0.00	0.00	0.00	0.00	0.00	0.00	0.00	0.00	0.00	0.00	0.00	0.00	0.00	0.00	0.00	0.00
	500	4A	0	001	 2026	000000000001608173	000000000000000000	000000000000000000	EUR		H	  016	OVL	MM1601	OE1	0000160206	JV			00000000	MMEP3BRE1B				BR		OVL			0000000000	00000000	             0.00	0.00	0.00	0.00	0.00	0.00	0.00	0.00	0.00	0.00	0.00	0.00	0.00	0.00	0.00	0.00	0.00	            0.00	0.00	0.00	0.00	0.00	0.00	0.00	0.00	0.00	0.00	0.00	0.00	0.00	0.00	0.00	0.00	0.00	          0.00	0.00	0.00	0.00	0.00	0.00	0.00	0.00	0.00	0.00	0.00	0.00	0.00	0.00	0.00	0.00	0.00
	500	4A	0	001	 2026	000000000001608173	000000000000000000	000000000000000000	INR		H	  016	OVL	MM1601	OE1	0000160206	JV			00000000	MMEP3BRE1B				BR		OVL			0000000000	00000000	             0.00	0.00	0.00	0.00	0.00	0.00	0.00	0.00	0.00	0.00	0.00	0.00	0.00	0.00	0.00	0.00	0.00	            0.00	0.00	0.00	0.00	0.00	0.00	0.00	0.00	0.00	0.00	0.00	0.00	0.00	0.00	0.00	0.00	0.00	          0.00	0.00	0.00	0.00	0.00	0.00	0.00	0.00	0.00	0.00	0.00	0.00	0.00	0.00	0.00	0.00	0.00
	500	4A	0	001	 2026	000000000001608173	000000000000000000	000000000000000000	INR		S	  016	OVL	MM1601	OE1	0000160206	JV			00000000	MMEP3BRE1B				BR		OVL			0000000000	00000000	             0.00	0.00	0.00	0.00	0.00	0.00	0.00	0.00	0.00	0.00	0.00	0.00	0.00	0.00	0.00	0.00	0.00	            0.00	0.00	0.00	0.00	0.00	0.00	0.00	0.00	0.00	0.00	0.00	0.00	0.00	0.00	0.00	0.00	0.00	          0.00	0.00	0.00	0.00	0.00	0.00	0.00	0.00	0.00	0.00	0.00	0.00	0.00	0.00	0.00	0.00	0.00
	500	4A	0	001	 2026	000000000001608173	000000000000000000	000000000000000000	USD		H	  016	OVL	MM1601	OE1	0000160206	JV			00000000	MMEP3BRE1B				BR		OVL			0000000000	00000000	             0.00	0.00	0.00	0.00	0.00	0.00	0.00	0.00	0.00	0.00	0.00	0.00	0.00	0.00	0.00	0.00	0.00	            0.00	0.00	0.00	0.00	0.00	0.00	0.00	0.00	0.00	0.00	0.00	0.00	0.00	0.00	0.00	0.00	0.00	          0.00	0.00	0.00	0.00	0.00	0.00	0.00	0.00	0.00	0.00	0.00	0.00	0.00	0.00	0.00	0.00	0.00
	500	4A	0	001	 2026	000000000001608173	000000000000000000	000000000000000000	USD		S	  016	OVL	MM1601	OE1	0000160206	JV			00000000	MMEP3BRE1B				BR		OVL			0000000000	00000000	             0.00	0.00	0.00	0.00	0.00	0.00	0.00	0.00	0.00	0.00	0.00	0.00	0.00	0.00	0.00	0.00	0.00	            0.00	0.00	0.00	0.00	0.00	0.00	0.00	0.00	0.00	0.00	0.00	0.00	0.00	0.00	0.00	0.00	0.00	          0.00	0.00	0.00	0.00	0.00	0.00	0.00	0.00	0.00	0.00	0.00	0.00	0.00	0.00	0.00	0.00	0.00
	500	4A	0	001	 2026	000000000001608174	000000000000000000	000000000000000000	EUR		S	  016	OVL	MM1601	OE2	0000160206	JV	MMEP3BRE1B		00000000	MMEP3BRE1B				BR		OVL			0000000000	00000000	             0.00	0.00	0.00	0.00	0.00	0.00	0.00	0.00	0.00	0.00	0.00	0.00	0.00	0.00	0.00	0.00	0.00	            0.00	0.00	0.00	0.00	0.00	0.00	0.00	0.00	0.00	0.00	0.00	0.00	0.00	0.00	0.00	0.00	0.00	          0.00	0.00	0.00	0.00	0.00	0.00	0.00	0.00	0.00	0.00	0.00	0.00	0.00	0.00	0.00	0.00	0.00
	500	4A	0	001	 2026	000000000001608174	000000000000000000	000000000000000000	INR		H	  016	OVL	MM1601	OE2	0000160206	JV	MMEP3BRE1B		00000000	MMEP3BRE1B				BR		OVL			0000000000	00000000	             0.00	0.00	0.00	0.00	0.00	0.00	0.00	0.00	0.00	0.00	0.00	0.00	0.00	0.00	0.00	0.00	0.00	            0.00	0.00	0.00	0.00	0.00	0.00	0.00	0.00	0.00	0.00	0.00	0.00	0.00	0.00	0.00	0.00	0.00	          0.00	0.00	0.00	0.00	0.00	0.00	0.00	0.00	0.00	0.00	0.00	0.00	0.00	0.00	0.00	0.00	0.00
	500	4A	0	001	 2026	000000000001608174	000000000000000000	000000000000000000	INR		S	  016	OVL	MM1601	OE2	0000160206	JV	MMEP3BRE1B		00000000	MMEP3BRE1B				BR		OVL			0000000000	00000000	             0.00	0.00	0.00	0.00	0.00	0.00	0.00	0.00	0.00	0.00	0.00	0.00	0.00	0.00	0.00	0.00	0.00	            0.00	0.00	0.00	0.00	0.00	0.00	0.00	0.00	0.00	0.00	0.00	0.00	0.00	0.00	0.00	0.00	0.00	          0.00	0.00	0.00	0.00	0.00	0.00	0.00	0.00	0.00	0.00	0.00	0.00	0.00	0.00	0.00	0.00	0.00
	500	4A	0	001	 2026	000000000001608174	000000000000000000	000000000000000000	MMK		H	  016	OVL	MM1601	OE2	0000160206	JV	MMEP3BRE1B		00000000	MMEP3BRE1B				BR		OVL			0000000000	00000000	             0.00	0.00	0.00	0.00	0.00	0.00	0.00	0.00	0.00	0.00	0.00	0.00	0.00	0.00	0.00	0.00	0.00	            0.00	0.00	0.00	0.00	0.00	0.00	0.00	0.00	0.00	0.00	0.00	0.00	0.00	0.00	0.00	0.00	0.00	          0.00	0.00	0.00	0.00	0.00	0.00	0.00	0.00	0.00	0.00	0.00	0.00	0.00	0.00	0.00	0.00	0.00
	500	4A	0	001	 2026	000000000001608174	000000000000000000	000000000000000000	MMK		S	  016	OVL	MM1601	OE2	0000160206	JV	MMEP3BRE1B		00000000	MMEP3BRE1B				BR		OVL			0000000000	00000000	             0.00	0.00	0.00	0.00	0.00	0.00	0.00	0.00	0.00	0.00	0.00	0.00	0.00	0.00	0.00	0.00	0.00	            0.00	0.00	0.00	0.00	0.00	0.00	0.00	0.00	0.00	0.00	0.00	0.00	0.00	0.00	0.00	0.00	0.00	          0.00	0.00	0.00	0.00	0.00	0.00	0.00	0.00	0.00	0.00	0.00	0.00	0.00	0.00	0.00	0.00	0.00
	500	4A	0	001	 2026	000000000001608174	000000000000000000	000000000000000000	USD		H	  016	OVL	MM1601	OE2	0000160206	JV	MMEP3BRE1B		00000000	MMEP3BRE1B				BR		OVL			0000000000	00000000	             0.00	0.00	0.00	0.00	0.00	0.00	0.00	0.00	0.00	0.00	0.00	0.00	0.00	0.00	0.00	0.00	0.00	            0.00	0.00	0.00	0.00	0.00	0.00	0.00	0.00	0.00	0.00	0.00	0.00	0.00	0.00	0.00	0.00	0.00	          0.00	0.00	0.00	0.00	0.00	0.00	0.00	0.00	0.00	0.00	0.00	0.00	0.00	0.00	0.00	0.00	0.00
	500	4A	0	001	 2026	000000000001608174	000000000000000000	000000000000000000	USD		S	  016	OVL	MM1601	OE2	0000160206	JV	MMEP3BRE1B		00000000	MMEP3BRE1B				BR		OVL			0000000000	00000000	             0.00	0.00	0.00	0.00	0.00	0.00	0.00	0.00	0.00	0.00	0.00	0.00	0.00	0.00	0.00	0.00	0.00	            0.00	0.00	0.00	0.00	0.00	0.00	0.00	0.00	0.00	0.00	0.00	0.00	0.00	0.00	0.00	0.00	0.00	          0.00	0.00	0.00	0.00	0.00	0.00	0.00	0.00	0.00	0.00	0.00	0.00	0.00	0.00	0.00	0.00	0.00
	500	4A	0	001	 2026	000000000001608175	000000000000000000	000000000000000000	INR		H	  016	OVL	MM1601	OE2	0000160206	JV			00000000	MMEP3BRE1B				BR		OVL			0000000000	00000000	             0.00	0.00	0.00	0.00	0.00	0.00	0.00	0.00	0.00	0.00	0.00	0.00	0.00	0.00	0.00	0.00	0.00	            0.00	0.00	0.00	0.00	0.00	0.00	0.00	0.00	0.00	0.00	0.00	0.00	0.00	0.00	0.00	0.00	0.00	          0.00	0.00	0.00	0.00	0.00	0.00	0.00	0.00	0.00	0.00	0.00	0.00	0.00	0.00	0.00	0.00	0.00
	500	4A	0	001	 2026	000000000001608175	000000000000000000	000000000000000000	INR		S	  016	OVL	MM1601	OE2	0000160206	JV			00000000	MMEP3BRE1B				BR		OVL			0000000000	00000000	             0.00	0.00	0.00	0.00	0.00	0.00	0.00	0.00	0.00	0.00	0.00	0.00	0.00	0.00	0.00	0.00	0.00	            0.00	0.00	0.00	0.00	0.00	0.00	0.00	0.00	0.00	0.00	0.00	0.00	0.00	0.00	0.00	0.00	0.00	          0.00	0.00	0.00	0.00	0.00	0.00	0.00	0.00	0.00	0.00	0.00	0.00	0.00	0.00	0.00	0.00	0.00
	500	4A	0	001	 2026	000000000001608175	000000000000000000	000000000000000000	MMK		H	  016	OVL	MM1601	OE2	0000160206	JV			00000000	MMEP3BRE1B				BR		OVL			0000000000	00000000	             0.00	0.00	0.00	0.00	0.00	0.00	0.00	0.00	0.00	0.00	0.00	0.00	0.00	0.00	0.00	0.00	0.00	            0.00	0.00	0.00	0.00	0.00	0.00	0.00	0.00	0.00	0.00	0.00	0.00	0.00	0.00	0.00	0.00	0.00	          0.00	0.00	0.00	0.00	0.00	0.00	0.00	0.00	0.00	0.00	0.00	0.00	0.00	0.00	0.00	0.00	0.00
	500	4A	0	001	 2026	000000000001608175	000000000000000000	000000000000000000	MMK		S	  016	OVL	MM1601	OE2	0000160206	JV			00000000	MMEP3BRE1B				BR		OVL			0000000000	00000000	             0.00	0.00	0.00	0.00	0.00	0.00	0.00	0.00	0.00	0.00	0.00	0.00	0.00	0.00	0.00	0.00	0.00	            0.00	0.00	0.00	0.00	0.00	0.00	0.00	0.00	0.00	0.00	0.00	0.00	0.00	0.00	0.00	0.00	0.00	          0.00	0.00	0.00	0.00	0.00	0.00	0.00	0.00	0.00	0.00	0.00	0.00	0.00	0.00	0.00	0.00	0.00
	500	4A	0	001	 2026	000000000001608175	000000000000000000	000000000000000000	USD		H	  016	OVL	MM1601	OE2	0000160206	JV			00000000	MMEP3BRE1B				BR		OVL			0000000000	00000000	             0.00	0.00	0.00	0.00	0.00	0.00	0.00	0.00	0.00	0.00	0.00	0.00	0.00	0.00	0.00	0.00	0.00	            0.00	0.00	0.00	0.00	0.00	0.00	0.00	0.00	0.00	0.00	0.00	0.00	0.00	0.00	0.00	0.00	0.00	          0.00	0.00	0.00	0.00	0.00	0.00	0.00	0.00	0.00	0.00	0.00	0.00	0.00	0.00	0.00	0.00	0.00
	500	4A	0	001	 2026	000000000001608175	000000000000000000	000000000000000000	USD		S	  016	OVL	MM1601	OE2	0000160206	JV			00000000	MMEP3BRE1B				BR		OVL			0000000000	00000000	             0.00	0.00	0.00	0.00	0.00	0.00	0.00	0.00	0.00	0.00	0.00	0.00	0.00	0.00	0.00	0.00	0.00	            0.00	0.00	0.00	0.00	0.00	0.00	0.00	0.00	0.00	0.00	0.00	0.00	0.00	0.00	0.00	0.00	0.00	          0.00	0.00	0.00	0.00	0.00	0.00	0.00	0.00	0.00	0.00	0.00	0.00	0.00	0.00	0.00	0.00	0.00
	500	4A	0	001	 2026	000000000001608176	000000000000000000	000000000000000000	EUR		S	  016	OVL	MM1601	OE2	0000160206	JV			00129412	MMEP3BRE1B				BR		OVL			0000000000	00000000	             0.00	0.00	0.00	0.00	0.00	0.00	0.00	0.00	0.00	0.00	0.00	0.00	0.00	0.00	0.00	0.00	0.00	            0.00	0.00	0.00	0.00	0.00	0.00	0.00	0.00	0.00	0.00	0.00	0.00	0.00	0.00	0.00	0.00	0.00	          0.00	0.00	0.00	0.00	0.00	0.00	0.00	0.00	0.00	0.00	0.00	0.00	0.00	0.00	0.00	0.00	0.00
	500	4A	0	001	 2026	000000000001608176	000000000000000000	000000000000000000	MMK		H	  016	OVL	MM1601	OE2	0000160206	JV			00129412	MMEP3BRE1B				BR		OVL			0000000000	00000000	             0.00	0.00	0.00	0.00	0.00	0.00	0.00	0.00	0.00	0.00	0.00	0.00	0.00	0.00	0.00	0.00	0.00	            0.00	0.00	0.00	0.00	0.00	0.00	0.00	0.00	0.00	0.00	0.00	0.00	0.00	0.00	0.00	0.00	0.00	          0.00	0.00	0.00	0.00	0.00	0.00	0.00	0.00	0.00	0.00	0.00	0.00	0.00	0.00	0.00	0.00	0.00
	500	4A	0	001	 2026	000000000001608176	000000000000000000	000000000000000000	MMK		S	  016	OVL	MM1601	OE2	0000160206	JV			00129412	MMEP3BRE1B				BR		OVL			0000000000	00000000	             0.00	0.00	0.00	0.00	0.00	0.00	0.00	0.00	0.00	0.00	0.00	0.00	0.00	0.00	0.00	0.00	0.00	            0.00	0.00	0.00	0.00	0.00	0.00	0.00	0.00	0.00	0.00	0.00	0.00	0.00	0.00	0.00	0.00	0.00	          0.00	0.00	0.00	0.00	0.00	0.00	0.00	0.00	0.00	0.00	0.00	0.00	0.00	0.00	0.00	0.00	0.00
	500	4A	0	001	 2026	000000000001608176	000000000000000000	000000000000000000	USD		H	  016	OVL	MM1601	OE2	0000160206	JV			00129412	MMEP3BRE1B				BR		OVL			0000000000	00000000	             0.00	0.00	0.00	0.00	0.00	0.00	0.00	0.00	0.00	0.00	0.00	0.00	0.00	0.00	0.00	0.00	0.00	            0.00	0.00	0.00	0.00	0.00	0.00	0.00	0.00	0.00	0.00	0.00	0.00	0.00	0.00	0.00	0.00	0.00	          0.00	0.00	0.00	0.00	0.00	0.00	0.00	0.00	0.00	0.00	0.00	0.00	0.00	0.00	0.00	0.00	0.00
	500	4A	0	001	 2026	000000000001608176	000000000000000000	000000000000000000	USD		S	  016	OVL	MM1601	OE2	0000160206	JV			00129412	MMEP3BRE1B				BR		OVL			0000000000	00000000	             0.00	0.00	0.00	0.00	0.00	0.00	0.00	0.00	0.00	0.00	0.00	0.00	0.00	0.00	0.00	0.00	0.00	            0.00	0.00	0.00	0.00	0.00	0.00	0.00	0.00	0.00	0.00	0.00	0.00	0.00	0.00	0.00	0.00	0.00	          0.00	0.00	0.00	0.00	0.00	0.00	0.00	0.00	0.00	0.00	0.00	0.00	0.00	0.00	0.00	0.00	0.00
	500	4A	0	001	 2026	000000000001608177	000000000000000000	000000000000000000	EUR		S	  016	OVL	MM1601	OE2	0000160206	JV			00129414	MMEP3BRE1B				BR		OVL			0000000000	00000000	             0.00	0.00	0.00	0.00	0.00	0.00	0.00	0.00	0.00	0.00	0.00	0.00	0.00	0.00	0.00	0.00	0.00	            0.00	0.00	0.00	0.00	0.00	0.00	0.00	0.00	0.00	0.00	0.00	0.00	0.00	0.00	0.00	0.00	0.00	          0.00	0.00	0.00	0.00	0.00	0.00	0.00	0.00	0.00	0.00	0.00	0.00	0.00	0.00	0.00	0.00	0.00
	500	4A	0	001	 2026	000000000001608177	000000000000000000	000000000000000000	MMK		S	  016	OVL	MM1601	OE2	0000160206	JV			00129414	MMEP3BRE1B				BR		OVL			0000000000	00000000	             0.00	0.00	0.00	0.00	0.00	0.00	0.00	0.00	0.00	0.00	0.00	0.00	0.00	0.00	0.00	0.00	0.00	            0.00	0.00	0.00	0.00	0.00	0.00	0.00	0.00	0.00	0.00	0.00	0.00	0.00	0.00	0.00	0.00	0.00	          0.00	0.00	0.00	0.00	0.00	0.00	0.00	0.00	0.00	0.00	0.00	0.00	0.00	0.00	0.00	0.00	0.00
	500	4A	0	001	 2026	000000000001608178	000000000000000000	000000000000000000	INR		H	  016	OVL	MM1601	OE1	0000160206	JV	MMEP3BRE1B		00000000	MMEP3BRE1B				CB		OVL			0000000000	00000000	             0.00	0.00	0.00	0.00	0.00	0.00	0.00	0.00	0.00	0.00	0.00	0.00	0.00	0.00	0.00	0.00	0.00	            0.00	0.00	0.00	0.00	0.00	0.00	0.00	0.00	0.00	0.00	0.00	0.00	0.00	0.00	0.00	0.00	0.00	          0.00	0.00	0.00	0.00	0.00	0.00	0.00	0.00	0.00	0.00	0.00	0.00	0.00	0.00	0.00	0.00	0.00
	500	4A	0	001	 2026	000000000001608178	000000000000000000	000000000000000000	INR		S	  016	OVL	MM1601	OE1	0000160206	JV	MMEP3BRE1B		00000000	MMEP3BRE1B				CB		OVL			0000000000	00000000	             0.00	0.00	0.00	0.00	0.00	0.00	0.00	0.00	0.00	0.00	0.00	0.00	0.00	0.00	0.00	0.00	0.00	            0.00	0.00	0.00	0.00	0.00	0.00	0.00	0.00	0.00	0.00	0.00	0.00	0.00	0.00	0.00	0.00	0.00	          0.00	0.00	0.00	0.00	0.00	0.00	0.00	0.00	0.00	0.00	0.00	0.00	0.00	0.00	0.00	0.00	0.00
	500	4A	0	001	 2026	000000000001608178	000000000000000000	000000000000000000	MMK		H	  016	OVL	MM1601	OE1	0000160206	JV	MMEP3BRE1B		00000000	MMEP3BRE1B				CB		OVL			0000000000	00000000	             0.00	0.00	0.00	0.00	0.00	0.00	0.00	0.00	0.00	0.00	0.00	0.00	0.00	0.00	0.00	0.00	0.00	            0.00	0.00	0.00	0.00	0.00	0.00	0.00	0.00	0.00	0.00	0.00	0.00	0.00	0.00	0.00	0.00	0.00	          0.00	0.00	0.00	0.00	0.00	0.00	0.00	0.00	0.00	0.00	0.00	0.00	0.00	0.00	0.00	0.00	0.00
	500	4A	0	001	 2026	000000000001608178	000000000000000000	000000000000000000	MMK		S	  016	OVL	MM1601	OE1	0000160206	JV	MMEP3BRE1B		00000000	MMEP3BRE1B				CB		OVL			0000000000	00000000	             0.00	0.00	0.00	0.00	0.00	0.00	0.00	0.00	0.00	0.00	0.00	0.00	0.00	0.00	0.00	0.00	0.00	            0.00	0.00	0.00	0.00	0.00	0.00	0.00	0.00	0.00	0.00	0.00	0.00	0.00	0.00	0.00	0.00	0.00	          0.00	0.00	0.00	0.00	0.00	0.00	0.00	0.00	0.00	0.00	0.00	0.00	0.00	0.00	0.00	0.00	0.00
	500	4A	0	001	 2026	000000000001608178	000000000000000000	000000000000000000	USD		H	  016	OVL	MM1601	OE1	0000160206	JV	MMEP3BRE1B		00000000	MMEP3BRE1B				CB		OVL			0000000000	00000000	             0.00	0.00	0.00	0.00	0.00	0.00	0.00	0.00	0.00	0.00	0.00	0.00	0.00	0.00	0.00	0.00	0.00	            0.00	0.00	0.00	0.00	0.00	0.00	0.00	0.00	0.00	0.00	0.00	0.00	0.00	0.00	0.00	0.00	0.00	          0.00	0.00	0.00	0.00	0.00	0.00	0.00	0.00	0.00	0.00	0.00	0.00	0.00	0.00	0.00	0.00	0.00
	500	4A	0	001	 2026	000000000001608178	000000000000000000	000000000000000000	USD		S	  016	OVL	MM1601	OE1	0000160206	JV	MMEP3BRE1B		00000000	MMEP3BRE1B				CB		OVL			0000000000	00000000	             0.00	0.00	0.00	0.00	0.00	0.00	0.00	0.00	0.00	0.00	0.00	0.00	0.00	0.00	0.00	0.00	0.00	            0.00	0.00	0.00	0.00	0.00	0.00	0.00	0.00	0.00	0.00	0.00	0.00	0.00	0.00	0.00	0.00	0.00	          0.00	0.00	0.00	0.00	0.00	0.00	0.00	0.00	0.00	0.00	0.00	0.00	0.00	0.00	0.00	0.00	0.00
	500	4A	0	001	 2026	000000000001608179	000000000000000000	000000000000000000	INR		H	  016	OVL	MM1601	OE1	0000160206	JV			00000000	MMEP3BRE1B				CB		OVL			0000000000	00000000	             0.00	0.00	0.00	0.00	0.00	0.00	0.00	0.00	0.00	0.00	0.00	0.00	0.00	0.00	0.00	0.00	0.00	            0.00	0.00	0.00	0.00	0.00	0.00	0.00	0.00	0.00	0.00	0.00	0.00	0.00	0.00	0.00	0.00	0.00	          0.00	0.00	0.00	0.00	0.00	0.00	0.00	0.00	0.00	0.00	0.00	0.00	0.00	0.00	0.00	0.00	0.00
	500	4A	0	001	 2026	000000000001608179	000000000000000000	000000000000000000	INR		S	  016	OVL	MM1601	OE1	0000160206	JV			00000000	MMEP3BRE1B				CB		OVL			0000000000	00000000	             0.00	0.00	0.00	0.00	0.00	0.00	0.00	0.00	0.00	0.00	0.00	0.00	0.00	0.00	0.00	0.00	0.00	            0.00	0.00	0.00	0.00	0.00	0.00	0.00	0.00	0.00	0.00	0.00	0.00	0.00	0.00	0.00	0.00	0.00	          0.00	0.00	0.00	0.00	0.00	0.00	0.00	0.00	0.00	0.00	0.00	0.00	0.00	0.00	0.00	0.00	0.00
	500	4A	0	001	 2026	000000000001608179	000000000000000000	000000000000000000	USD		H	  016	OVL	MM1601	OE1	0000160206	JV			00000000	MMEP3BRE1B				CB		OVL			0000000000	00000000	             0.00	0.00	0.00	0.00	0.00	0.00	0.00	0.00	0.00	0.00	0.00	0.00	0.00	0.00	0.00	0.00	0.00	            0.00	0.00	0.00	0.00	0.00	0.00	0.00	0.00	0.00	0.00	0.00	0.00	0.00	0.00	0.00	0.00	0.00	          0.00	0.00	0.00	0.00	0.00	0.00	0.00	0.00	0.00	0.00	0.00	0.00	0.00	0.00	0.00	0.00	0.00
	500	4A	0	001	 2026	000000000001608179	000000000000000000	000000000000000000	USD		S	  016	OVL	MM1601	OE1	0000160206	JV			00000000	MMEP3BRE1B				CB		OVL			0000000000	00000000	             0.00	0.00	0.00	0.00	0.00	0.00	0.00	0.00	0.00	0.00	0.00	0.00	0.00	0.00	0.00	0.00	0.00	            0.00	0.00	0.00	0.00	0.00	0.00	0.00	0.00	0.00	0.00	0.00	0.00	0.00	0.00	0.00	0.00	0.00	          0.00	0.00	0.00	0.00	0.00	0.00	0.00	0.00	0.00	0.00	0.00	0.00	0.00	0.00	0.00	0.00	0.00
	500	4A	0	001	 2026	000000000001608180	000000000000000000	000000000000000000	INR		H	  016	OVL	MM1601	OE2	0000160206	JV	MMEP3BRE1B		00000000	MMEP3BRE1B				CB		OVL			0000000000	00000000	             0.00	0.00	0.00	0.00	0.00	0.00	0.00	0.00	0.00	0.00	0.00	0.00	0.00	0.00	0.00	0.00	0.00	            0.00	0.00	0.00	0.00	0.00	0.00	0.00	0.00	0.00	0.00	0.00	0.00	0.00	0.00	0.00	0.00	0.00	          0.00	0.00	0.00	0.00	0.00	0.00	0.00	0.00	0.00	0.00	0.00	0.00	0.00	0.00	0.00	0.00	0.00
	500	4A	0	001	 2026	000000000001608180	000000000000000000	000000000000000000	INR		S	  016	OVL	MM1601	OE2	0000160206	JV	MMEP3BRE1B		00000000	MMEP3BRE1B				CB		OVL			0000000000	00000000	             0.00	0.00	0.00	0.00	0.00	0.00	0.00	0.00	0.00	0.00	0.00	0.00	0.00	0.00	0.00	0.00	0.00	            0.00	0.00	0.00	0.00	0.00	0.00	0.00	0.00	0.00	0.00	0.00	0.00	0.00	0.00	0.00	0.00	0.00	          0.00	0.00	0.00	0.00	0.00	0.00	0.00	0.00	0.00	0.00	0.00	0.00	0.00	0.00	0.00	0.00	0.00
	500	4A	0	001	 2026	000000000001608180	000000000000000000	000000000000000000	MMK		H	  016	OVL	MM1601	OE2	0000160206	JV	MMEP3BRE1B		00000000	MMEP3BRE1B				CB		OVL			0000000000	00000000	             0.00	0.00	0.00	0.00	0.00	0.00	0.00	0.00	0.00	0.00	0.00	0.00	0.00	0.00	0.00	0.00	0.00	            0.00	0.00	0.00	0.00	0.00	0.00	0.00	0.00	0.00	0.00	0.00	0.00	0.00	0.00	0.00	0.00	0.00	          0.00	0.00	0.00	0.00	0.00	0.00	0.00	0.00	0.00	0.00	0.00	0.00	0.00	0.00	0.00	0.00	0.00
	500	4A	0	001	 2026	000000000001608180	000000000000000000	000000000000000000	MMK		S	  016	OVL	MM1601	OE2	0000160206	JV	MMEP3BRE1B		00000000	MMEP3BRE1B				CB		OVL			0000000000	00000000	             0.00	0.00	0.00	0.00	0.00	0.00	0.00	0.00	0.00	0.00	0.00	0.00	0.00	0.00	0.00	0.00	0.00	            0.00	0.00	0.00	0.00	0.00	0.00	0.00	0.00	0.00	0.00	0.00	0.00	0.00	0.00	0.00	0.00	0.00	          0.00	0.00	0.00	0.00	0.00	0.00	0.00	0.00	0.00	0.00	0.00	0.00	0.00	0.00	0.00	0.00	0.00
	500	4A	0	001	 2026	000000000001608180	000000000000000000	000000000000000000	USD		H	  016	OVL	MM1601	OE2	0000160206	JV	MMEP3BRE1B		00000000	MMEP3BRE1B				CB		OVL			0000000000	00000000	             0.00	0.00	0.00	0.00	0.00	0.00	0.00	0.00	0.00	0.00	0.00	0.00	0.00	0.00	0.00	0.00	0.00	            0.00	0.00	0.00	0.00	0.00	0.00	0.00	0.00	0.00	0.00	0.00	0.00	0.00	0.00	0.00	0.00	0.00	          0.00	0.00	0.00	0.00	0.00	0.00	0.00	0.00	0.00	0.00	0.00	0.00	0.00	0.00	0.00	0.00	0.00
	500	4A	0	001	 2026	000000000001608180	000000000000000000	000000000000000000	USD		S	  016	OVL	MM1601	OE2	0000160206	JV	MMEP3BRE1B		00000000	MMEP3BRE1B				CB		OVL			0000000000	00000000	             0.00	0.00	0.00	0.00	0.00	0.00	0.00	0.00	0.00	0.00	0.00	0.00	0.00	0.00	0.00	0.00	0.00	            0.00	0.00	0.00	0.00	0.00	0.00	0.00	0.00	0.00	0.00	0.00	0.00	0.00	0.00	0.00	0.00	0.00	          0.00	0.00	0.00	0.00	0.00	0.00	0.00	0.00	0.00	0.00	0.00	0.00	0.00	0.00	0.00	0.00	0.00
	500	4A	0	001	 2026	000000000001608181	000000000000000000	000000000000000000	INR		H	  016	OVL	MM1601	OE2	0000160206	JV			00129412	MMEP3BRE1B				CB		OVL			0000000000	00000000	             0.00	0.00	0.00	0.00	0.00	0.00	0.00	0.00	0.00	0.00	0.00	0.00	0.00	0.00	0.00	0.00	0.00	            0.00	0.00	0.00	0.00	0.00	0.00	0.00	0.00	0.00	0.00	0.00	0.00	0.00	0.00	0.00	0.00	0.00	          0.00	0.00	0.00	0.00	0.00	0.00	0.00	0.00	0.00	0.00	0.00	0.00	0.00	0.00	0.00	0.00	0.00
	500	4A	0	001	 2026	000000000001608181	000000000000000000	000000000000000000	MMK		H	  016	OVL	MM1601	OE2	0000160206	JV			00129412	MMEP3BRE1B				CB		OVL			0000000000	00000000	             0.00	0.00	0.00	0.00	0.00	0.00	0.00	0.00	0.00	0.00	0.00	0.00	0.00	0.00	0.00	0.00	0.00	            0.00	0.00	0.00	0.00	0.00	0.00	0.00	0.00	0.00	0.00	0.00	0.00	0.00	0.00	0.00	0.00	0.00	          0.00	0.00	0.00	0.00	0.00	0.00	0.00	0.00	0.00	0.00	0.00	0.00	0.00	0.00	0.00	0.00	0.00
	500	4A	0	001	 2026	000000000001608181	000000000000000000	000000000000000000	USD		H	  016	OVL	MM1601	OE2	0000160206	JV			00129412	MMEP3BRE1B				CB		OVL			0000000000	00000000	             0.00	0.00	0.00	0.00	0.00	0.00	0.00	0.00	0.00	0.00	0.00	0.00	0.00	0.00	0.00	0.00	0.00	            0.00	0.00	0.00	0.00	0.00	0.00	0.00	0.00	0.00	0.00	0.00	0.00	0.00	0.00	0.00	0.00	0.00	          0.00	0.00	0.00	0.00	0.00	0.00	0.00	0.00	0.00	0.00	0.00	0.00	0.00	0.00	0.00	0.00	0.00
	500	4A	0	001	 2026	000000000001608181	000000000000000000	000000000000000000	USD		S	  016	OVL	MM1601	OE2	0000160206	JV			00129412	MMEP3BRE1B				CB		OVL			0000000000	00000000	             0.00	0.00	0.00	0.00	0.00	0.00	0.00	0.00	0.00	0.00	0.00	0.00	0.00	0.00	0.00	0.00	0.00	            0.00	0.00	0.00	0.00	0.00	0.00	0.00	0.00	0.00	0.00	0.00	0.00	0.00	0.00	0.00	0.00	0.00	          0.00	0.00	0.00	0.00	0.00	0.00	0.00	0.00	0.00	0.00	0.00	0.00	0.00	0.00	0.00	0.00	0.00
	500	4A	0	001	 2026	000000000001608182	000000000000000000	000000000000000000	INR		S	  016	OVL	MM1601	OE2	0000160206	JV			00000000	MMEP3BRE1B				CB		OVL			0000000000	00000000	             0.00	0.00	0.00	0.00	0.00	0.00	0.00	0.00	0.00	0.00	0.00	0.00	0.00	0.00	0.00	0.00	0.00	            0.00	0.00	0.00	0.00	0.00	0.00	0.00	0.00	0.00	0.00	0.00	0.00	0.00	0.00	0.00	0.00	0.00	          0.00	0.00	0.00	0.00	0.00	0.00	0.00	0.00	0.00	0.00	0.00	0.00	0.00	0.00	0.00	0.00	0.00
	500	4A	0	001	 2026	000000000001608182	000000000000000000	000000000000000000	MMK		H	  016	OVL	MM1601	OE2	0000160206	JV			00000000	MMEP3BRE1B				CB		OVL			0000000000	00000000	             0.00	0.00	0.00	0.00	0.00	0.00	0.00	0.00	0.00	0.00	0.00	0.00	0.00	0.00	0.00	0.00	0.00	            0.00	0.00	0.00	0.00	0.00	0.00	0.00	0.00	0.00	0.00	0.00	0.00	0.00	0.00	0.00	0.00	0.00	          0.00	0.00	0.00	0.00	0.00	0.00	0.00	0.00	0.00	0.00	0.00	0.00	0.00	0.00	0.00	0.00	0.00
	500	4A	0	001	 2026	000000000001608182	000000000000000000	000000000000000000	MMK		S	  016	OVL	MM1601	OE2	0000160206	JV			00000000	MMEP3BRE1B				CB		OVL			0000000000	00000000	             0.00	0.00	0.00	0.00	0.00	0.00	0.00	0.00	0.00	0.00	0.00	0.00	0.00	0.00	0.00	0.00	0.00	            0.00	0.00	0.00	0.00	0.00	0.00	0.00	0.00	0.00	0.00	0.00	0.00	0.00	0.00	0.00	0.00	0.00	          0.00	0.00	0.00	0.00	0.00	0.00	0.00	0.00	0.00	0.00	0.00	0.00	0.00	0.00	0.00	0.00	0.00
	500	4A	0	001	 2026	000000000001608182	000000000000000000	000000000000000000	USD		H	  016	OVL	MM1601	OE2	0000160206	JV			00000000	MMEP3BRE1B				CB		OVL			0000000000	00000000	             0.00	0.00	0.00	0.00	0.00	0.00	0.00	0.00	0.00	0.00	0.00	0.00	0.00	0.00	0.00	0.00	0.00	            0.00	0.00	0.00	0.00	0.00	0.00	0.00	0.00	0.00	0.00	0.00	0.00	0.00	0.00	0.00	0.00	0.00	          0.00	0.00	0.00	0.00	0.00	0.00	0.00	0.00	0.00	0.00	0.00	0.00	0.00	0.00	0.00	0.00	0.00
	500	4A	0	001	 2026	000000000001608182	000000000000000000	000000000000000000	USD		S	  016	OVL	MM1601	OE2	0000160206	JV			00000000	MMEP3BRE1B				CB		OVL			0000000000	00000000	             0.00	0.00	0.00	0.00	0.00	0.00	0.00	0.00	0.00	0.00	0.00	0.00	0.00	0.00	0.00	0.00	0.00	            0.00	0.00	0.00	0.00	0.00	0.00	0.00	0.00	0.00	0.00	0.00	0.00	0.00	0.00	0.00	0.00	0.00	          0.00	0.00	0.00	0.00	0.00	0.00	0.00	0.00	0.00	0.00	0.00	0.00	0.00	0.00	0.00	0.00	0.00
	500	4A	0	001	 2026	000000000001608183	000000000000000000	000000000000000000	INR		H	  016	OVL	MM1601	OE2	0000160206	JV			00129414	MMEP3BRE1B				CB		OVL			0000000000	00000000	             0.00	0.00	0.00	0.00	0.00	0.00	0.00	0.00	0.00	0.00	0.00	0.00	0.00	0.00	0.00	0.00	0.00	            0.00	0.00	0.00	0.00	0.00	0.00	0.00	0.00	0.00	0.00	0.00	0.00	0.00	0.00	0.00	0.00	0.00	          0.00	0.00	0.00	0.00	0.00	0.00	0.00	0.00	0.00	0.00	0.00	0.00	0.00	0.00	0.00	0.00	0.00
	500	4A	0	001	 2026	000000000001608183	000000000000000000	000000000000000000	MMK		H	  016	OVL	MM1601	OE2	0000160206	JV			00129414	MMEP3BRE1B				CB		OVL			0000000000	00000000	             0.00	0.00	0.00	0.00	0.00	0.00	0.00	0.00	0.00	0.00	0.00	0.00	0.00	0.00	0.00	0.00	0.00	            0.00	0.00	0.00	0.00	0.00	0.00	0.00	0.00	0.00	0.00	0.00	0.00	0.00	0.00	0.00	0.00	0.00	          0.00	0.00	0.00	0.00	0.00	0.00	0.00	0.00	0.00	0.00	0.00	0.00	0.00	0.00	0.00	0.00	0.00
	500	4A	0	001	 2026	000000000001608184	000000000000000000	000000000000000000	EUR		S	  016	OVL	MM1601	OE1	0000160206	JV			00000000	MMEP3BRE1B				CP		OVL			0000000000	00000000	             0.00	0.00	0.00	0.00	0.00	0.00	0.00	0.00	0.00	0.00	0.00	0.00	0.00	0.00	0.00	0.00	0.00	            0.00	0.00	0.00	0.00	0.00	0.00	0.00	0.00	0.00	0.00	0.00	0.00	0.00	0.00	0.00	0.00	0.00	          0.00	0.00	0.00	0.00	0.00	0.00	0.00	0.00	0.00	0.00	0.00	0.00	0.00	0.00	0.00	0.00	0.00
	500	4A	0	001	 2026	000000000001608184	000000000000000000	000000000000000000	USD		H	  016	OVL	MM1601	OE1	0000160206	JV			00000000	MMEP3BRE1B				CP		OVL			0000000000	00000000	             0.00	0.00	0.00	0.00	0.00	0.00	0.00	0.00	0.00	0.00	0.00	0.00	0.00	0.00	0.00	0.00	0.00	            0.00	0.00	0.00	0.00	0.00	0.00	0.00	0.00	0.00	0.00	0.00	0.00	0.00	0.00	0.00	0.00	0.00	          0.00	0.00	0.00	0.00	0.00	0.00	0.00	0.00	0.00	0.00	0.00	0.00	0.00	0.00	0.00	0.00	0.00
	500	4A	0	001	 2026	000000000001608184	000000000000000000	000000000000000000	USD		S	  016	OVL	MM1601	OE1	0000160206	JV			00000000	MMEP3BRE1B				CP		OVL			0000000000	00000000	             0.00	0.00	0.00	0.00	0.00	0.00	0.00	0.00	0.00	0.00	0.00	0.00	0.00	0.00	0.00	0.00	0.00	            0.00	0.00	0.00	0.00	0.00	0.00	0.00	0.00	0.00	0.00	0.00	0.00	0.00	0.00	0.00	0.00	0.00	          0.00	0.00	0.00	0.00	0.00	0.00	0.00	0.00	0.00	0.00	0.00	0.00	0.00	0.00	0.00	0.00	0.00
	500	4A	0	001	 2026	000000000001608185	000000000000000000	000000000000000000	INR		S	  016	OVL	MM1601	OE1	0000160206	JV	MMEP3BRE1B		00000000	MMEP3BRE1B				CP		OVL			0000000000	00000000	             0.00	0.00	0.00	0.00	0.00	0.00	0.00	0.00	0.00	0.00	0.00	0.00	0.00	0.00	0.00	0.00	0.00	            0.00	0.00	0.00	0.00	0.00	0.00	0.00	0.00	0.00	0.00	0.00	0.00	0.00	0.00	0.00	0.00	0.00	          0.00	0.00	0.00	0.00	0.00	0.00	0.00	0.00	0.00	0.00	0.00	0.00	0.00	0.00	0.00	0.00	0.00
	500	4A	0	001	 2026	000000000001608186	000000000000000000	000000000000000000	INR		H	  016	OVL	MM1601	OE2	0000160206	JV			00000000	MMEP3BRE1B				CP		OVL			0000000000	00000000	             0.00	0.00	0.00	0.00	0.00	0.00	0.00	0.00	0.00	0.00	0.00	0.00	0.00	0.00	0.00	0.00	0.00	            0.00	0.00	0.00	0.00	0.00	0.00	0.00	0.00	0.00	0.00	0.00	0.00	0.00	0.00	0.00	0.00	0.00	          0.00	0.00	0.00	0.00	0.00	0.00	0.00	0.00	0.00	0.00	0.00	0.00	0.00	0.00	0.00	0.00	0.00
	500	4A	0	001	 2026	000000000001608186	000000000000000000	000000000000000000	INR		S	  016	OVL	MM1601	OE2	0000160206	JV			00000000	MMEP3BRE1B				CP		OVL			0000000000	00000000	             0.00	0.00	0.00	0.00	0.00	0.00	0.00	0.00	0.00	0.00	0.00	0.00	0.00	0.00	0.00	0.00	0.00	            0.00	0.00	0.00	0.00	0.00	0.00	0.00	0.00	0.00	0.00	0.00	0.00	0.00	0.00	0.00	0.00	0.00	          0.00	0.00	0.00	0.00	0.00	0.00	0.00	0.00	0.00	0.00	0.00	0.00	0.00	0.00	0.00	0.00	0.00
	500	4A	0	001	 2026	000000000001608186	000000000000000000	000000000000000000	MMK		H	  016	OVL	MM1601	OE2	0000160206	JV			00000000	MMEP3BRE1B				CP		OVL			0000000000	00000000	             0.00	0.00	0.00	0.00	0.00	0.00	0.00	0.00	0.00	0.00	0.00	0.00	0.00	0.00	0.00	0.00	0.00	            0.00	0.00	0.00	0.00	0.00	0.00	0.00	0.00	0.00	0.00	0.00	0.00	0.00	0.00	0.00	0.00	0.00	          0.00	0.00	0.00	0.00	0.00	0.00	0.00	0.00	0.00	0.00	0.00	0.00	0.00	0.00	0.00	0.00	0.00
	500	4A	0	001	 2026	000000000001608186	000000000000000000	000000000000000000	MMK		S	  016	OVL	MM1601	OE2	0000160206	JV			00000000	MMEP3BRE1B				CP		OVL			0000000000	00000000	             0.00	0.00	0.00	0.00	0.00	0.00	0.00	0.00	0.00	0.00	0.00	0.00	0.00	0.00	0.00	0.00	0.00	            0.00	0.00	0.00	0.00	0.00	0.00	0.00	0.00	0.00	0.00	0.00	0.00	0.00	0.00	0.00	0.00	0.00	          0.00	0.00	0.00	0.00	0.00	0.00	0.00	0.00	0.00	0.00	0.00	0.00	0.00	0.00	0.00	0.00	0.00
	500	4A	0	001	 2026	000000000001608186	000000000000000000	000000000000000000	USD		H	  016	OVL	MM1601	OE2	0000160206	JV			00000000	MMEP3BRE1B				CP		OVL			0000000000	00000000	             0.00	0.00	0.00	0.00	0.00	0.00	0.00	0.00	0.00	0.00	0.00	0.00	0.00	0.00	0.00	0.00	0.00	            0.00	0.00	0.00	0.00	0.00	0.00	0.00	0.00	0.00	0.00	0.00	0.00	0.00	0.00	0.00	0.00	0.00	          0.00	0.00	0.00	0.00	0.00	0.00	0.00	0.00	0.00	0.00	0.00	0.00	0.00	0.00	0.00	0.00	0.00
	500	4A	0	001	 2026	000000000001608186	000000000000000000	000000000000000000	USD		S	  016	OVL	MM1601	OE2	0000160206	JV			00000000	MMEP3BRE1B				CP		OVL			0000000000	00000000	             0.00	0.00	0.00	0.00	0.00	0.00	0.00	0.00	0.00	0.00	0.00	0.00	0.00	0.00	0.00	0.00	0.00	            0.00	0.00	0.00	0.00	0.00	0.00	0.00	0.00	0.00	0.00	0.00	0.00	0.00	0.00	0.00	0.00	0.00	          0.00	0.00	0.00	0.00	0.00	0.00	0.00	0.00	0.00	0.00	0.00	0.00	0.00	0.00	0.00	0.00	0.00
	500	4A	0	001	 2026	000000000001608187	000000000000000000	000000000000000000	INR		H	  016	OVL	MM1601	OE2	0000160206	JV	MMEP3BRE1B		00000000	MMEP3BRE1B				CP		OVL			0000000000	00000000	             0.00	0.00	0.00	0.00	0.00	0.00	0.00	0.00	0.00	0.00	0.00	0.00	0.00	0.00	0.00	0.00	0.00	            0.00	0.00	0.00	0.00	0.00	0.00	0.00	0.00	0.00	0.00	0.00	0.00	0.00	0.00	0.00	0.00	0.00	          0.00	0.00	0.00	0.00	0.00	0.00	0.00	0.00	0.00	0.00	0.00	0.00	0.00	0.00	0.00	0.00	0.00
	500	4A	0	001	 2026	000000000001608187	000000000000000000	000000000000000000	INR		S	  016	OVL	MM1601	OE2	0000160206	JV	MMEP3BRE1B		00000000	MMEP3BRE1B				CP		OVL			0000000000	00000000	             0.00	0.00	0.00	0.00	0.00	0.00	0.00	0.00	0.00	0.00	0.00	0.00	0.00	0.00	0.00	0.00	0.00	            0.00	0.00	0.00	0.00	0.00	0.00	0.00	0.00	0.00	0.00	0.00	0.00	0.00	0.00	0.00	0.00	0.00	          0.00	0.00	0.00	0.00	0.00	0.00	0.00	0.00	0.00	0.00	0.00	0.00	0.00	0.00	0.00	0.00	0.00
	500	4A	0	001	 2026	000000000001608187	000000000000000000	000000000000000000	USD		H	  016	OVL	MM1601	OE2	0000160206	JV	MMEP3BRE1B		00000000	MMEP3BRE1B				CP		OVL			0000000000	00000000	             0.00	0.00	0.00	0.00	0.00	0.00	0.00	0.00	0.00	0.00	0.00	0.00	0.00	0.00	0.00	0.00	0.00	            0.00	0.00	0.00	0.00	0.00	0.00	0.00	0.00	0.00	0.00	0.00	0.00	0.00	0.00	0.00	0.00	0.00	          0.00	0.00	0.00	0.00	0.00	0.00	0.00	0.00	0.00	0.00	0.00	0.00	0.00	0.00	0.00	0.00	0.00
	500	4A	0	001	 2026	000000000001608187	000000000000000000	000000000000000000	USD		S	  016	OVL	MM1601	OE2	0000160206	JV	MMEP3BRE1B		00000000	MMEP3BRE1B				CP		OVL			0000000000	00000000	             0.00	0.00	0.00	0.00	0.00	0.00	0.00	0.00	0.00	0.00	0.00	0.00	0.00	0.00	0.00	0.00	0.00	            0.00	0.00	0.00	0.00	0.00	0.00	0.00	0.00	0.00	0.00	0.00	0.00	0.00	0.00	0.00	0.00	0.00	          0.00	0.00	0.00	0.00	0.00	0.00	0.00	0.00	0.00	0.00	0.00	0.00	0.00	0.00	0.00	0.00	0.00
	500	4A	0	001	 2026	000000000001608827	000000000000000000	000000000000000000	MMK		S	  016	OVL	MM1601	OE2	0000201358	JV	MMEP3BRE1B		00000000	MMEP3BRE1B				BR		OVL			0000000000	00000000	   100,080,000.00	0.00	0.00	0.00	0.00	0.00	0.00	0.00	0.00	0.00	0.00	0.00	0.00	0.00	0.00	0.00	0.00	    4,847,046.30	0.00	0.00	0.00	0.00	0.00	0.00	0.00	0.00	0.00	0.00	0.00	0.00	0.00	0.00	0.00	0.00	     69,686.51	0.00	0.00	0.00	0.00	0.00	0.00	0.00	0.00	0.00	0.00	0.00	0.00	0.00	0.00	0.00	0.00
	500	4A	0	001	 2026	000000000001608834	000000000000000000	000000000000000000	MMK		H	  016	OVL	MM1601	OE2	0000201450	JV	MMEP3BRE1B		00000000	MMEP3BRE1B				BR		OVL			0000000000	00000000	-27,725.00	0.00	0.00	0.00	0.00	0.00	0.00	0.00	0.00	0.00	0.00	0.00	0.00	0.00	0.00	0.00	0.00	-1,184.86	0.00	0.00	0.00	0.00	0.00	0.00	0.00	0.00	0.00	0.00	0.00	0.00	0.00	0.00	0.00	0.00	-13.31	0.00	0.00	0.00	0.00	0.00	0.00	0.00	0.00	0.00	0.00	0.00	0.00	0.00	0.00	0.00	0.00
	500	4A	0	001	 2026	000000000001608834	000000000000000000	000000000000000000	MMK		S	  016	OVL	MM1601	OE2	0000201450	JV	MMEP3BRE1B		00000000	MMEP3BRE1B				BR		OVL			0000000000	00000000	       413,948.79	0.00	0.00	0.00	0.00	0.00	0.00	0.00	0.00	0.00	0.00	0.00	0.00	0.00	0.00	0.00	0.00	       18,424.90	0.00	0.00	0.00	0.00	0.00	0.00	0.00	0.00	0.00	0.00	0.00	0.00	0.00	0.00	0.00	0.00	        231.42	0.00	0.00	0.00	0.00	0.00	0.00	0.00	0.00	0.00	0.00	0.00	0.00	0.00	0.00	0.00	0.00
	500	4A	0	001	 2026	000000000001608839	000000000000000000	000000000000000000	USD		H	  016	OVL	MM1601	OE2	0000096490	JV			00000000	MMEP3BRE1B				BR		OVL			0000000000	00000000	-3,193,223.53	0.00	0.00	0.00	0.00	0.00	0.00	0.00	0.00	0.00	0.00	0.00	0.00	0.00	0.00	0.00	0.00	-252,987,012.31	0.00	0.00	0.00	0.00	0.00	0.00	0.00	0.00	0.00	0.00	0.00	0.00	0.00	0.00	0.00	0.00	-3,193,223.53	0.00	0.00	0.00	0.00	0.00	0.00	0.00	0.00	0.00	0.00	0.00	0.00	0.00	0.00	0.00	0.00
	500	4A	0	001	 2026	000000000001608839	000000000000000000	000000000000000000	USD		S	  016	OVL	MM1601	OE2	0000096490	JV			00000000	MMEP3BRE1B				BR		OVL			0000000000	00000000	     3,100,132.51	0.00	0.00	0.00	0.00	0.00	0.00	0.00	0.00	0.00	0.00	0.00	0.00	0.00	0.00	0.00	0.00	  239,028,095.36	0.00	0.00	0.00	0.00	0.00	0.00	0.00	0.00	0.00	0.00	0.00	0.00	0.00	0.00	0.00	0.00	  3,100,132.51	0.00	0.00	0.00	0.00	0.00	0.00	0.00	0.00	0.00	0.00	0.00	0.00	0.00	0.00	0.00	0.00
	500	4A	0	001	 2026	000000000001608840	000000000000000000	000000000000000000	EUR		S	  016	OVL	MM1601	OE2	0000200842	JV			00129414	MMEP3BRE1B				BR		OVL			0000000000	00000000	         9,978.28	0.00	0.00	0.00	0.00	0.00	0.00	0.00	0.00	0.00	0.00	0.00	0.00	0.00	0.00	0.00	0.00	      794,271.09	0.00	0.00	0.00	0.00	0.00	0.00	0.00	0.00	0.00	0.00	0.00	0.00	0.00	0.00	0.00	0.00	     12,207.43	0.00	0.00	0.00	0.00	0.00	0.00	0.00	0.00	0.00	0.00	0.00	0.00	0.00	0.00	0.00	0.00
	500	4A	0	001	 2026	000000000001608840	000000000000000000	000000000000000000	MMK		S	  016	OVL	MM1601	OE2	0000200842	JV			00129414	MMEP3BRE1B				BR		OVL			0000000000	00000000	       404,162.89	0.00	0.00	0.00	0.00	0.00	0.00	0.00	0.00	0.00	0.00	0.00	0.00	0.00	0.00	0.00	0.00	       19,763.57	0.00	0.00	0.00	0.00	0.00	0.00	0.00	0.00	0.00	0.00	0.00	0.00	0.00	0.00	0.00	0.00	        303.12	0.00	0.00	0.00	0.00	0.00	0.00	0.00	0.00	0.00	0.00	0.00	0.00	0.00	0.00	0.00	0.00
	500	4A	0	001	 2026	000000000001608854	000000000000000000	000000000000000000	MMK		H	  016	OVL	MM1601	OE2	0000200702	JV	MMEP3BRE1B		00000000	MMEP3BRE1B				BR		OVL			0000000000	00000000	-9,500.00	0.00	0.00	0.00	0.00	0.00	0.00	0.00	0.00	0.00	0.00	0.00	0.00	0.00	0.00	0.00	0.00	-382.00	0.00	0.00	0.00	0.00	0.00	0.00	0.00	0.00	0.00	0.00	0.00	0.00	0.00	0.00	0.00	0.00	-5.13	0.00	0.00	0.00	0.00	0.00	0.00	0.00	0.00	0.00	0.00	0.00	0.00	0.00	0.00	0.00	0.00
	500	4A	0	001	 2026	000000000001608854	000000000000000000	000000000000000000	MMK		S	  016	OVL	MM1601	OE2	0000200702	JV	MMEP3BRE1B		00000000	MMEP3BRE1B				BR		OVL			0000000000	00000000	       578,600.00	0.00	0.00	0.00	0.00	0.00	0.00	0.00	0.00	0.00	0.00	0.00	0.00	0.00	0.00	0.00	0.00	       27,730.91	0.00	0.00	0.00	0.00	0.00	0.00	0.00	0.00	0.00	0.00	0.00	0.00	0.00	0.00	0.00	0.00	        404.77	0.00	0.00	0.00	0.00	0.00	0.00	0.00	0.00	0.00	0.00	0.00	0.00	0.00	0.00	0.00	0.00
	500	4A	0	001	 2026	000000000001608946	000000000000000000	000000000000000000	MMK		S	  016	OVL	MM1601	OE2	0000010431	JV	MMEP3BRE1B		00000000	MMEP3BRE1B	000104008132	0000	100	BR		OVL			0000000000	00000000	       111,000.00	0.00	0.00	0.00	0.00	0.00	0.00	0.00	0.00	0.00	0.00	0.00	0.00	0.00	0.00	0.00	0.00	        5,256.96	0.00	0.00	0.00	0.00	0.00	0.00	0.00	0.00	0.00	0.00	0.00	0.00	0.00	0.00	0.00	0.00	         82.14	0.00	0.00	0.00	0.00	0.00	0.00	0.00	0.00	0.00	0.00	0.00	0.00	0.00	0.00	0.00	0.00
	500	4A	0	001	 2026	000000000001609030	000000000000000000	000000000000000000	INR		H	  016	OVL	MM1601	OE2	0000200842	JV			00129414	MMEP3BRE1B				CB		OVL			0000000000	00000000	-794,271.09	0.00	0.00	0.00	0.00	0.00	0.00	0.00	0.00	0.00	0.00	0.00	0.00	0.00	0.00	0.00	0.00	-794,271.09	0.00	0.00	0.00	0.00	0.00	0.00	0.00	0.00	0.00	0.00	0.00	0.00	0.00	0.00	0.00	0.00	-12,207.43	0.00	0.00	0.00	0.00	0.00	0.00	0.00	0.00	0.00	0.00	0.00	0.00	0.00	0.00	0.00	0.00
	500	4A	0	001	 2026	000000000001609030	000000000000000000	000000000000000000	MMK		H	  016	OVL	MM1601	OE2	0000200842	JV			00129414	MMEP3BRE1B				CB		OVL			0000000000	00000000	-404,162.89	0.00	0.00	0.00	0.00	0.00	0.00	0.00	0.00	0.00	0.00	0.00	0.00	0.00	0.00	0.00	0.00	-19,763.57	0.00	0.00	0.00	0.00	0.00	0.00	0.00	0.00	0.00	0.00	0.00	0.00	0.00	0.00	0.00	0.00	-303.12	0.00	0.00	0.00	0.00	0.00	0.00	0.00	0.00	0.00	0.00	0.00	0.00	0.00	0.00	0.00	0.00
	500	4A	0	001	 2026	000000000001609046	000000000000000000	000000000000000000	USD		H	  016	OVL	MM1601	OE2	0000201807	JV	MMEP3BRE1B		00000000	MMEP3BRE1B				CB		OVL			0000000000	00000000	-353,028.19	0.00	0.00	0.00	0.00	0.00	0.00	0.00	0.00	0.00	0.00	0.00	0.00	0.00	0.00	0.00	0.00	-24,697,662.16	0.00	0.00	0.00	0.00	0.00	0.00	0.00	0.00	0.00	0.00	0.00	0.00	0.00	0.00	0.00	0.00	-353,028.19	0.00	0.00	0.00	0.00	0.00	0.00	0.00	0.00	0.00	0.00	0.00	0.00	0.00	0.00	0.00	0.00
	500	4A	0	001	 2026	000000000001609046	000000000000000000	000000000000000000	USD		S	  016	OVL	MM1601	OE2	0000201807	JV	MMEP3BRE1B		00000000	MMEP3BRE1B				CB		OVL			0000000000	00000000	        14,367.87	0.00	0.00	0.00	0.00	0.00	0.00	0.00	0.00	0.00	0.00	0.00	0.00	0.00	0.00	0.00	0.00	    1,195,687.15	0.00	0.00	0.00	0.00	0.00	0.00	0.00	0.00	0.00	0.00	0.00	0.00	0.00	0.00	0.00	0.00	     14,367.87	0.00	0.00	0.00	0.00	0.00	0.00	0.00	0.00	0.00	0.00	0.00	0.00	0.00	0.00	0.00	0.00
	500	4A	0	001	 2026	000000000001609084	000000000000000000	000000000000000000	MMK		H	  016	OVL	MM1601	OE2	0000200702	JV	MMEP3BRE1B		00000000	MMEP3BRE1B				CB		OVL			0000000000	00000000	-569,100.00	0.00	0.00	0.00	0.00	0.00	0.00	0.00	0.00	0.00	0.00	0.00	0.00	0.00	0.00	0.00	0.00	-27,348.91	0.00	0.00	0.00	0.00	0.00	0.00	0.00	0.00	0.00	0.00	0.00	0.00	0.00	0.00	0.00	0.00	-399.64	0.00	0.00	0.00	0.00	0.00	0.00	0.00	0.00	0.00	0.00	0.00	0.00	0.00	0.00	0.00	0.00
	500	4A	0	001	 2026	000000000001609085	000000000000000000	000000000000000000	MMK		H	  016	OVL	MM1601	OE2	0000201358	JV	MMEP3BRE1B		00000000	MMEP3BRE1B				CB		OVL			0000000000	00000000	-100,080,000.00	0.00	0.00	0.00	0.00	0.00	0.00	0.00	0.00	0.00	0.00	0.00	0.00	0.00	0.00	0.00	0.00	-4,847,046.30	0.00	0.00	0.00	0.00	0.00	0.00	0.00	0.00	0.00	0.00	0.00	0.00	0.00	0.00	0.00	0.00	-69,686.51	0.00	0.00	0.00	0.00	0.00	0.00	0.00	0.00	0.00	0.00	0.00	0.00	0.00	0.00	0.00	0.00
	500	4A	0	001	 2026	000000000001609086	000000000000000000	000000000000000000	INR		H	  016	OVL	MM1601	OE2	0000320041	JV	MMEP3BRE1B		00000000	MMEP3BRE1B				CB		OVL			0000000000	00000000	-117,501.42	0.00	0.00	0.00	0.00	0.00	0.00	0.00	0.00	0.00	0.00	0.00	0.00	0.00	0.00	0.00	0.00	-117,501.42	0.00	0.00	0.00	0.00	0.00	0.00	0.00	0.00	0.00	0.00	0.00	0.00	0.00	0.00	0.00	0.00	-1,753.50	0.00	0.00	0.00	0.00	0.00	0.00	0.00	0.00	0.00	0.00	0.00	0.00	0.00	0.00	0.00	0.00
	500	4A	0	001	 2026	000000000001609086	000000000000000000	000000000000000000	INR		S	  016	OVL	MM1601	OE2	0000320041	JV	MMEP3BRE1B		00000000	MMEP3BRE1B				CB		OVL			0000000000	00000000	       235,002.84	0.00	0.00	0.00	0.00	0.00	0.00	0.00	0.00	0.00	0.00	0.00	0.00	0.00	0.00	0.00	0.00	      235,002.84	0.00	0.00	0.00	0.00	0.00	0.00	0.00	0.00	0.00	0.00	0.00	0.00	0.00	0.00	0.00	0.00	      3,507.00	0.00	0.00	0.00	0.00	0.00	0.00	0.00	0.00	0.00	0.00	0.00	0.00	0.00	0.00	0.00	0.00
	500	4A	0	001	 2026	000000000001609086	000000000000000000	000000000000000000	MMK		H	  016	OVL	MM1601	OE2	0000320041	JV	MMEP3BRE1B		00000000	MMEP3BRE1B				CB		OVL			0000000000	00000000	-8,102,475.00	0.00	0.00	0.00	0.00	0.00	0.00	0.00	0.00	0.00	0.00	0.00	0.00	0.00	0.00	0.00	0.00	-391,512.96	0.00	0.00	0.00	0.00	0.00	0.00	0.00	0.00	0.00	0.00	0.00	0.00	0.00	0.00	0.00	0.00	-5,494.98	0.00	0.00	0.00	0.00	0.00	0.00	0.00	0.00	0.00	0.00	0.00	0.00	0.00	0.00	0.00	0.00
	500	4A	0	001	 2026	000000000001609086	000000000000000000	000000000000000000	MMK		S	  016	OVL	MM1601	OE2	0000320041	JV	MMEP3BRE1B		00000000	MMEP3BRE1B				CB		OVL			0000000000	00000000	     8,102,475.00	0.00	0.00	0.00	0.00	0.00	0.00	0.00	0.00	0.00	0.00	0.00	0.00	0.00	0.00	0.00	0.00	      391,512.96	0.00	0.00	0.00	0.00	0.00	0.00	0.00	0.00	0.00	0.00	0.00	0.00	0.00	0.00	0.00	0.00	      5,494.98	0.00	0.00	0.00	0.00	0.00	0.00	0.00	0.00	0.00	0.00	0.00	0.00	0.00	0.00	0.00	0.00
	500	4A	0	001	 2026	000000000001609098	000000000000000000	000000000000000000	USD		H	  016	OVL	MM1601	OE2	0000096490	JV			00000000	MMEP3BRE1B				CB		OVL			0000000000	00000000	-2,880,371.83	0.00	0.00	0.00	0.00	0.00	0.00	0.00	0.00	0.00	0.00	0.00	0.00	0.00	0.00	0.00	0.00	-220,982,881.38	0.00	0.00	0.00	0.00	0.00	0.00	0.00	0.00	0.00	0.00	0.00	0.00	0.00	0.00	0.00	0.00	-2,880,371.83	0.00	0.00	0.00	0.00	0.00	0.00	0.00	0.00	0.00	0.00	0.00	0.00	0.00	0.00	0.00	0.00
	500	4A	0	001	 2026	000000000001609098	000000000000000000	000000000000000000	USD		S	  016	OVL	MM1601	OE2	0000096490	JV			00000000	MMEP3BRE1B				CB		OVL			0000000000	00000000	     2,973,462.85	0.00	0.00	0.00	0.00	0.00	0.00	0.00	0.00	0.00	0.00	0.00	0.00	0.00	0.00	0.00	0.00	  234,941,798.33	0.00	0.00	0.00	0.00	0.00	0.00	0.00	0.00	0.00	0.00	0.00	0.00	0.00	0.00	0.00	0.00	  2,973,462.85	0.00	0.00	0.00	0.00	0.00	0.00	0.00	0.00	0.00	0.00	0.00	0.00	0.00	0.00	0.00	0.00
	500	4A	0	001	 2026	000000000001609100	000000000000000000	000000000000000000	MMK		H	  016	OVL	MM1601	OE2	0000201450	JV	MMEP3BRE1B		00000000	MMEP3BRE1B				CB		OVL			0000000000	00000000	-391,223.79	0.00	0.00	0.00	0.00	0.00	0.00	0.00	0.00	0.00	0.00	0.00	0.00	0.00	0.00	0.00	0.00	-17,456.59	0.00	0.00	0.00	0.00	0.00	0.00	0.00	0.00	0.00	0.00	0.00	0.00	0.00	0.00	0.00	0.00	-220.51	0.00	0.00	0.00	0.00	0.00	0.00	0.00	0.00	0.00	0.00	0.00	0.00	0.00	0.00	0.00	0.00
	500	4A	0	001	 2026	000000000001609100	000000000000000000	000000000000000000	MMK		S	  016	OVL	MM1601	OE2	0000201450	JV	MMEP3BRE1B		00000000	MMEP3BRE1B				CB		OVL			0000000000	00000000	         5,000.00	0.00	0.00	0.00	0.00	0.00	0.00	0.00	0.00	0.00	0.00	0.00	0.00	0.00	0.00	0.00	0.00	          216.55	0.00	0.00	0.00	0.00	0.00	0.00	0.00	0.00	0.00	0.00	0.00	0.00	0.00	0.00	0.00	0.00	          2.40	0.00	0.00	0.00	0.00	0.00	0.00	0.00	0.00	0.00	0.00	0.00	0.00	0.00	0.00	0.00	0.00
	500	4A	0	001	 2026	000000000001609104	000000000000000000	000000000000000000	INR		S	  016	OVL	MM1601	OE2	0000010431	JV	MMEP3BRE1B		00000000	MMEP3BRE1B	000104008132	0000	100	CB		OVL			0000000000	00000000	         9,943.53	0.00	0.00	0.00	0.00	0.00	0.00	0.00	0.00	0.00	0.00	0.00	0.00	0.00	0.00	0.00	0.00	        9,943.53	0.00	0.00	0.00	0.00	0.00	0.00	0.00	0.00	0.00	0.00	0.00	0.00	0.00	0.00	0.00	0.00	        155.38	0.00	0.00	0.00	0.00	0.00	0.00	0.00	0.00	0.00	0.00	0.00	0.00	0.00	0.00	0.00	0.00
	500	4A	0	001	 2026	000000000001609104	000000000000000000	000000000000000000	MMK		H	  016	OVL	MM1601	OE2	0000010431	JV	MMEP3BRE1B		00000000	MMEP3BRE1B	000104008132	0000	100	CB		OVL			0000000000	00000000	-111,000.00	0.00	0.00	0.00	0.00	0.00	0.00	0.00	0.00	0.00	0.00	0.00	0.00	0.00	0.00	0.00	0.00	-5,256.96	0.00	0.00	0.00	0.00	0.00	0.00	0.00	0.00	0.00	0.00	0.00	0.00	0.00	0.00	0.00	0.00	-82.14	0.00	0.00	0.00	0.00	0.00	0.00	0.00	0.00	0.00	0.00	0.00	0.00	0.00	0.00	0.00	0.00
	500	4A	0	001	 2026	000000000001609104	000000000000000000	000000000000000000	MMK		S	  016	OVL	MM1601	OE2	0000010431	JV	MMEP3BRE1B		00000000	MMEP3BRE1B	000104008132	0000	100	CB		OVL			0000000000	00000000	       107,670.00	0.00	0.00	0.00	0.00	0.00	0.00	0.00	0.00	0.00	0.00	0.00	0.00	0.00	0.00	0.00	0.00	        5,099.25	0.00	0.00	0.00	0.00	0.00	0.00	0.00	0.00	0.00	0.00	0.00	0.00	0.00	0.00	0.00	0.00	         79.68	0.00	0.00	0.00	0.00	0.00	0.00	0.00	0.00	0.00	0.00	0.00	0.00	0.00	0.00	0.00	0.00
	500	4A	0	001	 2026	000000000001609593	000000000000000000	000000000000000000	INR		H	  016	OVL	MM1601	OE1	0000201920	JV	MMEP3BRE1B		00000000	MMEP3BRE1B				BR		OVL			0000000000	00000000	             0.00	0.00	0.00	0.00	0.00	0.00	0.00	0.00	0.00	0.00	0.00	0.00	0.00	0.00	0.00	0.00	0.00	            0.00	0.00	0.00	0.00	0.00	0.00	0.00	0.00	0.00	0.00	0.00	0.00	0.00	0.00	0.00	0.00	0.00	-906.88	0.00	0.00	0.00	0.00	0.00	0.00	0.00	0.00	0.00	0.00	0.00	0.00	0.00	0.00	0.00	0.00
	500	4A	0	001	 2026	000000000001609593	000000000000000000	000000000000000000	INR		S	  016	OVL	MM1601	OE1	0000201920	JV	MMEP3BRE1B		00000000	MMEP3BRE1B				BR		OVL			0000000000	00000000	             0.00	0.00	0.00	0.00	0.00	0.00	0.00	0.00	0.00	0.00	0.00	0.00	0.00	0.00	0.00	0.00	0.00	            0.00	0.00	0.00	0.00	0.00	0.00	0.00	0.00	0.00	0.00	0.00	0.00	0.00	0.00	0.00	0.00	0.00	      2,659.26	0.00	0.00	0.00	0.00	0.00	0.00	0.00	0.00	0.00	0.00	0.00	0.00	0.00	0.00	0.00	0.00
	500	4A	0	001	 2026	000000000001609594	000000000000000000	000000000000000000	INR		H	  016	OVL	MM1601	OE2	0000201920	JV	MMEP3BRE1B		00000000	MMEP3BRE1B				BR		OVL			0000000000	00000000	             0.00	0.00	0.00	0.00	0.00	0.00	0.00	0.00	0.00	0.00	0.00	0.00	0.00	0.00	0.00	0.00	0.00	            0.00	0.00	0.00	0.00	0.00	0.00	0.00	0.00	0.00	0.00	0.00	0.00	0.00	0.00	0.00	0.00	0.00	-8,360.86	0.00	0.00	0.00	0.00	0.00	0.00	0.00	0.00	0.00	0.00	0.00	0.00	0.00	0.00	0.00	0.00
	500	4A	0	001	 2026	000000000001609594	000000000000000000	000000000000000000	INR		S	  016	OVL	MM1601	OE2	0000201920	JV	MMEP3BRE1B		00000000	MMEP3BRE1B				BR		OVL			0000000000	00000000	             0.00	0.00	0.00	0.00	0.00	0.00	0.00	0.00	0.00	0.00	0.00	0.00	0.00	0.00	0.00	0.00	0.00	            0.00	0.00	0.00	0.00	0.00	0.00	0.00	0.00	0.00	0.00	0.00	0.00	0.00	0.00	0.00	0.00	0.00	      8,226.53	0.00	0.00	0.00	0.00	0.00	0.00	0.00	0.00	0.00	0.00	0.00	0.00	0.00	0.00	0.00	0.00
	500	4A	0	001	 2026	000000000001609594	000000000000000000	000000000000000000	USD		H	  016	OVL	MM1601	OE2	0000201920	JV	MMEP3BRE1B		00000000	MMEP3BRE1B				BR		OVL			0000000000	00000000	-0.01	0.00	0.00	0.00	0.00	0.00	0.00	0.00	0.00	0.00	0.00	0.00	0.00	0.00	0.00	0.00	0.00	-702,589.15	0.00	0.00	0.00	0.00	0.00	0.00	0.00	0.00	0.00	0.00	0.00	0.00	0.00	0.00	0.00	0.00	-2,667.13	0.00	0.00	0.00	0.00	0.00	0.00	0.00	0.00	0.00	0.00	0.00	0.00	0.00	0.00	0.00	0.00
	500	4A	0	001	 2026	000000000001609594	000000000000000000	000000000000000000	USD		S	  016	OVL	MM1601	OE2	0000201920	JV	MMEP3BRE1B		00000000	MMEP3BRE1B				BR		OVL			0000000000	00000000	             0.01	0.00	0.00	0.00	0.00	0.00	0.00	0.00	0.00	0.00	0.00	0.00	0.00	0.00	0.00	0.00	0.00	      723,837.05	0.00	0.00	0.00	0.00	0.00	0.00	0.00	0.00	0.00	0.00	0.00	0.00	0.00	0.00	0.00	0.00	      2,667.13	0.00	0.00	0.00	0.00	0.00	0.00	0.00	0.00	0.00	0.00	0.00	0.00	0.00	0.00	0.00	0.00
	500	4A	0	001	 2026	000000000001609613	000000000000000000	000000000000000000	INR		H	  016	OVL	MM1601	OE1	0000201920	JV	MMEP3BRE1B		00000000	MMEP3BRE1B				CB		OVL			0000000000	00000000	             0.00	0.00	0.00	0.00	0.00	0.00	0.00	0.00	0.00	0.00	0.00	0.00	0.00	0.00	0.00	0.00	0.00	            0.00	0.00	0.00	0.00	0.00	0.00	0.00	0.00	0.00	0.00	0.00	0.00	0.00	0.00	0.00	0.00	0.00	-6,310.96	0.00	0.00	0.00	0.00	0.00	0.00	0.00	0.00	0.00	0.00	0.00	0.00	0.00	0.00	0.00	0.00
	500	4A	0	001	 2026	000000000001609613	000000000000000000	000000000000000000	INR		S	  016	OVL	MM1601	OE1	0000201920	JV	MMEP3BRE1B		00000000	MMEP3BRE1B				CB		OVL			0000000000	00000000	             0.00	0.00	0.00	0.00	0.00	0.00	0.00	0.00	0.00	0.00	0.00	0.00	0.00	0.00	0.00	0.00	0.00	            0.00	0.00	0.00	0.00	0.00	0.00	0.00	0.00	0.00	0.00	0.00	0.00	0.00	0.00	0.00	0.00	0.00	      5,585.97	0.00	0.00	0.00	0.00	0.00	0.00	0.00	0.00	0.00	0.00	0.00	0.00	0.00	0.00	0.00	0.00
	500	4A	0	001	 2026	000000000001609613	000000000000000000	000000000000000000	USD		H	  016	OVL	MM1601	OE1	0000201920	JV	MMEP3BRE1B		00000000	MMEP3BRE1B				CB		OVL			0000000000	00000000	             0.00	0.00	0.00	0.00	0.00	0.00	0.00	0.00	0.00	0.00	0.00	0.00	0.00	0.00	0.00	0.00	0.00	-203,334.77	0.00	0.00	0.00	0.00	0.00	0.00	0.00	0.00	0.00	0.00	0.00	0.00	0.00	0.00	0.00	0.00	-1,679.26	0.00	0.00	0.00	0.00	0.00	0.00	0.00	0.00	0.00	0.00	0.00	0.00	0.00	0.00	0.00	0.00
	500	4A	0	001	 2026	000000000001609613	000000000000000000	000000000000000000	USD		S	  016	OVL	MM1601	OE1	0000201920	JV	MMEP3BRE1B		00000000	MMEP3BRE1B				CB		OVL			0000000000	00000000	             0.00	0.00	0.00	0.00	0.00	0.00	0.00	0.00	0.00	0.00	0.00	0.00	0.00	0.00	0.00	0.00	0.00	      203,334.86	0.00	0.00	0.00	0.00	0.00	0.00	0.00	0.00	0.00	0.00	0.00	0.00	0.00	0.00	0.00	0.00	      2,500.80	0.00	0.00	0.00	0.00	0.00	0.00	0.00	0.00	0.00	0.00	0.00	0.00	0.00	0.00	0.00	0.00
	500	4A	0	001	 2026	000000000001609624	000000000000000000	000000000000000000	USD		H	  016	OVL	MM1601	OE1	0000201922	JV			00000000	MMEP3BRE1B				BR		OVL			0000000000	00000000	             0.00	0.00	0.00	0.00	0.00	0.00	0.00	0.00	0.00	0.00	0.00	0.00	0.00	0.00	0.00	0.00	0.00	-96,725.82	0.00	0.00	0.00	0.00	0.00	0.00	0.00	0.00	0.00	0.00	0.00	0.00	0.00	0.00	0.00	0.00	-1,597.80	0.00	0.00	0.00	0.00	0.00	0.00	0.00	0.00	0.00	0.00	0.00	0.00	0.00	0.00	0.00	0.00
	500	4A	0	001	 2026	000000000001609624	000000000000000000	000000000000000000	USD		S	  016	OVL	MM1601	OE1	0000201922	JV			00000000	MMEP3BRE1B				BR		OVL			0000000000	00000000	             0.00	0.00	0.00	0.00	0.00	0.00	0.00	0.00	0.00	0.00	0.00	0.00	0.00	0.00	0.00	0.00	0.00	    6,937,397.53	0.00	0.00	0.00	0.00	0.00	0.00	0.00	0.00	0.00	0.00	0.00	0.00	0.00	0.00	0.00	0.00	      1,597.80	0.00	0.00	0.00	0.00	0.00	0.00	0.00	0.00	0.00	0.00	0.00	0.00	0.00	0.00	0.00	0.00
	500	4A	0	001	 2026	000000000001610062	000000000000000000	000000000000000000	MMK		S	  016	OVL	MM1601	OE2	0000200844	JV			00129412	MMEP3BRE1B				BR		OVL			0000000000	00000000	     1,074,746.00	0.00	0.00	0.00	0.00	0.00	0.00	0.00	0.00	0.00	0.00	0.00	0.00	0.00	0.00	0.00	0.00	       52,404.61	0.00	0.00	0.00	0.00	0.00	0.00	0.00	0.00	0.00	0.00	0.00	0.00	0.00	0.00	0.00	0.00	        709.33	0.00	0.00	0.00	0.00	0.00	0.00	0.00	0.00	0.00	0.00	0.00	0.00	0.00	0.00	0.00	0.00
	500	4A	0	001	 2026	000000000001610062	000000000000000000	000000000000000000	USD		S	  016	OVL	MM1601	OE2	0000200844	JV			00129412	MMEP3BRE1B				BR		OVL			0000000000	00000000	        26,868.66	0.00	0.00	0.00	0.00	0.00	0.00	0.00	0.00	0.00	0.00	0.00	0.00	0.00	0.00	0.00	0.00	    1,950,127.34	0.00	0.00	0.00	0.00	0.00	0.00	0.00	0.00	0.00	0.00	0.00	0.00	0.00	0.00	0.00	0.00	     26,868.66	0.00	0.00	0.00	0.00	0.00	0.00	0.00	0.00	0.00	0.00	0.00	0.00	0.00	0.00	0.00	0.00
	500	4A	0	001	 2026	000000000001610095	000000000000000000	000000000000000000	INR		H	  016	OVL	MM1601	OE2	0000010431	JV	MMEP3BRE1B		00000000	MMEP3BRE1B	000104008132	0000	250	BR		OVL			0000000000	00000000	-5,099.25	0.00	0.00	0.00	0.00	0.00	0.00	0.00	0.00	0.00	0.00	0.00	0.00	0.00	0.00	0.00	0.00	-5,099.25	0.00	0.00	0.00	0.00	0.00	0.00	0.00	0.00	0.00	0.00	0.00	0.00	0.00	0.00	0.00	0.00	-79.68	0.00	0.00	0.00	0.00	0.00	0.00	0.00	0.00	0.00	0.00	0.00	0.00	0.00	0.00	0.00	0.00
	500	4A	0	001	 2026	000000000001610095	000000000000000000	000000000000000000	INR		S	  016	OVL	MM1601	OE2	0000010431	JV	MMEP3BRE1B		00000000	MMEP3BRE1B	000104008132	0000	250	BR		OVL			0000000000	00000000	         5,099.25	0.00	0.00	0.00	0.00	0.00	0.00	0.00	0.00	0.00	0.00	0.00	0.00	0.00	0.00	0.00	0.00	        5,099.25	0.00	0.00	0.00	0.00	0.00	0.00	0.00	0.00	0.00	0.00	0.00	0.00	0.00	0.00	0.00	0.00	         79.68	0.00	0.00	0.00	0.00	0.00	0.00	0.00	0.00	0.00	0.00	0.00	0.00	0.00	0.00	0.00	0.00
	500	4A	0	001	 2026	000000000001610096	000000000000000000	000000000000000000	INR		H	  016	OVL	MM1601	OE2	0000030431	JV	MMEP3BRE1B		00000000	MMEP3BRE1B	000104008132	0000	290	BR		OVL			0000000000	00000000	-4,997.26	0.00	0.00	0.00	0.00	0.00	0.00	0.00	0.00	0.00	0.00	0.00	0.00	0.00	0.00	0.00	0.00	-4,997.26	0.00	0.00	0.00	0.00	0.00	0.00	0.00	0.00	0.00	0.00	0.00	0.00	0.00	0.00	0.00	0.00	-78.09	0.00	0.00	0.00	0.00	0.00	0.00	0.00	0.00	0.00	0.00	0.00	0.00	0.00	0.00	0.00	0.00
	500	4A	0	001	 2026	000000000001610096	000000000000000000	000000000000000000	INR		S	  016	OVL	MM1601	OE2	0000030431	JV	MMEP3BRE1B		00000000	MMEP3BRE1B	000104008132	0000	290	BR		OVL			0000000000	00000000	         4,997.26	0.00	0.00	0.00	0.00	0.00	0.00	0.00	0.00	0.00	0.00	0.00	0.00	0.00	0.00	0.00	0.00	        4,997.26	0.00	0.00	0.00	0.00	0.00	0.00	0.00	0.00	0.00	0.00	0.00	0.00	0.00	0.00	0.00	0.00	         78.09	0.00	0.00	0.00	0.00	0.00	0.00	0.00	0.00	0.00	0.00	0.00	0.00	0.00	0.00	0.00	0.00
	500	4A	0	001	 2026	000000000001610097	000000000000000000	000000000000000000	INR		H	  016	OVL	MM1601	OE2	0000201525	JV	MMEP3BRE1B		00000000	MMEP3BRE1B				BR		OVL			0000000000	00000000	-101.99	0.00	0.00	0.00	0.00	0.00	0.00	0.00	0.00	0.00	0.00	0.00	0.00	0.00	0.00	0.00	0.00	-101.99	0.00	0.00	0.00	0.00	0.00	0.00	0.00	0.00	0.00	0.00	0.00	0.00	0.00	0.00	0.00	0.00	-1,835.62	0.00	0.00	0.00	0.00	0.00	0.00	0.00	0.00	0.00	0.00	0.00	0.00	0.00	0.00	0.00	0.00
	500	4A	0	001	 2026	000000000001610097	000000000000000000	000000000000000000	INR		S	  016	OVL	MM1601	OE2	0000201525	JV	MMEP3BRE1B		00000000	MMEP3BRE1B				BR		OVL			0000000000	00000000	           101.99	0.00	0.00	0.00	0.00	0.00	0.00	0.00	0.00	0.00	0.00	0.00	0.00	0.00	0.00	0.00	0.00	          101.99	0.00	0.00	0.00	0.00	0.00	0.00	0.00	0.00	0.00	0.00	0.00	0.00	0.00	0.00	0.00	0.00	      1,835.62	0.00	0.00	0.00	0.00	0.00	0.00	0.00	0.00	0.00	0.00	0.00	0.00	0.00	0.00	0.00	0.00
	500	4A	0	001	 2026	000000000001610124	000000000000000000	000000000000000000	INR		H	  016	OVL	MM1601	OE2	0000010431	JV	MMEP3BRE1B		00000000	MMEP3BRE1B	000104007362	0000	200	BR		OVL			0000000000	00000000	             0.00	0.00	0.00	0.00	0.00	0.00	0.00	0.00	0.00	0.00	0.00	0.00	0.00	0.00	0.00	0.00	0.00	            0.00	0.00	0.00	0.00	0.00	0.00	0.00	0.00	0.00	0.00	0.00	0.00	0.00	0.00	0.00	0.00	0.00	-565.91	0.00	0.00	0.00	0.00	0.00	0.00	0.00	0.00	0.00	0.00	0.00	0.00	0.00	0.00	0.00	0.00
	500	4A	0	001	 2026	000000000001610124	000000000000000000	000000000000000000	INR		S	  016	OVL	MM1601	OE2	0000010431	JV	MMEP3BRE1B		00000000	MMEP3BRE1B	000104007362	0000	200	BR		OVL			0000000000	00000000	             0.00	0.00	0.00	0.00	0.00	0.00	0.00	0.00	0.00	0.00	0.00	0.00	0.00	0.00	0.00	0.00	0.00	            0.00	0.00	0.00	0.00	0.00	0.00	0.00	0.00	0.00	0.00	0.00	0.00	0.00	0.00	0.00	0.00	0.00	        565.91	0.00	0.00	0.00	0.00	0.00	0.00	0.00	0.00	0.00	0.00	0.00	0.00	0.00	0.00	0.00	0.00
	500	4A	0	001	 2026	000000000001610125	000000000000000000	000000000000000000	INR		H	  016	OVL	MM1601	OE2	0000010431	JV	MMEP3BRE1B		00000000	MMEP3BRE1B	000104007362	0000	300	BR		OVL			0000000000	00000000	-76,005.20	0.00	0.00	0.00	0.00	0.00	0.00	0.00	0.00	0.00	0.00	0.00	0.00	0.00	0.00	0.00	0.00	-76,005.20	0.00	0.00	0.00	0.00	0.00	0.00	0.00	0.00	0.00	0.00	0.00	0.00	0.00	0.00	0.00	0.00	-565.91	0.00	0.00	0.00	0.00	0.00	0.00	0.00	0.00	0.00	0.00	0.00	0.00	0.00	0.00	0.00	0.00
	500	4A	0	001	 2026	000000000001610125	000000000000000000	000000000000000000	INR		S	  016	OVL	MM1601	OE2	0000010431	JV	MMEP3BRE1B		00000000	MMEP3BRE1B	000104007362	0000	300	BR		OVL			0000000000	00000000	        76,005.20	0.00	0.00	0.00	0.00	0.00	0.00	0.00	0.00	0.00	0.00	0.00	0.00	0.00	0.00	0.00	0.00	       76,005.20	0.00	0.00	0.00	0.00	0.00	0.00	0.00	0.00	0.00	0.00	0.00	0.00	0.00	0.00	0.00	0.00	        565.91	0.00	0.00	0.00	0.00	0.00	0.00	0.00	0.00	0.00	0.00	0.00	0.00	0.00	0.00	0.00	0.00
	500	4A	0	001	 2026	000000000001610151	000000000000000000	000000000000000000	INR		H	  016	OVL	MM1601	OE2	0000010602	JV	MMEP3BRE1B		00000000	MMEP3BRE1B	000106013777	0000	200	BR		OVL			0000000000	00000000	             0.00	0.00	0.00	0.00	0.00	0.00	0.00	0.00	0.00	0.00	0.00	0.00	0.00	0.00	0.00	0.00	0.00	            0.00	0.00	0.00	0.00	0.00	0.00	0.00	0.00	0.00	0.00	0.00	0.00	0.00	0.00	0.00	0.00	0.00	-160.21	0.00	0.00	0.00	0.00	0.00	0.00	0.00	0.00	0.00	0.00	0.00	0.00	0.00	0.00	0.00	0.00
	500	4A	0	001	 2026	000000000001610151	000000000000000000	000000000000000000	INR		S	  016	OVL	MM1601	OE2	0000010602	JV	MMEP3BRE1B		00000000	MMEP3BRE1B	000106013777	0000	200	BR		OVL			0000000000	00000000	             0.00	0.00	0.00	0.00	0.00	0.00	0.00	0.00	0.00	0.00	0.00	0.00	0.00	0.00	0.00	0.00	0.00	            0.00	0.00	0.00	0.00	0.00	0.00	0.00	0.00	0.00	0.00	0.00	0.00	0.00	0.00	0.00	0.00	0.00	        160.21	0.00	0.00	0.00	0.00	0.00	0.00	0.00	0.00	0.00	0.00	0.00	0.00	0.00	0.00	0.00	0.00
	500	4A	0	001	 2026	000000000001610152	000000000000000000	000000000000000000	INR		H	  016	OVL	MM1601	OE2	0000010602	JV	MMEP3BRE1B		00000000	MMEP3BRE1B	000106013777	0000	300	BR		OVL			0000000000	00000000	-21,719.28	0.00	0.00	0.00	0.00	0.00	0.00	0.00	0.00	0.00	0.00	0.00	0.00	0.00	0.00	0.00	0.00	-21,719.28	0.00	0.00	0.00	0.00	0.00	0.00	0.00	0.00	0.00	0.00	0.00	0.00	0.00	0.00	0.00	0.00	-160.21	0.00	0.00	0.00	0.00	0.00	0.00	0.00	0.00	0.00	0.00	0.00	0.00	0.00	0.00	0.00	0.00
	500	4A	0	001	 2026	000000000001610152	000000000000000000	000000000000000000	INR		S	  016	OVL	MM1601	OE2	0000010602	JV	MMEP3BRE1B		00000000	MMEP3BRE1B	000106013777	0000	300	BR		OVL			0000000000	00000000	        21,719.28	0.00	0.00	0.00	0.00	0.00	0.00	0.00	0.00	0.00	0.00	0.00	0.00	0.00	0.00	0.00	0.00	       21,719.28	0.00	0.00	0.00	0.00	0.00	0.00	0.00	0.00	0.00	0.00	0.00	0.00	0.00	0.00	0.00	0.00	        160.21	0.00	0.00	0.00	0.00	0.00	0.00	0.00	0.00	0.00	0.00	0.00	0.00	0.00	0.00	0.00	0.00
	500	4A	0	001	 2026	000000000001610154	000000000000000000	000000000000000000	INR		H	  016	OVL	MM1601	OE2	0000010431	JV	MMEP3BRE1B		00000000	MMEP3BRE1B	000104007361	0000	200	BR		OVL			0000000000	00000000	             0.00	0.00	0.00	0.00	0.00	0.00	0.00	0.00	0.00	0.00	0.00	0.00	0.00	0.00	0.00	0.00	0.00	            0.00	0.00	0.00	0.00	0.00	0.00	0.00	0.00	0.00	0.00	0.00	0.00	0.00	0.00	0.00	0.00	0.00	-565.91	0.00	0.00	0.00	0.00	0.00	0.00	0.00	0.00	0.00	0.00	0.00	0.00	0.00	0.00	0.00	0.00
	500	4A	0	001	 2026	000000000001610154	000000000000000000	000000000000000000	INR		S	  016	OVL	MM1601	OE2	0000010431	JV	MMEP3BRE1B		00000000	MMEP3BRE1B	000104007361	0000	200	BR		OVL			0000000000	00000000	             0.00	0.00	0.00	0.00	0.00	0.00	0.00	0.00	0.00	0.00	0.00	0.00	0.00	0.00	0.00	0.00	0.00	            0.00	0.00	0.00	0.00	0.00	0.00	0.00	0.00	0.00	0.00	0.00	0.00	0.00	0.00	0.00	0.00	0.00	        565.91	0.00	0.00	0.00	0.00	0.00	0.00	0.00	0.00	0.00	0.00	0.00	0.00	0.00	0.00	0.00	0.00
	500	4A	0	001	 2026	000000000001610155	000000000000000000	000000000000000000	INR		H	  016	OVL	MM1601	OE2	0000010431	JV	MMEP3BRE1B		00000000	MMEP3BRE1B	000104007361	0000	300	BR		OVL			0000000000	00000000	-76,005.20	0.00	0.00	0.00	0.00	0.00	0.00	0.00	0.00	0.00	0.00	0.00	0.00	0.00	0.00	0.00	0.00	-76,005.20	0.00	0.00	0.00	0.00	0.00	0.00	0.00	0.00	0.00	0.00	0.00	0.00	0.00	0.00	0.00	0.00	-565.91	0.00	0.00	0.00	0.00	0.00	0.00	0.00	0.00	0.00	0.00	0.00	0.00	0.00	0.00	0.00	0.00
	500	4A	0	001	 2026	000000000001610155	000000000000000000	000000000000000000	INR		S	  016	OVL	MM1601	OE2	0000010431	JV	MMEP3BRE1B		00000000	MMEP3BRE1B	000104007361	0000	300	BR		OVL			0000000000	00000000	        76,005.20	0.00	0.00	0.00	0.00	0.00	0.00	0.00	0.00	0.00	0.00	0.00	0.00	0.00	0.00	0.00	0.00	       76,005.20	0.00	0.00	0.00	0.00	0.00	0.00	0.00	0.00	0.00	0.00	0.00	0.00	0.00	0.00	0.00	0.00	        565.91	0.00	0.00	0.00	0.00	0.00	0.00	0.00	0.00	0.00	0.00	0.00	0.00	0.00	0.00	0.00	0.00
	500	4A	0	001	 2026	000000000001610173	000000000000000000	000000000000000000	INR		H	  016	OVL	MM1601	OE2	0000120104	JV			00000000	MMEP3BRE1B				BR		OVL			0000000000	00000000	-123,261.81	0.00	0.00	0.00	0.00	0.00	0.00	0.00	0.00	0.00	0.00	0.00	0.00	0.00	0.00	0.00	0.00	-123,261.81	0.00	0.00	0.00	0.00	0.00	0.00	0.00	0.00	0.00	0.00	0.00	0.00	0.00	0.00	0.00	0.00	          0.00	0.00	0.00	0.00	0.00	0.00	0.00	0.00	0.00	0.00	0.00	0.00	0.00	0.00	0.00	0.00	0.00
	500	4A	0	001	 2026	000000000001610173	000000000000000000	000000000000000000	INR		S	  016	OVL	MM1601	OE2	0000120104	JV			00000000	MMEP3BRE1B				BR		OVL			0000000000	00000000	       123,261.81	0.00	0.00	0.00	0.00	0.00	0.00	0.00	0.00	0.00	0.00	0.00	0.00	0.00	0.00	0.00	0.00	      123,261.81	0.00	0.00	0.00	0.00	0.00	0.00	0.00	0.00	0.00	0.00	0.00	0.00	0.00	0.00	0.00	0.00	          0.00	0.00	0.00	0.00	0.00	0.00	0.00	0.00	0.00	0.00	0.00	0.00	0.00	0.00	0.00	0.00	0.00
	500	4A	0	001	 2026	000000000001610176	000000000000000000	000000000000000000	INR		H	  016	OVL	MM1601	OE2	0000010432	JV	MMEP3BRE1B		00000000	MMEP3BRE1B	000104007367	0000	200	BR		OVL			0000000000	00000000	             0.00	0.00	0.00	0.00	0.00	0.00	0.00	0.00	0.00	0.00	0.00	0.00	0.00	0.00	0.00	0.00	0.00	            0.00	0.00	0.00	0.00	0.00	0.00	0.00	0.00	0.00	0.00	0.00	0.00	0.00	0.00	0.00	0.00	0.00	-207.92	0.00	0.00	0.00	0.00	0.00	0.00	0.00	0.00	0.00	0.00	0.00	0.00	0.00	0.00	0.00	0.00
	500	4A	0	001	 2026	000000000001610176	000000000000000000	000000000000000000	INR		S	  016	OVL	MM1601	OE2	0000010432	JV	MMEP3BRE1B		00000000	MMEP3BRE1B	000104007367	0000	200	BR		OVL			0000000000	00000000	             0.00	0.00	0.00	0.00	0.00	0.00	0.00	0.00	0.00	0.00	0.00	0.00	0.00	0.00	0.00	0.00	0.00	            0.00	0.00	0.00	0.00	0.00	0.00	0.00	0.00	0.00	0.00	0.00	0.00	0.00	0.00	0.00	0.00	0.00	        207.92	0.00	0.00	0.00	0.00	0.00	0.00	0.00	0.00	0.00	0.00	0.00	0.00	0.00	0.00	0.00	0.00
	500	4A	0	001	 2026	000000000001610177	000000000000000000	000000000000000000	INR		H	  016	OVL	MM1601	OE2	0000010432	JV	MMEP3BRE1B		00000000	MMEP3BRE1B	000104007367	0000	300	BR		OVL			0000000000	00000000	-27,924.88	0.00	0.00	0.00	0.00	0.00	0.00	0.00	0.00	0.00	0.00	0.00	0.00	0.00	0.00	0.00	0.00	-27,924.88	0.00	0.00	0.00	0.00	0.00	0.00	0.00	0.00	0.00	0.00	0.00	0.00	0.00	0.00	0.00	0.00	-207.92	0.00	0.00	0.00	0.00	0.00	0.00	0.00	0.00	0.00	0.00	0.00	0.00	0.00	0.00	0.00	0.00
	500	4A	0	001	 2026	000000000001610177	000000000000000000	000000000000000000	INR		S	  016	OVL	MM1601	OE2	0000010432	JV	MMEP3BRE1B		00000000	MMEP3BRE1B	000104007367	0000	300	BR		OVL			0000000000	00000000	        27,924.88	0.00	0.00	0.00	0.00	0.00	0.00	0.00	0.00	0.00	0.00	0.00	0.00	0.00	0.00	0.00	0.00	       27,924.88	0.00	0.00	0.00	0.00	0.00	0.00	0.00	0.00	0.00	0.00	0.00	0.00	0.00	0.00	0.00	0.00	        207.92	0.00	0.00	0.00	0.00	0.00	0.00	0.00	0.00	0.00	0.00	0.00	0.00	0.00	0.00	0.00	0.00
	500	4A	0	001	 2026	000000000001610179	000000000000000000	000000000000000000	INR		H	  016	OVL	MM1601	OE2	0000010431	JV	MMEP3BRE1B		00000000	MMEP3BRE1B	000104007365	0000	200	BR		OVL			0000000000	00000000	             0.00	0.00	0.00	0.00	0.00	0.00	0.00	0.00	0.00	0.00	0.00	0.00	0.00	0.00	0.00	0.00	0.00	            0.00	0.00	0.00	0.00	0.00	0.00	0.00	0.00	0.00	0.00	0.00	0.00	0.00	0.00	0.00	0.00	0.00	-334.08	0.00	0.00	0.00	0.00	0.00	0.00	0.00	0.00	0.00	0.00	0.00	0.00	0.00	0.00	0.00	0.00
	500	4A	0	001	 2026	000000000001610179	000000000000000000	000000000000000000	INR		S	  016	OVL	MM1601	OE2	0000010431	JV	MMEP3BRE1B		00000000	MMEP3BRE1B	000104007365	0000	200	BR		OVL			0000000000	00000000	             0.00	0.00	0.00	0.00	0.00	0.00	0.00	0.00	0.00	0.00	0.00	0.00	0.00	0.00	0.00	0.00	0.00	            0.00	0.00	0.00	0.00	0.00	0.00	0.00	0.00	0.00	0.00	0.00	0.00	0.00	0.00	0.00	0.00	0.00	        334.08	0.00	0.00	0.00	0.00	0.00	0.00	0.00	0.00	0.00	0.00	0.00	0.00	0.00	0.00	0.00	0.00
	500	4A	0	001	 2026	000000000001610180	000000000000000000	000000000000000000	INR		H	  016	OVL	MM1601	OE2	0000010431	JV	MMEP3BRE1B		00000000	MMEP3BRE1B	000104007365	0000	300	BR		OVL			0000000000	00000000	-44,869.06	0.00	0.00	0.00	0.00	0.00	0.00	0.00	0.00	0.00	0.00	0.00	0.00	0.00	0.00	0.00	0.00	-44,869.06	0.00	0.00	0.00	0.00	0.00	0.00	0.00	0.00	0.00	0.00	0.00	0.00	0.00	0.00	0.00	0.00	-334.08	0.00	0.00	0.00	0.00	0.00	0.00	0.00	0.00	0.00	0.00	0.00	0.00	0.00	0.00	0.00	0.00
	500	4A	0	001	 2026	000000000001610180	000000000000000000	000000000000000000	INR		S	  016	OVL	MM1601	OE2	0000010431	JV	MMEP3BRE1B		00000000	MMEP3BRE1B	000104007365	0000	300	BR		OVL			0000000000	00000000	        44,869.06	0.00	0.00	0.00	0.00	0.00	0.00	0.00	0.00	0.00	0.00	0.00	0.00	0.00	0.00	0.00	0.00	       44,869.06	0.00	0.00	0.00	0.00	0.00	0.00	0.00	0.00	0.00	0.00	0.00	0.00	0.00	0.00	0.00	0.00	        334.08	0.00	0.00	0.00	0.00	0.00	0.00	0.00	0.00	0.00	0.00	0.00	0.00	0.00	0.00	0.00	0.00
	500	4A	0	001	 2026	000000000001610240	000000000000000000	000000000000000000	MMK		S	  016	OVL	MM1601	OE2	0000010603	JV	MMEP3BRE1B		00000000	MMEP3BRE1B	000106015544	0000	100	BR		OVL			0000000000	00000000	       451,000.00	0.00	0.00	0.00	0.00	0.00	0.00	0.00	0.00	0.00	0.00	0.00	0.00	0.00	0.00	0.00	0.00	       21,079.74	0.00	0.00	0.00	0.00	0.00	0.00	0.00	0.00	0.00	0.00	0.00	0.00	0.00	0.00	0.00	0.00	        302.17	0.00	0.00	0.00	0.00	0.00	0.00	0.00	0.00	0.00	0.00	0.00	0.00	0.00	0.00	0.00	0.00
	500	4A	0	001	 2026	000000000001610270	000000000000000000	000000000000000000	INR		H	  016	OVL	MM1601	OE1	0000109905	JV	MMEP3BRE1B		00000000	MMEP3BRE1B				CB		OVL			0000000000	00000000	             0.00	0.00	0.00	0.00	0.00	0.00	0.00	0.00	0.00	0.00	0.00	0.00	0.00	0.00	0.00	0.00	0.00	            0.00	0.00	0.00	0.00	0.00	0.00	0.00	0.00	0.00	0.00	0.00	0.00	0.00	0.00	0.00	0.00	0.00	-1,752.38	0.00	0.00	0.00	0.00	0.00	0.00	0.00	0.00	0.00	0.00	0.00	0.00	0.00	0.00	0.00	0.00
	500	4A	0	001	 2026	000000000001610273	000000000000000000	000000000000000000	INR		H	  016	OVL	MM1601	OE2	0000109905	JV	MMEP3BRE1B		00000000	MMEP3BRE1B				CB		OVL			0000000000	00000000	             0.00	0.00	0.00	0.00	0.00	0.00	0.00	0.00	0.00	0.00	0.00	0.00	0.00	0.00	0.00	0.00	0.00	            0.00	0.00	0.00	0.00	0.00	0.00	0.00	0.00	0.00	0.00	0.00	0.00	0.00	0.00	0.00	0.00	0.00	-479.35	0.00	0.00	0.00	0.00	0.00	0.00	0.00	0.00	0.00	0.00	0.00	0.00	0.00	0.00	0.00	0.00
	500	4A	0	001	 2026	000000000001610273	000000000000000000	000000000000000000	INR		S	  016	OVL	MM1601	OE2	0000109905	JV	MMEP3BRE1B		00000000	MMEP3BRE1B				CB		OVL			0000000000	00000000	             0.00	0.00	0.00	0.00	0.00	0.00	0.00	0.00	0.00	0.00	0.00	0.00	0.00	0.00	0.00	0.00	0.00	            0.00	0.00	0.00	0.00	0.00	0.00	0.00	0.00	0.00	0.00	0.00	0.00	0.00	0.00	0.00	0.00	0.00	        601.41	0.00	0.00	0.00	0.00	0.00	0.00	0.00	0.00	0.00	0.00	0.00	0.00	0.00	0.00	0.00	0.00
	500	4A	0	001	 2026	000000000001610275	000000000000000000	000000000000000000	INR		H	  016	OVL	MM1601	OE2	0000320061	JV	MMEP3BRE1B		00000000	MMEP3BRE1B				CB		OVL			0000000000	00000000	-10,859.64	0.00	0.00	0.00	0.00	0.00	0.00	0.00	0.00	0.00	0.00	0.00	0.00	0.00	0.00	0.00	0.00	-10,859.64	0.00	0.00	0.00	0.00	0.00	0.00	0.00	0.00	0.00	0.00	0.00	0.00	0.00	0.00	0.00	0.00	-160.21	0.00	0.00	0.00	0.00	0.00	0.00	0.00	0.00	0.00	0.00	0.00	0.00	0.00	0.00	0.00	0.00
	500	4A	0	001	 2026	000000000001610275	000000000000000000	000000000000000000	INR		S	  016	OVL	MM1601	OE2	0000320061	JV	MMEP3BRE1B		00000000	MMEP3BRE1B				CB		OVL			0000000000	00000000	        21,719.28	0.00	0.00	0.00	0.00	0.00	0.00	0.00	0.00	0.00	0.00	0.00	0.00	0.00	0.00	0.00	0.00	       21,719.28	0.00	0.00	0.00	0.00	0.00	0.00	0.00	0.00	0.00	0.00	0.00	0.00	0.00	0.00	0.00	0.00	        320.42	0.00	0.00	0.00	0.00	0.00	0.00	0.00	0.00	0.00	0.00	0.00	0.00	0.00	0.00	0.00	0.00
	500	4A	0	001	 2026	000000000001610275	000000000000000000	000000000000000000	MMK		H	  016	OVL	MM1601	OE2	0000320061	JV	MMEP3BRE1B		00000000	MMEP3BRE1B				CB		OVL			0000000000	00000000	-451,000.00	0.00	0.00	0.00	0.00	0.00	0.00	0.00	0.00	0.00	0.00	0.00	0.00	0.00	0.00	0.00	0.00	-21,079.74	0.00	0.00	0.00	0.00	0.00	0.00	0.00	0.00	0.00	0.00	0.00	0.00	0.00	0.00	0.00	0.00	-302.17	0.00	0.00	0.00	0.00	0.00	0.00	0.00	0.00	0.00	0.00	0.00	0.00	0.00	0.00	0.00	0.00
	500	4A	0	001	 2026	000000000001610275	000000000000000000	000000000000000000	MMK		S	  016	OVL	MM1601	OE2	0000320061	JV	MMEP3BRE1B		00000000	MMEP3BRE1B				CB		OVL			0000000000	00000000	       451,000.00	0.00	0.00	0.00	0.00	0.00	0.00	0.00	0.00	0.00	0.00	0.00	0.00	0.00	0.00	0.00	0.00	       21,079.74	0.00	0.00	0.00	0.00	0.00	0.00	0.00	0.00	0.00	0.00	0.00	0.00	0.00	0.00	0.00	0.00	        302.17	0.00	0.00	0.00	0.00	0.00	0.00	0.00	0.00	0.00	0.00	0.00	0.00	0.00	0.00	0.00	0.00
	500	4A	0	001	 2026	000000000001610277	000000000000000000	000000000000000000	INR		H	  016	OVL	MM1601	OE2	0000201525	JV	MMEP3BRE1B		00000000	MMEP3BRE1B				CB		OVL			0000000000	00000000	-101.99	0.00	0.00	0.00	0.00	0.00	0.00	0.00	0.00	0.00	0.00	0.00	0.00	0.00	0.00	0.00	0.00	-101.99	0.00	0.00	0.00	0.00	0.00	0.00	0.00	0.00	0.00	0.00	0.00	0.00	0.00	0.00	0.00	0.00	-1.59	0.00	0.00	0.00	0.00	0.00	0.00	0.00	0.00	0.00	0.00	0.00	0.00	0.00	0.00	0.00	0.00
	500	4A	0	001	 2026	000000000001610277	000000000000000000	000000000000000000	INR		S	  016	OVL	MM1601	OE2	0000201525	JV	MMEP3BRE1B		00000000	MMEP3BRE1B				CB		OVL			0000000000	00000000	           101.99	0.00	0.00	0.00	0.00	0.00	0.00	0.00	0.00	0.00	0.00	0.00	0.00	0.00	0.00	0.00	0.00	          101.99	0.00	0.00	0.00	0.00	0.00	0.00	0.00	0.00	0.00	0.00	0.00	0.00	0.00	0.00	0.00	0.00	          1.59	0.00	0.00	0.00	0.00	0.00	0.00	0.00	0.00	0.00	0.00	0.00	0.00	0.00	0.00	0.00	0.00
	500	4A	0	001	 2026	000000000001610278	000000000000000000	000000000000000000	INR		H	  016	OVL	MM1601	OE2	0000320341	JV	MMEP3BRE1B		00000000	MMEP3BRE1B				CB		OVL			0000000000	00000000	-9,994.52	0.00	0.00	0.00	0.00	0.00	0.00	0.00	0.00	0.00	0.00	0.00	0.00	0.00	0.00	0.00	0.00	-9,994.52	0.00	0.00	0.00	0.00	0.00	0.00	0.00	0.00	0.00	0.00	0.00	0.00	0.00	0.00	0.00	0.00	-156.18	0.00	0.00	0.00	0.00	0.00	0.00	0.00	0.00	0.00	0.00	0.00	0.00	0.00	0.00	0.00	0.00
	500	4A	0	001	 2026	000000000001610278	000000000000000000	000000000000000000	INR		S	  016	OVL	MM1601	OE2	0000320341	JV	MMEP3BRE1B		00000000	MMEP3BRE1B				CB		OVL			0000000000	00000000	         4,997.26	0.00	0.00	0.00	0.00	0.00	0.00	0.00	0.00	0.00	0.00	0.00	0.00	0.00	0.00	0.00	0.00	        4,997.26	0.00	0.00	0.00	0.00	0.00	0.00	0.00	0.00	0.00	0.00	0.00	0.00	0.00	0.00	0.00	0.00	         78.09	0.00	0.00	0.00	0.00	0.00	0.00	0.00	0.00	0.00	0.00	0.00	0.00	0.00	0.00	0.00	0.00
	500	4A	0	001	 2026	000000000001610281	000000000000000000	000000000000000000	MMK		H	  016	OVL	MM1601	OE2	0000200844	JV			00129412	MMEP3BRE1B				CB		OVL			0000000000	00000000	-1,074,746.00	0.00	0.00	0.00	0.00	0.00	0.00	0.00	0.00	0.00	0.00	0.00	0.00	0.00	0.00	0.00	0.00	-52,404.61	0.00	0.00	0.00	0.00	0.00	0.00	0.00	0.00	0.00	0.00	0.00	0.00	0.00	0.00	0.00	0.00	-709.33	0.00	0.00	0.00	0.00	0.00	0.00	0.00	0.00	0.00	0.00	0.00	0.00	0.00	0.00	0.00	0.00
	500	4A	0	001	 2026	000000000001610281	000000000000000000	000000000000000000	USD		H	  016	OVL	MM1601	OE2	0000200844	JV			00129412	MMEP3BRE1B				CB		OVL			0000000000	00000000	-26,868.66	0.00	0.00	0.00	0.00	0.00	0.00	0.00	0.00	0.00	0.00	0.00	0.00	0.00	0.00	0.00	0.00	-1,950,127.34	0.00	0.00	0.00	0.00	0.00	0.00	0.00	0.00	0.00	0.00	0.00	0.00	0.00	0.00	0.00	0.00	-26,868.66	0.00	0.00	0.00	0.00	0.00	0.00	0.00	0.00	0.00	0.00	0.00	0.00	0.00	0.00	0.00	0.00
	500	4A	0	001	 2026	000000000001610350	000000000000000000	000000000000000000	MMK		H	  016	OVL	MM1601	OE2	0000010603	JV	MMEP3BRE1B		00000000	MMEP3BRE1B	000106015544	0000	100	CB		OVL			0000000000	00000000	-451,000.00	0.00	0.00	0.00	0.00	0.00	0.00	0.00	0.00	0.00	0.00	0.00	0.00	0.00	0.00	0.00	0.00	-21,079.74	0.00	0.00	0.00	0.00	0.00	0.00	0.00	0.00	0.00	0.00	0.00	0.00	0.00	0.00	0.00	0.00	-302.17	0.00	0.00	0.00	0.00	0.00	0.00	0.00	0.00	0.00	0.00	0.00	0.00	0.00	0.00	0.00	0.00
	500	4A	0	001	 2026	000000000001610452	000000000000000000	000000000000000000	INR		H	  016	OVL	MM1601	OE2	0000030431	JV			00000000	MMEP3BRE1B	*	*	501	BR		OVL			0000000000	00000000	-4,997.26	0.00	0.00	0.00	0.00	0.00	0.00	0.00	0.00	0.00	0.00	0.00	0.00	0.00	0.00	0.00	0.00	-4,997.26	0.00	0.00	0.00	0.00	0.00	0.00	0.00	0.00	0.00	0.00	0.00	0.00	0.00	0.00	0.00	0.00	-78.09	0.00	0.00	0.00	0.00	0.00	0.00	0.00	0.00	0.00	0.00	0.00	0.00	0.00	0.00	0.00	0.00
	500	4A	0	001	 2026	000000000001610452	000000000000000000	000000000000000000	INR		S	  016	OVL	MM1601	OE2	0000030431	JV			00000000	MMEP3BRE1B	*	*	501	BR		OVL			0000000000	00000000	             2.99	0.00	0.00	0.00	0.00	0.00	0.00	0.00	0.00	0.00	0.00	0.00	0.00	0.00	0.00	0.00	0.00	            2.99	0.00	0.00	0.00	0.00	0.00	0.00	0.00	0.00	0.00	0.00	0.00	0.00	0.00	0.00	0.00	0.00	          0.05	0.00	0.00	0.00	0.00	0.00	0.00	0.00	0.00	0.00	0.00	0.00	0.00	0.00	0.00	0.00	0.00
	500	4A	0	001	 2026	000000000001610490	000000000000000000	000000000000000000	INR		H	  016	OVL	MM1601	OE2	0000010431	JV	MMEP3BRE1B		00000000	MMEP3BRE1B	000104007361	0000	105	CB		OVL			0000000000	00000000	-38,002.60	0.00	0.00	0.00	0.00	0.00	0.00	0.00	0.00	0.00	0.00	0.00	0.00	0.00	0.00	0.00	0.00	-38,002.60	0.00	0.00	0.00	0.00	0.00	0.00	0.00	0.00	0.00	0.00	0.00	0.00	0.00	0.00	0.00	0.00	-565.91	0.00	0.00	0.00	0.00	0.00	0.00	0.00	0.00	0.00	0.00	0.00	0.00	0.00	0.00	0.00	0.00
	500	4A	0	001	 2026	000000000001610491	000000000000000000	000000000000000000	INR		H	  016	OVL	MM1601	OE2	0000010431	JV	MMEP3BRE1B		00000000	MMEP3BRE1B	000104007362	0000	105	CB		OVL			0000000000	00000000	-38,002.60	0.00	0.00	0.00	0.00	0.00	0.00	0.00	0.00	0.00	0.00	0.00	0.00	0.00	0.00	0.00	0.00	-38,002.60	0.00	0.00	0.00	0.00	0.00	0.00	0.00	0.00	0.00	0.00	0.00	0.00	0.00	0.00	0.00	0.00	-565.91	0.00	0.00	0.00	0.00	0.00	0.00	0.00	0.00	0.00	0.00	0.00	0.00	0.00	0.00	0.00	0.00
	500	4A	0	001	 2026	000000000001610492	000000000000000000	000000000000000000	INR		H	  016	OVL	MM1601	OE2	0000010431	JV	MMEP3BRE1B		00000000	MMEP3BRE1B	000104007365	0000	105	CB		OVL			0000000000	00000000	-22,434.53	0.00	0.00	0.00	0.00	0.00	0.00	0.00	0.00	0.00	0.00	0.00	0.00	0.00	0.00	0.00	0.00	-22,434.53	0.00	0.00	0.00	0.00	0.00	0.00	0.00	0.00	0.00	0.00	0.00	0.00	0.00	0.00	0.00	0.00	-334.08	0.00	0.00	0.00	0.00	0.00	0.00	0.00	0.00	0.00	0.00	0.00	0.00	0.00	0.00	0.00	0.00
	500	4A	0	001	 2026	000000000001610493	000000000000000000	000000000000000000	INR		H	  016	OVL	MM1601	OE2	0000010431	JV	MMEP3BRE1B		00000000	MMEP3BRE1B	000104008132	0000	105	CB		OVL			0000000000	00000000	-9,946.59	0.00	0.00	0.00	0.00	0.00	0.00	0.00	0.00	0.00	0.00	0.00	0.00	0.00	0.00	0.00	0.00	-9,946.59	0.00	0.00	0.00	0.00	0.00	0.00	0.00	0.00	0.00	0.00	0.00	0.00	0.00	0.00	0.00	0.00	-155.43	0.00	0.00	0.00	0.00	0.00	0.00	0.00	0.00	0.00	0.00	0.00	0.00	0.00	0.00	0.00	0.00
	500	4A	0	001	 2026	000000000001610494	000000000000000000	000000000000000000	INR		H	  016	OVL	MM1601	OE2	0000010432	JV	MMEP3BRE1B		00000000	MMEP3BRE1B	000104007367	0000	105	CB		OVL			0000000000	00000000	-13,962.44	0.00	0.00	0.00	0.00	0.00	0.00	0.00	0.00	0.00	0.00	0.00	0.00	0.00	0.00	0.00	0.00	-13,962.44	0.00	0.00	0.00	0.00	0.00	0.00	0.00	0.00	0.00	0.00	0.00	0.00	0.00	0.00	0.00	0.00	-207.92	0.00	0.00	0.00	0.00	0.00	0.00	0.00	0.00	0.00	0.00	0.00	0.00	0.00	0.00	0.00	0.00
	500	4A	0	001	 2026	000000000001610495	000000000000000000	000000000000000000	INR		H	  016	OVL	MM1601	OE2	0000010602	JV	MMEP3BRE1B		00000000	MMEP3BRE1B	000106013777	0000	105	CB		OVL			0000000000	00000000	-10,859.64	0.00	0.00	0.00	0.00	0.00	0.00	0.00	0.00	0.00	0.00	0.00	0.00	0.00	0.00	0.00	0.00	-10,859.64	0.00	0.00	0.00	0.00	0.00	0.00	0.00	0.00	0.00	0.00	0.00	0.00	0.00	0.00	0.00	0.00	-160.21	0.00	0.00	0.00	0.00	0.00	0.00	0.00	0.00	0.00	0.00	0.00	0.00	0.00	0.00	0.00	0.00
	500	4A	0	001	 2026	000000000001610509	000000000000000000	000000000000000000	INR		H	  016	OVL	MM1601	OE2	0000010431	JV	MMEP3BRE1B		00000000	MMEP3BRE1B	000104007361	0000	200	NB		OVL			0000000000	00000000	-38,002.60	0.00	0.00	0.00	0.00	0.00	0.00	0.00	0.00	0.00	0.00	0.00	0.00	0.00	0.00	0.00	0.00	-38,002.60	0.00	0.00	0.00	0.00	0.00	0.00	0.00	0.00	0.00	0.00	0.00	0.00	0.00	0.00	0.00	0.00	-565.91	0.00	0.00	0.00	0.00	0.00	0.00	0.00	0.00	0.00	0.00	0.00	0.00	0.00	0.00	0.00	0.00
	500	4A	0	001	 2026	000000000001610510	000000000000000000	000000000000000000	INR		S	  016	OVL	MM1601	OE2	0000010431	JV	MMEP3BRE1B		00000000	MMEP3BRE1B	000104007361	0000	250	NB		OVL			0000000000	00000000	        38,002.60	0.00	0.00	0.00	0.00	0.00	0.00	0.00	0.00	0.00	0.00	0.00	0.00	0.00	0.00	0.00	0.00	       38,002.60	0.00	0.00	0.00	0.00	0.00	0.00	0.00	0.00	0.00	0.00	0.00	0.00	0.00	0.00	0.00	0.00	        565.91	0.00	0.00	0.00	0.00	0.00	0.00	0.00	0.00	0.00	0.00	0.00	0.00	0.00	0.00	0.00	0.00
	500	4A	0	001	 2026	000000000001610511	000000000000000000	000000000000000000	INR		H	  016	OVL	MM1601	OE2	0000010431	JV	MMEP3BRE1B		00000000	MMEP3BRE1B	000104007362	0000	200	NB		OVL			0000000000	00000000	-38,002.60	0.00	0.00	0.00	0.00	0.00	0.00	0.00	0.00	0.00	0.00	0.00	0.00	0.00	0.00	0.00	0.00	-38,002.60	0.00	0.00	0.00	0.00	0.00	0.00	0.00	0.00	0.00	0.00	0.00	0.00	0.00	0.00	0.00	0.00	-565.91	0.00	0.00	0.00	0.00	0.00	0.00	0.00	0.00	0.00	0.00	0.00	0.00	0.00	0.00	0.00	0.00
	500	4A	0	001	 2026	000000000001610512	000000000000000000	000000000000000000	INR		S	  016	OVL	MM1601	OE2	0000010431	JV	MMEP3BRE1B		00000000	MMEP3BRE1B	000104007362	0000	250	NB		OVL			0000000000	00000000	        38,002.60	0.00	0.00	0.00	0.00	0.00	0.00	0.00	0.00	0.00	0.00	0.00	0.00	0.00	0.00	0.00	0.00	       38,002.60	0.00	0.00	0.00	0.00	0.00	0.00	0.00	0.00	0.00	0.00	0.00	0.00	0.00	0.00	0.00	0.00	        565.91	0.00	0.00	0.00	0.00	0.00	0.00	0.00	0.00	0.00	0.00	0.00	0.00	0.00	0.00	0.00	0.00
	500	4A	0	001	 2026	000000000001610513	000000000000000000	000000000000000000	INR		H	  016	OVL	MM1601	OE2	0000010431	JV	MMEP3BRE1B		00000000	MMEP3BRE1B	000104007365	0000	200	NB		OVL			0000000000	00000000	-22,434.53	0.00	0.00	0.00	0.00	0.00	0.00	0.00	0.00	0.00	0.00	0.00	0.00	0.00	0.00	0.00	0.00	-22,434.53	0.00	0.00	0.00	0.00	0.00	0.00	0.00	0.00	0.00	0.00	0.00	0.00	0.00	0.00	0.00	0.00	-334.08	0.00	0.00	0.00	0.00	0.00	0.00	0.00	0.00	0.00	0.00	0.00	0.00	0.00	0.00	0.00	0.00
	500	4A	0	001	 2026	000000000001610514	000000000000000000	000000000000000000	INR		S	  016	OVL	MM1601	OE2	0000010431	JV	MMEP3BRE1B		00000000	MMEP3BRE1B	000104007365	0000	250	NB		OVL			0000000000	00000000	        22,434.53	0.00	0.00	0.00	0.00	0.00	0.00	0.00	0.00	0.00	0.00	0.00	0.00	0.00	0.00	0.00	0.00	       22,434.53	0.00	0.00	0.00	0.00	0.00	0.00	0.00	0.00	0.00	0.00	0.00	0.00	0.00	0.00	0.00	0.00	        334.08	0.00	0.00	0.00	0.00	0.00	0.00	0.00	0.00	0.00	0.00	0.00	0.00	0.00	0.00	0.00	0.00
	500	4A	0	001	 2026	000000000001610515	000000000000000000	000000000000000000	INR		H	  016	OVL	MM1601	OE2	0000010431	JV	MMEP3BRE1B		00000000	MMEP3BRE1B	000104008132	0000	250	NB		OVL			0000000000	00000000	-5,096.19	0.00	0.00	0.00	0.00	0.00	0.00	0.00	0.00	0.00	0.00	0.00	0.00	0.00	0.00	0.00	0.00	-5,096.19	0.00	0.00	0.00	0.00	0.00	0.00	0.00	0.00	0.00	0.00	0.00	0.00	0.00	0.00	0.00	0.00	-79.63	0.00	0.00	0.00	0.00	0.00	0.00	0.00	0.00	0.00	0.00	0.00	0.00	0.00	0.00	0.00	0.00
	500	4A	0	001	 2026	000000000001610516	000000000000000000	000000000000000000	INR		H	  016	OVL	MM1601	OE2	0000010432	JV	MMEP3BRE1B		00000000	MMEP3BRE1B	000104007367	0000	200	NB		OVL			0000000000	00000000	-13,962.44	0.00	0.00	0.00	0.00	0.00	0.00	0.00	0.00	0.00	0.00	0.00	0.00	0.00	0.00	0.00	0.00	-13,962.44	0.00	0.00	0.00	0.00	0.00	0.00	0.00	0.00	0.00	0.00	0.00	0.00	0.00	0.00	0.00	0.00	-207.92	0.00	0.00	0.00	0.00	0.00	0.00	0.00	0.00	0.00	0.00	0.00	0.00	0.00	0.00	0.00	0.00
	500	4A	0	001	 2026	000000000001610517	000000000000000000	000000000000000000	INR		S	  016	OVL	MM1601	OE2	0000010432	JV	MMEP3BRE1B		00000000	MMEP3BRE1B	000104007367	0000	250	NB		OVL			0000000000	00000000	        13,962.44	0.00	0.00	0.00	0.00	0.00	0.00	0.00	0.00	0.00	0.00	0.00	0.00	0.00	0.00	0.00	0.00	       13,962.44	0.00	0.00	0.00	0.00	0.00	0.00	0.00	0.00	0.00	0.00	0.00	0.00	0.00	0.00	0.00	0.00	        207.92	0.00	0.00	0.00	0.00	0.00	0.00	0.00	0.00	0.00	0.00	0.00	0.00	0.00	0.00	0.00	0.00
	500	4A	0	001	 2026	000000000001610518	000000000000000000	000000000000000000	INR		H	  016	OVL	MM1601	OE2	0000010602	JV	MMEP3BRE1B		00000000	MMEP3BRE1B	000106008616	0000	200	NB		OVL			0000000000	00000000	-5,212.62	0.00	0.00	0.00	0.00	0.00	0.00	0.00	0.00	0.00	0.00	0.00	0.00	0.00	0.00	0.00	0.00	-5,212.62	0.00	0.00	0.00	0.00	0.00	0.00	0.00	0.00	0.00	0.00	0.00	0.00	0.00	0.00	0.00	0.00	-78.56	0.00	0.00	0.00	0.00	0.00	0.00	0.00	0.00	0.00	0.00	0.00	0.00	0.00	0.00	0.00	0.00
	500	4A	0	001	 2026	000000000001610519	000000000000000000	000000000000000000	INR		H	  016	OVL	MM1601	OE2	0000010602	JV	MMEP3BRE1B		00000000	MMEP3BRE1B	000106008617	0000	200	NB		OVL			0000000000	00000000	-5,212.62	0.00	0.00	0.00	0.00	0.00	0.00	0.00	0.00	0.00	0.00	0.00	0.00	0.00	0.00	0.00	0.00	-5,212.62	0.00	0.00	0.00	0.00	0.00	0.00	0.00	0.00	0.00	0.00	0.00	0.00	0.00	0.00	0.00	0.00	-78.56	0.00	0.00	0.00	0.00	0.00	0.00	0.00	0.00	0.00	0.00	0.00	0.00	0.00	0.00	0.00	0.00
	500	4A	0	001	 2026	000000000001610520	000000000000000000	000000000000000000	INR		H	  016	OVL	MM1601	OE2	0000010602	JV	MMEP3BRE1B		00000000	MMEP3BRE1B	000106008618	0000	200	NB		OVL			0000000000	00000000	-5,212.62	0.00	0.00	0.00	0.00	0.00	0.00	0.00	0.00	0.00	0.00	0.00	0.00	0.00	0.00	0.00	0.00	-5,212.62	0.00	0.00	0.00	0.00	0.00	0.00	0.00	0.00	0.00	0.00	0.00	0.00	0.00	0.00	0.00	0.00	-78.56	0.00	0.00	0.00	0.00	0.00	0.00	0.00	0.00	0.00	0.00	0.00	0.00	0.00	0.00	0.00	0.00
	500	4A	0	001	 2026	000000000001610521	000000000000000000	000000000000000000	INR		H	  016	OVL	MM1601	OE2	0000010602	JV	MMEP3BRE1B		00000000	MMEP3BRE1B	000106013777	0000	200	NB		OVL			0000000000	00000000	-10,859.64	0.00	0.00	0.00	0.00	0.00	0.00	0.00	0.00	0.00	0.00	0.00	0.00	0.00	0.00	0.00	0.00	-10,859.64	0.00	0.00	0.00	0.00	0.00	0.00	0.00	0.00	0.00	0.00	0.00	0.00	0.00	0.00	0.00	0.00	-160.21	0.00	0.00	0.00	0.00	0.00	0.00	0.00	0.00	0.00	0.00	0.00	0.00	0.00	0.00	0.00	0.00
	500	4A	0	001	 2026	000000000001610522	000000000000000000	000000000000000000	INR		S	  016	OVL	MM1601	OE2	0000010602	JV	MMEP3BRE1B		00000000	MMEP3BRE1B	000106013777	0000	250	NB		OVL			0000000000	00000000	        10,859.64	0.00	0.00	0.00	0.00	0.00	0.00	0.00	0.00	0.00	0.00	0.00	0.00	0.00	0.00	0.00	0.00	       10,859.64	0.00	0.00	0.00	0.00	0.00	0.00	0.00	0.00	0.00	0.00	0.00	0.00	0.00	0.00	0.00	0.00	        160.21	0.00	0.00	0.00	0.00	0.00	0.00	0.00	0.00	0.00	0.00	0.00	0.00	0.00	0.00	0.00	0.00
	500	4A	0	001	 2026	000000000001610523	000000000000000000	000000000000000000	INR		S	  016	OVL	MM1601	OE2	0000030431	JV	MMEP3BRE1B		00000000	MMEP3BRE1B	000104008132	0000	290	NB		OVL			0000000000	00000000	         4,994.27	0.00	0.00	0.00	0.00	0.00	0.00	0.00	0.00	0.00	0.00	0.00	0.00	0.00	0.00	0.00	0.00	        4,994.27	0.00	0.00	0.00	0.00	0.00	0.00	0.00	0.00	0.00	0.00	0.00	0.00	0.00	0.00	0.00	0.00	         78.04	0.00	0.00	0.00	0.00	0.00	0.00	0.00	0.00	0.00	0.00	0.00	0.00	0.00	0.00	0.00	0.00
	500	4A	0	001	 2026	000000000001610524	000000000000000000	000000000000000000	INR		S	  016	OVL	MM1601	OE2	0000030602	JV	MMEP3BRE1B		00000000	MMEP3BRE1B	000106008616	0000	290	NB		OVL			0000000000	00000000	         5,212.62	0.00	0.00	0.00	0.00	0.00	0.00	0.00	0.00	0.00	0.00	0.00	0.00	0.00	0.00	0.00	0.00	        5,212.62	0.00	0.00	0.00	0.00	0.00	0.00	0.00	0.00	0.00	0.00	0.00	0.00	0.00	0.00	0.00	0.00	         78.56	0.00	0.00	0.00	0.00	0.00	0.00	0.00	0.00	0.00	0.00	0.00	0.00	0.00	0.00	0.00	0.00
	500	4A	0	001	 2026	000000000001610525	000000000000000000	000000000000000000	INR		S	  016	OVL	MM1601	OE2	0000030602	JV	MMEP3BRE1B		00000000	MMEP3BRE1B	000106008617	0000	290	NB		OVL			0000000000	00000000	         5,212.62	0.00	0.00	0.00	0.00	0.00	0.00	0.00	0.00	0.00	0.00	0.00	0.00	0.00	0.00	0.00	0.00	        5,212.62	0.00	0.00	0.00	0.00	0.00	0.00	0.00	0.00	0.00	0.00	0.00	0.00	0.00	0.00	0.00	0.00	         78.56	0.00	0.00	0.00	0.00	0.00	0.00	0.00	0.00	0.00	0.00	0.00	0.00	0.00	0.00	0.00	0.00
	500	4A	0	001	 2026	000000000001610526	000000000000000000	000000000000000000	INR		S	  016	OVL	MM1601	OE2	0000030602	JV	MMEP3BRE1B		00000000	MMEP3BRE1B	000106008618	0000	290	NB		OVL			0000000000	00000000	         5,212.62	0.00	0.00	0.00	0.00	0.00	0.00	0.00	0.00	0.00	0.00	0.00	0.00	0.00	0.00	0.00	0.00	        5,212.62	0.00	0.00	0.00	0.00	0.00	0.00	0.00	0.00	0.00	0.00	0.00	0.00	0.00	0.00	0.00	0.00	         78.56	0.00	0.00	0.00	0.00	0.00	0.00	0.00	0.00	0.00	0.00	0.00	0.00	0.00	0.00	0.00	0.00
	500	4A	0	001	 2026	000000000001610527	000000000000000000	000000000000000000	INR		S	  016	OVL	MM1601	OE2	0000201525	JV	MMEP3BRE1B		00000000	MMEP3BRE1B				NB		OVL			0000000000	00000000	           101.92	0.00	0.00	0.00	0.00	0.00	0.00	0.00	0.00	0.00	0.00	0.00	0.00	0.00	0.00	0.00	0.00	          101.92	0.00	0.00	0.00	0.00	0.00	0.00	0.00	0.00	0.00	0.00	0.00	0.00	0.00	0.00	0.00	0.00	          1.59	0.00	0.00	0.00	0.00	0.00	0.00	0.00	0.00	0.00	0.00	0.00	0.00	0.00	0.00	0.00	0.00
	500	4A	0	001	 2026	000000000001610573	000000000000000000	000000000000000000	INR		H	  016	OVL	MM1601	OE2	0000220431	JV	MMEP3BRE1B		00000000	MMEP3BRE1B				BR		OVL			0000000000	00000000	-2.99	0.00	0.00	0.00	0.00	0.00	0.00	0.00	0.00	0.00	0.00	0.00	0.00	0.00	0.00	0.00	0.00	-2.99	0.00	0.00	0.00	0.00	0.00	0.00	0.00	0.00	0.00	0.00	0.00	0.00	0.00	0.00	0.00	0.00	-0.05	0.00	0.00	0.00	0.00	0.00	0.00	0.00	0.00	0.00	0.00	0.00	0.00	0.00	0.00	0.00	0.00
	500	4A	0	001	 2026	000000000001610573	000000000000000000	000000000000000000	INR		S	  016	OVL	MM1601	OE2	0000220431	JV	MMEP3BRE1B		00000000	MMEP3BRE1B				BR		OVL			0000000000	00000000	         4,997.26	0.00	0.00	0.00	0.00	0.00	0.00	0.00	0.00	0.00	0.00	0.00	0.00	0.00	0.00	0.00	0.00	        4,997.26	0.00	0.00	0.00	0.00	0.00	0.00	0.00	0.00	0.00	0.00	0.00	0.00	0.00	0.00	0.00	0.00	         78.09	0.00	0.00	0.00	0.00	0.00	0.00	0.00	0.00	0.00	0.00	0.00	0.00	0.00	0.00	0.00	0.00
	500	4A	0	001	 2026	000000000001610708	000000000000000000	000000000000000000	INR		H	  016	OVL	MM1601	OE2	0000320041	JV			00000000	MMEP3BRE1B				NB		OVL			0000000000	00000000	-5,099.25	0.00	0.00	0.00	0.00	0.00	0.00	0.00	0.00	0.00	0.00	0.00	0.00	0.00	0.00	0.00	0.00	-5,099.25	0.00	0.00	0.00	0.00	0.00	0.00	0.00	0.00	0.00	0.00	0.00	0.00	0.00	0.00	0.00	0.00	-79.68	0.00	0.00	0.00	0.00	0.00	0.00	0.00	0.00	0.00	0.00	0.00	0.00	0.00	0.00	0.00	0.00
	500	4A	0	001	 2026	000000000001610715	000000000000000000	000000000000000000	INR		S	  016	OVL	MM1601	OE2	0000320061	JV			00000000	MMEP3BRE1B				NB		OVL			0000000000	00000000	        15,637.86	0.00	0.00	0.00	0.00	0.00	0.00	0.00	0.00	0.00	0.00	0.00	0.00	0.00	0.00	0.00	0.00	       15,637.86	0.00	0.00	0.00	0.00	0.00	0.00	0.00	0.00	0.00	0.00	0.00	0.00	0.00	0.00	0.00	0.00	        235.68	0.00	0.00	0.00	0.00	0.00	0.00	0.00	0.00	0.00	0.00	0.00	0.00	0.00	0.00	0.00	0.00
	500	4A	0	001	 2026	000000000001610723	000000000000000000	000000000000000000	INR		S	  016	OVL	MM1601	OE2	0000320341	JV			00000000	MMEP3BRE1B				NB		OVL			0000000000	00000000	         4,997.26	0.00	0.00	0.00	0.00	0.00	0.00	0.00	0.00	0.00	0.00	0.00	0.00	0.00	0.00	0.00	0.00	        4,997.26	0.00	0.00	0.00	0.00	0.00	0.00	0.00	0.00	0.00	0.00	0.00	0.00	0.00	0.00	0.00	0.00	         78.09	0.00	0.00	0.00	0.00	0.00	0.00	0.00	0.00	0.00	0.00	0.00	0.00	0.00	0.00	0.00	0.00
	500	4A	0	001	 2026	000000000001610832	000000000000000000	000000000000000000	INR		S	  016	OVL	MM1601	OE2	0000201920	JV			00000000	MMEP3BRE1B				CB		OVL			0000000000	00000000	            15.86	0.00	0.00	0.00	0.00	0.00	0.00	0.00	0.00	0.00	0.00	0.00	0.00	0.00	0.00	0.00	0.00	           15.86	0.00	0.00	0.00	0.00	0.00	0.00	0.00	0.00	0.00	0.00	0.00	0.00	0.00	0.00	0.00	0.00	         25.36	0.00	0.00	0.00	0.00	0.00	0.00	0.00	0.00	0.00	0.00	0.00	0.00	0.00	0.00	0.00	0.00
	500	4A	0	001	 2026	000000000001610832	000000000000000000	000000000000000000	MMK		H	  016	OVL	MM1601	OE2	0000201920	JV			00000000	MMEP3BRE1B				CB		OVL			0000000000	00000000	-173,955.27	0.00	0.00	0.00	0.00	0.00	0.00	0.00	0.00	0.00	0.00	0.00	0.00	0.00	0.00	0.00	0.00	-148,205.35	0.00	0.00	0.00	0.00	0.00	0.00	0.00	0.00	0.00	0.00	0.00	0.00	0.00	0.00	0.00	0.00	-2,136.48	0.00	0.00	0.00	0.00	0.00	0.00	0.00	0.00	0.00	0.00	0.00	0.00	0.00	0.00	0.00	0.00
	500	4A	0	001	 2026	000000000001610832	000000000000000000	000000000000000000	MMK		S	  016	OVL	MM1601	OE2	0000201920	JV			00000000	MMEP3BRE1B				CB		OVL			0000000000	00000000	        64,879.18	0.00	0.00	0.00	0.00	0.00	0.00	0.00	0.00	0.00	0.00	0.00	0.00	0.00	0.00	0.00	0.00	      222,789.22	0.00	0.00	0.00	0.00	0.00	0.00	0.00	0.00	0.00	0.00	0.00	0.00	0.00	0.00	0.00	0.00	      6,803.22	0.00	0.00	0.00	0.00	0.00	0.00	0.00	0.00	0.00	0.00	0.00	0.00	0.00	0.00	0.00	0.00
	500	4A	0	001	 2026	000000000001610832	000000000000000000	000000000000000000	USD		H	  016	OVL	MM1601	OE2	0000201920	JV			00000000	MMEP3BRE1B				CB		OVL			0000000000	00000000	-6,273.57	0.00	0.00	0.00	0.00	0.00	0.00	0.00	0.00	0.00	0.00	0.00	0.00	0.00	0.00	0.00	0.00	-2,847,011.34	0.00	0.00	0.00	0.00	0.00	0.00	0.00	0.00	0.00	0.00	0.00	0.00	0.00	0.00	0.00	0.00	-13,656.83	0.00	0.00	0.00	0.00	0.00	0.00	0.00	0.00	0.00	0.00	0.00	0.00	0.00	0.00	0.00	0.00
	500	4A	0	001	 2026	000000000001610832	000000000000000000	000000000000000000	USD		S	  016	OVL	MM1601	OE2	0000201920	JV			00000000	MMEP3BRE1B				CB		OVL			0000000000	00000000	       101,745.70	0.00	0.00	0.00	0.00	0.00	0.00	0.00	0.00	0.00	0.00	0.00	0.00	0.00	0.00	0.00	0.00	    9,347,827.60	0.00	0.00	0.00	0.00	0.00	0.00	0.00	0.00	0.00	0.00	0.00	0.00	0.00	0.00	0.00	0.00	    104,377.48	0.00	0.00	0.00	0.00	0.00	0.00	0.00	0.00	0.00	0.00	0.00	0.00	0.00	0.00	0.00	0.00
	500	4A	0	001	 2026	000000000001611013	000000000000000000	000000000000000000	INR		H	  016	OVL	MM1601	OE2	0000201920	JV	MMEP3BRE1B		00000000	MMEP3BRE1B				CB		OVL			0000000000	00000000	             0.00	0.00	0.00	0.00	0.00	0.00	0.00	0.00	0.00	0.00	0.00	0.00	0.00	0.00	0.00	0.00	0.00	            0.00	0.00	0.00	0.00	0.00	0.00	0.00	0.00	0.00	0.00	0.00	0.00	0.00	0.00	0.00	0.00	0.00	-592.12	0.00	0.00	0.00	0.00	0.00	0.00	0.00	0.00	0.00	0.00	0.00	0.00	0.00	0.00	0.00	0.00
	500	4A	0	001	 2026	000000000001611013	000000000000000000	000000000000000000	INR		S	  016	OVL	MM1601	OE2	0000201920	JV	MMEP3BRE1B		00000000	MMEP3BRE1B				CB		OVL			0000000000	00000000	             0.00	0.00	0.00	0.00	0.00	0.00	0.00	0.00	0.00	0.00	0.00	0.00	0.00	0.00	0.00	0.00	0.00	            0.00	0.00	0.00	0.00	0.00	0.00	0.00	0.00	0.00	0.00	0.00	0.00	0.00	0.00	0.00	0.00	0.00	        604.39	0.00	0.00	0.00	0.00	0.00	0.00	0.00	0.00	0.00	0.00	0.00	0.00	0.00	0.00	0.00	0.00
	500	4A	0	001	 2026	000000000001611013	000000000000000000	000000000000000000	USD		H	  016	OVL	MM1601	OE2	0000201920	JV	MMEP3BRE1B		00000000	MMEP3BRE1B				CB		OVL			0000000000	00000000	             0.00	0.00	0.00	0.00	0.00	0.00	0.00	0.00	0.00	0.00	0.00	0.00	0.00	0.00	0.00	0.00	0.00	-1,502,305.03	0.00	0.00	0.00	0.00	0.00	0.00	0.00	0.00	0.00	0.00	0.00	0.00	0.00	0.00	0.00	0.00	-11,836.92	0.00	0.00	0.00	0.00	0.00	0.00	0.00	0.00	0.00	0.00	0.00	0.00	0.00	0.00	0.00	0.00
	500	4A	0	001	 2026	000000000001611013	000000000000000000	000000000000000000	USD		S	  016	OVL	MM1601	OE2	0000201920	JV	MMEP3BRE1B		00000000	MMEP3BRE1B				CB		OVL			0000000000	00000000	             0.00	0.00	0.00	0.00	0.00	0.00	0.00	0.00	0.00	0.00	0.00	0.00	0.00	0.00	0.00	0.00	0.00	    1,481,057.39	0.00	0.00	0.00	0.00	0.00	0.00	0.00	0.00	0.00	0.00	0.00	0.00	0.00	0.00	0.00	0.00	     11,740.38	0.00	0.00	0.00	0.00	0.00	0.00	0.00	0.00	0.00	0.00	0.00	0.00	0.00	0.00	0.00	0.00
	500	4A	0	001	 2026	000000000001611661	000000000000000000	000000000000000000	INR		H	  016	OVL	MM1601	OE2	0000220431	JV	MMEP3BRE1B		00000000	MMEP3BRE1B				CB		OVL			0000000000	00000000	-4,994.27	0.00	0.00	0.00	0.00	0.00	0.00	0.00	0.00	0.00	0.00	0.00	0.00	0.00	0.00	0.00	0.00	-4,994.27	0.00	0.00	0.00	0.00	0.00	0.00	0.00	0.00	0.00	0.00	0.00	0.00	0.00	0.00	0.00	0.00	-78.04	0.00	0.00	0.00	0.00	0.00	0.00	0.00	0.00	0.00	0.00	0.00	0.00	0.00	0.00	0.00	0.00
	500	4A	0	001	 2026	000000000001612039	000000000000000000	000000000000000000	INR		H	  016	OVL	MM1601	OE1	0000100298	JV			00000000	MMEP3BRE1B				NB		OVL			0000000000	00000000	-6,367,523.17	0.00	0.00	0.00	0.00	0.00	0.00	0.00	0.00	0.00	0.00	0.00	0.00	0.00	0.00	0.00	0.00	-6,367,523.17	0.00	0.00	0.00	0.00	0.00	0.00	0.00	0.00	0.00	0.00	0.00	0.00	0.00	0.00	0.00	0.00	-93,874.76	0.00	0.00	0.00	0.00	0.00	0.00	0.00	0.00	0.00	0.00	0.00	0.00	0.00	0.00	0.00	0.00
	500	4A	0	001	 2026	000000000001612039	000000000000000000	000000000000000000	INR		S	  016	OVL	MM1601	OE1	0000100298	JV			00000000	MMEP3BRE1B				NB		OVL			0000000000	00000000	     6,367,523.17	0.00	0.00	0.00	0.00	0.00	0.00	0.00	0.00	0.00	0.00	0.00	0.00	0.00	0.00	0.00	0.00	    6,367,523.17	0.00	0.00	0.00	0.00	0.00	0.00	0.00	0.00	0.00	0.00	0.00	0.00	0.00	0.00	0.00	0.00	     93,874.76	0.00	0.00	0.00	0.00	0.00	0.00	0.00	0.00	0.00	0.00	0.00	0.00	0.00	0.00	0.00	0.00
	500	4A	0	001	 2026	000000000001612040	000000000000000000	000000000000000000	INR		H	  016	OVL	MM1601	OE1	0000201920	JV			00000000	MMEP3BRE1B				NB		OVL			0000000000	00000000	             0.00	0.00	0.00	0.00	0.00	0.00	0.00	0.00	0.00	0.00	0.00	0.00	0.00	0.00	0.00	0.00	0.00	            0.00	0.00	0.00	0.00	0.00	0.00	0.00	0.00	0.00	0.00	0.00	0.00	0.00	0.00	0.00	0.00	0.00	-2,753.94	0.00	0.00	0.00	0.00	0.00	0.00	0.00	0.00	0.00	0.00	0.00	0.00	0.00	0.00	0.00	0.00
	500	4A	0	001	 2026	000000000001612040	000000000000000000	000000000000000000	INR		S	  016	OVL	MM1601	OE1	0000201920	JV			00000000	MMEP3BRE1B				NB		OVL			0000000000	00000000	             0.00	0.00	0.00	0.00	0.00	0.00	0.00	0.00	0.00	0.00	0.00	0.00	0.00	0.00	0.00	0.00	0.00	            0.00	0.00	0.00	0.00	0.00	0.00	0.00	0.00	0.00	0.00	0.00	0.00	0.00	0.00	0.00	0.00	0.00	      2,753.94	0.00	0.00	0.00	0.00	0.00	0.00	0.00	0.00	0.00	0.00	0.00	0.00	0.00	0.00	0.00	0.00
	500	4A	0	001	 2026	000000000001612041	000000000000000000	000000000000000000	INR		H	  016	OVL	MM1601	OE2	0000100298	JV			00000000	MMEP3BRE1B				NB		OVL			0000000000	00000000	-415,273.25	0.00	0.00	0.00	0.00	0.00	0.00	0.00	0.00	0.00	0.00	0.00	0.00	0.00	0.00	0.00	0.00	-415,273.25	0.00	0.00	0.00	0.00	0.00	0.00	0.00	0.00	0.00	0.00	0.00	0.00	0.00	0.00	0.00	0.00	-6,122.27	0.00	0.00	0.00	0.00	0.00	0.00	0.00	0.00	0.00	0.00	0.00	0.00	0.00	0.00	0.00	0.00
	500	4A	0	001	 2026	000000000001612041	000000000000000000	000000000000000000	INR		S	  016	OVL	MM1601	OE2	0000100298	JV			00000000	MMEP3BRE1B				NB		OVL			0000000000	00000000	       415,273.25	0.00	0.00	0.00	0.00	0.00	0.00	0.00	0.00	0.00	0.00	0.00	0.00	0.00	0.00	0.00	0.00	      415,273.25	0.00	0.00	0.00	0.00	0.00	0.00	0.00	0.00	0.00	0.00	0.00	0.00	0.00	0.00	0.00	0.00	      6,122.27	0.00	0.00	0.00	0.00	0.00	0.00	0.00	0.00	0.00	0.00	0.00	0.00	0.00	0.00	0.00	0.00
	500	4A	0	001	 2026	000000000001612042	000000000000000000	000000000000000000	INR		H	  016	OVL	MM1601	OE2	0000201920	JV			00000000	MMEP3BRE1B				NB		OVL			0000000000	00000000	             0.00	0.00	0.00	0.00	0.00	0.00	0.00	0.00	0.00	0.00	0.00	0.00	0.00	0.00	0.00	0.00	0.00	            0.00	0.00	0.00	0.00	0.00	0.00	0.00	0.00	0.00	0.00	0.00	0.00	0.00	0.00	0.00	0.00	0.00	-179.61	0.00	0.00	0.00	0.00	0.00	0.00	0.00	0.00	0.00	0.00	0.00	0.00	0.00	0.00	0.00	0.00
	500	4A	0	001	 2026	000000000001612042	000000000000000000	000000000000000000	INR		S	  016	OVL	MM1601	OE2	0000201920	JV			00000000	MMEP3BRE1B				NB		OVL			0000000000	00000000	             0.00	0.00	0.00	0.00	0.00	0.00	0.00	0.00	0.00	0.00	0.00	0.00	0.00	0.00	0.00	0.00	0.00	            0.00	0.00	0.00	0.00	0.00	0.00	0.00	0.00	0.00	0.00	0.00	0.00	0.00	0.00	0.00	0.00	0.00	        179.61	0.00	0.00	0.00	0.00	0.00	0.00	0.00	0.00	0.00	0.00	0.00	0.00	0.00	0.00	0.00	0.00
	500	4A	0	001	 2026	000000000001612042	000000000000000000	000000000000000000	USD		H	  016	OVL	MM1601	OE2	0000201920	JV			00000000	MMEP3BRE1B				NB		OVL			0000000000	00000000	-379.68	0.00	0.00	0.00	0.00	0.00	0.00	0.00	0.00	0.00	0.00	0.00	0.00	0.00	0.00	0.00	0.00	-1,764,013.50	0.00	0.00	0.00	0.00	0.00	0.00	0.00	0.00	0.00	0.00	0.00	0.00	0.00	0.00	0.00	0.00	-14,164.52	0.00	0.00	0.00	0.00	0.00	0.00	0.00	0.00	0.00	0.00	0.00	0.00	0.00	0.00	0.00	0.00
	500	4A	0	001	 2026	000000000001612042	000000000000000000	000000000000000000	USD		S	  016	OVL	MM1601	OE2	0000201920	JV			00000000	MMEP3BRE1B				NB		OVL			0000000000	00000000	           379.68	0.00	0.00	0.00	0.00	0.00	0.00	0.00	0.00	0.00	0.00	0.00	0.00	0.00	0.00	0.00	0.00	       60,054.84	0.00	0.00	0.00	0.00	0.00	0.00	0.00	0.00	0.00	0.00	0.00	0.00	0.00	0.00	0.00	0.00	     27,450.46	0.00	0.00	0.00	0.00	0.00	0.00	0.00	0.00	0.00	0.00	0.00	0.00	0.00	0.00	0.00	0.00
	500	4A	0	001	 2026	000000000001612061	000000000000000000	000000000000000000	INR		H	  016	OVL	MM1601	OE2	0000100298	JV	MMEP3BRE1B		00000000	MMEP3BRE1B				NB		OVL			0000000000	00000000	-1,580,370.00	0.00	0.00	0.00	0.00	0.00	0.00	0.00	0.00	0.00	0.00	0.00	0.00	0.00	0.00	0.00	0.00	-1,580,370.00	0.00	0.00	0.00	0.00	0.00	0.00	0.00	0.00	0.00	0.00	0.00	0.00	0.00	0.00	0.00	0.00	-24,750.00	0.00	0.00	0.00	0.00	0.00	0.00	0.00	0.00	0.00	0.00	0.00	0.00	0.00	0.00	0.00	0.00
	500	4A	0	001	 2026	000000000001612061	000000000000000000	000000000000000000	INR		S	  016	OVL	MM1601	OE2	0000100298	JV	MMEP3BRE1B		00000000	MMEP3BRE1B				NB		OVL			0000000000	00000000	     1,580,370.00	0.00	0.00	0.00	0.00	0.00	0.00	0.00	0.00	0.00	0.00	0.00	0.00	0.00	0.00	0.00	0.00	    1,580,370.00	0.00	0.00	0.00	0.00	0.00	0.00	0.00	0.00	0.00	0.00	0.00	0.00	0.00	0.00	0.00	0.00	     24,750.00	0.00	0.00	0.00	0.00	0.00	0.00	0.00	0.00	0.00	0.00	0.00	0.00	0.00	0.00	0.00	0.00
	500	4A	0	001	 2026	000000000001612062	000000000000000000	000000000000000000	INR		H	  016	OVL	MM1601	OE2	0000120170				00000000					NB					0000000000	00000000	-215,505.00	0.00	0.00	0.00	0.00	0.00	0.00	0.00	0.00	0.00	0.00	0.00	0.00	0.00	0.00	0.00	0.00	-215,505.00	0.00	0.00	0.00	0.00	0.00	0.00	0.00	0.00	0.00	0.00	0.00	0.00	0.00	0.00	0.00	0.00	-3,083.93	0.00	0.00	0.00	0.00	0.00	0.00	0.00	0.00	0.00	0.00	0.00	0.00	0.00	0.00	0.00	0.00
	500	4A	0	001	 2026	000000000001612062	000000000000000000	000000000000000000	INR		S	  016	OVL	MM1601	OE2	0000120170				00000000					NB					0000000000	00000000	     1,349,128.25	0.00	0.00	0.00	0.00	0.00	0.00	0.00	0.00	0.00	0.00	0.00	0.00	0.00	0.00	0.00	0.00	    1,349,128.25	0.00	0.00	0.00	0.00	0.00	0.00	0.00	0.00	0.00	0.00	0.00	0.00	0.00	0.00	0.00	0.00	     19,306.36	0.00	0.00	0.00	0.00	0.00	0.00	0.00	0.00	0.00	0.00	0.00	0.00	0.00	0.00	0.00	0.00
	500	4A	0	001	 2026	000000000001612062	000000000000000000	000000000000000000	USD		H	  016	OVL	MM1601	OE2	0000120170				00000000					NB					0000000000	00000000	-12,296.93	0.00	0.00	0.00	0.00	0.00	0.00	0.00	0.00	0.00	0.00	0.00	0.00	0.00	0.00	0.00	0.00	-831,542.07	0.00	0.00	0.00	0.00	0.00	0.00	0.00	0.00	0.00	0.00	0.00	0.00	0.00	0.00	0.00	0.00	-12,296.93	0.00	0.00	0.00	0.00	0.00	0.00	0.00	0.00	0.00	0.00	0.00	0.00	0.00	0.00	0.00	0.00
	500	4A	0	001	 2026	000000000001612063	000000000000000000	000000000000000000	INR		H	  016	OVL	MM1601	OE2	0000201920	JV	MMEP3BRE1B		00000000	MMEP3BRE1B				NB		OVL			0000000000	00000000	             0.00	0.00	0.00	0.00	0.00	0.00	0.00	0.00	0.00	0.00	0.00	0.00	0.00	0.00	0.00	0.00	0.00	            0.00	0.00	0.00	0.00	0.00	0.00	0.00	0.00	0.00	0.00	0.00	0.00	0.00	0.00	0.00	0.00	0.00	-2,134.51	0.00	0.00	0.00	0.00	0.00	0.00	0.00	0.00	0.00	0.00	0.00	0.00	0.00	0.00	0.00	0.00
	500	4A	0	001	 2026	000000000001612063	000000000000000000	000000000000000000	INR		S	  016	OVL	MM1601	OE2	0000201920	JV	MMEP3BRE1B		00000000	MMEP3BRE1B				NB		OVL			0000000000	00000000	             0.00	0.00	0.00	0.00	0.00	0.00	0.00	0.00	0.00	0.00	0.00	0.00	0.00	0.00	0.00	0.00	0.00	            0.00	0.00	0.00	0.00	0.00	0.00	0.00	0.00	0.00	0.00	0.00	0.00	0.00	0.00	0.00	0.00	0.00	      2,134.51	0.00	0.00	0.00	0.00	0.00	0.00	0.00	0.00	0.00	0.00	0.00	0.00	0.00	0.00	0.00	0.00
	500	4A	0	001	 2026	000000000001612594	000000000000000000	000000000000000000	INR		H	  016	OVL	MM1601	OE1	0000100298	JV	MMEP3BRE1B		00000000	MMEP3BRE1B				NB		OVL			0000000000	00000000	-242,605.79	0.00	0.00	0.00	0.00	0.00	0.00	0.00	0.00	0.00	0.00	0.00	0.00	0.00	0.00	0.00	0.00	-242,605.79	0.00	0.00	0.00	0.00	0.00	0.00	0.00	0.00	0.00	0.00	0.00	0.00	0.00	0.00	0.00	0.00	-3,653.21	0.00	0.00	0.00	0.00	0.00	0.00	0.00	0.00	0.00	0.00	0.00	0.00	0.00	0.00	0.00	0.00
	500	4A	0	001	 2026	000000000001612594	000000000000000000	000000000000000000	INR		S	  016	OVL	MM1601	OE1	0000100298	JV	MMEP3BRE1B		00000000	MMEP3BRE1B				NB		OVL			0000000000	00000000	       242,605.79	0.00	0.00	0.00	0.00	0.00	0.00	0.00	0.00	0.00	0.00	0.00	0.00	0.00	0.00	0.00	0.00	      242,605.79	0.00	0.00	0.00	0.00	0.00	0.00	0.00	0.00	0.00	0.00	0.00	0.00	0.00	0.00	0.00	0.00	      3,653.21	0.00	0.00	0.00	0.00	0.00	0.00	0.00	0.00	0.00	0.00	0.00	0.00	0.00	0.00	0.00	0.00
	500	4A	0	001	 2026	000000000001612595	000000000000000000	000000000000000000	INR		H	  016	OVL	MM1601	OE1	0000120170				00000000					NB					0000000000	00000000	-4,706,430.17	0.00	0.00	0.00	0.00	0.00	0.00	0.00	0.00	0.00	0.00	0.00	0.00	0.00	0.00	0.00	0.00	-4,706,430.17	0.00	0.00	0.00	0.00	0.00	0.00	0.00	0.00	0.00	0.00	0.00	0.00	0.00	0.00	0.00	0.00	-67,350.17	0.00	0.00	0.00	0.00	0.00	0.00	0.00	0.00	0.00	0.00	0.00	0.00	0.00	0.00	0.00	0.00
	500	4A	0	001	 2026	000000000001612595	000000000000000000	000000000000000000	INR		S	  016	OVL	MM1601	OE1	0000120170				00000000					NB					0000000000	00000000	     1,903,698.79	0.00	0.00	0.00	0.00	0.00	0.00	0.00	0.00	0.00	0.00	0.00	0.00	0.00	0.00	0.00	0.00	    1,903,698.79	0.00	0.00	0.00	0.00	0.00	0.00	0.00	0.00	0.00	0.00	0.00	0.00	0.00	0.00	0.00	0.00	     27,242.40	0.00	0.00	0.00	0.00	0.00	0.00	0.00	0.00	0.00	0.00	0.00	0.00	0.00	0.00	0.00	0.00
	500	4A	0	001	 2026	000000000001612596	000000000000000000	000000000000000000	INR		H	  016	OVL	MM1601	OE1	0000201920	JV	MMEP3BRE1B		00000000	MMEP3BRE1B				NB		OVL			0000000000	00000000	             0.00	0.00	0.00	0.00	0.00	0.00	0.00	0.00	0.00	0.00	0.00	0.00	0.00	0.00	0.00	0.00	0.00	            0.00	0.00	0.00	0.00	0.00	0.00	0.00	0.00	0.00	0.00	0.00	0.00	0.00	0.00	0.00	0.00	0.00	-181.46	0.00	0.00	0.00	0.00	0.00	0.00	0.00	0.00	0.00	0.00	0.00	0.00	0.00	0.00	0.00	0.00
	500	4A	0	001	 2026	000000000001612596	000000000000000000	000000000000000000	INR		S	  016	OVL	MM1601	OE1	0000201920	JV	MMEP3BRE1B		00000000	MMEP3BRE1B				NB		OVL			0000000000	00000000	             0.00	0.00	0.00	0.00	0.00	0.00	0.00	0.00	0.00	0.00	0.00	0.00	0.00	0.00	0.00	0.00	0.00	            0.00	0.00	0.00	0.00	0.00	0.00	0.00	0.00	0.00	0.00	0.00	0.00	0.00	0.00	0.00	0.00	0.00	        181.46	0.00	0.00	0.00	0.00	0.00	0.00	0.00	0.00	0.00	0.00	0.00	0.00	0.00	0.00	0.00	0.00
	500	4A	0	001	 2026	000000000001613384	000000000000000000	000000000000000000	MMK		H	  016	OVL	MM1601	OE2	0000201418	JV	MMEP3BRE1B		00000000	MMEP3BRE1B				BR		OVL			0000000000	00000000	-50,000.00	0.00	0.00	0.00	0.00	0.00	0.00	0.00	0.00	0.00	0.00	0.00	0.00	0.00	0.00	0.00	0.00	-2,021.65	0.00	0.00	0.00	0.00	0.00	0.00	0.00	0.00	0.00	0.00	0.00	0.00	0.00	0.00	0.00	0.00	-25.02	0.00	0.00	0.00	0.00	0.00	0.00	0.00	0.00	0.00	0.00	0.00	0.00	0.00	0.00	0.00	0.00
	500	4A	0	001	 2026	000000000001613384	000000000000000000	000000000000000000	MMK		S	  016	OVL	MM1601	OE2	0000201418	JV	MMEP3BRE1B		00000000	MMEP3BRE1B				BR		OVL			0000000000	00000000	       747,900.00	0.00	0.00	0.00	0.00	0.00	0.00	0.00	0.00	0.00	0.00	0.00	0.00	0.00	0.00	0.00	0.00	       33,985.74	0.00	0.00	0.00	0.00	0.00	0.00	0.00	0.00	0.00	0.00	0.00	0.00	0.00	0.00	0.00	0.00	        443.42	0.00	0.00	0.00	0.00	0.00	0.00	0.00	0.00	0.00	0.00	0.00	0.00	0.00	0.00	0.00	0.00
	500	4A	0	001	 2026	000000000001613385	000000000000000000	000000000000000000	MMK		H	  016	OVL	MM1601	OE2	0000201420	JV	MMEP3BRE1B		00000000	MMEP3BRE1B				BR		OVL			0000000000	00000000	-61,350.00	0.00	0.00	0.00	0.00	0.00	0.00	0.00	0.00	0.00	0.00	0.00	0.00	0.00	0.00	0.00	0.00	-2,776.24	0.00	0.00	0.00	0.00	0.00	0.00	0.00	0.00	0.00	0.00	0.00	0.00	0.00	0.00	0.00	0.00	-37.19	0.00	0.00	0.00	0.00	0.00	0.00	0.00	0.00	0.00	0.00	0.00	0.00	0.00	0.00	0.00	0.00
	500	4A	0	001	 2026	000000000001613385	000000000000000000	000000000000000000	MMK		S	  016	OVL	MM1601	OE2	0000201420	JV	MMEP3BRE1B		00000000	MMEP3BRE1B				BR		OVL			0000000000	00000000	     2,135,373.50	0.00	0.00	0.00	0.00	0.00	0.00	0.00	0.00	0.00	0.00	0.00	0.00	0.00	0.00	0.00	0.00	       87,245.50	0.00	0.00	0.00	0.00	0.00	0.00	0.00	0.00	0.00	0.00	0.00	0.00	0.00	0.00	0.00	0.00	      1,074.03	0.00	0.00	0.00	0.00	0.00	0.00	0.00	0.00	0.00	0.00	0.00	0.00	0.00	0.00	0.00	0.00
	500	4A	0	001	 2026	000000000001613425	000000000000000000	000000000000000000	USD		S	  016	OVL	MM1601	OE1	0000201922	JV			00000000	MMEP3BRE1B				NB		OVL			0000000000	00000000	             0.00	0.00	0.00	0.00	0.00	0.00	0.00	0.00	0.00	0.00	0.00	0.00	0.00	0.00	0.00	0.00	0.00	      713,518.00	0.00	0.00	0.00	0.00	0.00	0.00	0.00	0.00	0.00	0.00	0.00	0.00	0.00	0.00	0.00	0.00	          0.00	0.00	0.00	0.00	0.00	0.00	0.00	0.00	0.00	0.00	0.00	0.00	0.00	0.00	0.00	0.00	0.00
	500	4A	0	001	 2026	000000000001613426	000000000000000000	000000000000000000	USD		H	  016	OVL	MM1601	OE2	0000201922	JV			00000000	MMEP3BRE1B				NB		OVL			0000000000	00000000	-1,905.55	0.00	0.00	0.00	0.00	0.00	0.00	0.00	0.00	0.00	0.00	0.00	0.00	0.00	0.00	0.00	0.00	-4,722,237.57	0.00	0.00	0.00	0.00	0.00	0.00	0.00	0.00	0.00	0.00	0.00	0.00	0.00	0.00	0.00	0.00	-1,905.55	0.00	0.00	0.00	0.00	0.00	0.00	0.00	0.00	0.00	0.00	0.00	0.00	0.00	0.00	0.00	0.00
	500	4A	0	001	 2026	000000000001613426	000000000000000000	000000000000000000	USD		S	  016	OVL	MM1601	OE2	0000201922	JV			00000000	MMEP3BRE1B				NB		OVL			0000000000	00000000	           234.89	0.00	0.00	0.00	0.00	0.00	0.00	0.00	0.00	0.00	0.00	0.00	0.00	0.00	0.00	0.00	0.00	   10,605,713.84	0.00	0.00	0.00	0.00	0.00	0.00	0.00	0.00	0.00	0.00	0.00	0.00	0.00	0.00	0.00	0.00	        234.89	0.00	0.00	0.00	0.00	0.00	0.00	0.00	0.00	0.00	0.00	0.00	0.00	0.00	0.00	0.00	0.00
	500	4A	0	001	 2026	000000000001613448	000000000000000000	000000000000000000	MMK		H	  016	OVL	MM1601	OE2	0000201413	JV	MMEP3BRE1B		00000000	MMEP3BRE1B				BR		OVL			0000000000	00000000	-1,908,971.50	0.00	0.00	0.00	0.00	0.00	0.00	0.00	0.00	0.00	0.00	0.00	0.00	0.00	0.00	0.00	0.00	-89,969.83	0.00	0.00	0.00	0.00	0.00	0.00	0.00	0.00	0.00	0.00	0.00	0.00	0.00	0.00	0.00	0.00	-1,259.92	0.00	0.00	0.00	0.00	0.00	0.00	0.00	0.00	0.00	0.00	0.00	0.00	0.00	0.00	0.00	0.00
	500	4A	0	001	 2026	000000000001613448	000000000000000000	000000000000000000	MMK		S	  016	OVL	MM1601	OE2	0000201413	JV	MMEP3BRE1B		00000000	MMEP3BRE1B				BR		OVL			0000000000	00000000	     3,817,943.00	0.00	0.00	0.00	0.00	0.00	0.00	0.00	0.00	0.00	0.00	0.00	0.00	0.00	0.00	0.00	0.00	      179,939.66	0.00	0.00	0.00	0.00	0.00	0.00	0.00	0.00	0.00	0.00	0.00	0.00	0.00	0.00	0.00	0.00	      2,519.84	0.00	0.00	0.00	0.00	0.00	0.00	0.00	0.00	0.00	0.00	0.00	0.00	0.00	0.00	0.00	0.00
	500	4A	0	001	 2026	000000000001613448	000000000000000000	000000000000000000	USD		S	  016	OVL	MM1601	OE2	0000201413	JV	MMEP3BRE1B		00000000	MMEP3BRE1B				BR		OVL			0000000000	00000000	           146.25	0.00	0.00	0.00	0.00	0.00	0.00	0.00	0.00	0.00	0.00	0.00	0.00	0.00	0.00	0.00	0.00	       10,708.43	0.00	0.00	0.00	0.00	0.00	0.00	0.00	0.00	0.00	0.00	0.00	0.00	0.00	0.00	0.00	0.00	        146.25	0.00	0.00	0.00	0.00	0.00	0.00	0.00	0.00	0.00	0.00	0.00	0.00	0.00	0.00	0.00	0.00
	500	4A	0	001	 2026	000000000001613620	000000000000000000	000000000000000000	MMK		H	  016	OVL	MM1601	OE2	0000201418	JV	MMEP3BRE1B		00000000	MMEP3BRE1B				CB		OVL			0000000000	00000000	-697,900.00	0.00	0.00	0.00	0.00	0.00	0.00	0.00	0.00	0.00	0.00	0.00	0.00	0.00	0.00	0.00	0.00	-31,964.09	0.00	0.00	0.00	0.00	0.00	0.00	0.00	0.00	0.00	0.00	0.00	0.00	0.00	0.00	0.00	0.00	-418.40	0.00	0.00	0.00	0.00	0.00	0.00	0.00	0.00	0.00	0.00	0.00	0.00	0.00	0.00	0.00	0.00
	500	4A	0	001	 2026	000000000001613621	000000000000000000	000000000000000000	MMK		H	  016	OVL	MM1601	OE2	0000201420	JV	MMEP3BRE1B		00000000	MMEP3BRE1B				CB		OVL			0000000000	00000000	-2,076,023.50	0.00	0.00	0.00	0.00	0.00	0.00	0.00	0.00	0.00	0.00	0.00	0.00	0.00	0.00	0.00	0.00	-84,555.88	0.00	0.00	0.00	0.00	0.00	0.00	0.00	0.00	0.00	0.00	0.00	0.00	0.00	0.00	0.00	0.00	-1,037.80	0.00	0.00	0.00	0.00	0.00	0.00	0.00	0.00	0.00	0.00	0.00	0.00	0.00	0.00	0.00	0.00
	500	4A	0	001	 2026	000000000001613621	000000000000000000	000000000000000000	MMK		S	  016	OVL	MM1601	OE2	0000201420	JV	MMEP3BRE1B		00000000	MMEP3BRE1B				CB		OVL			0000000000	00000000	         2,000.00	0.00	0.00	0.00	0.00	0.00	0.00	0.00	0.00	0.00	0.00	0.00	0.00	0.00	0.00	0.00	0.00	           86.62	0.00	0.00	0.00	0.00	0.00	0.00	0.00	0.00	0.00	0.00	0.00	0.00	0.00	0.00	0.00	0.00	          0.96	0.00	0.00	0.00	0.00	0.00	0.00	0.00	0.00	0.00	0.00	0.00	0.00	0.00	0.00	0.00	0.00
	500	4A	0	001	 2026	000000000001613624	000000000000000000	000000000000000000	MMK		H	  016	OVL	MM1601	OE2	0000201413	JV	MMEP3BRE1B		00000000	MMEP3BRE1B				CB		OVL			0000000000	00000000	-1,908,971.50	0.00	0.00	0.00	0.00	0.00	0.00	0.00	0.00	0.00	0.00	0.00	0.00	0.00	0.00	0.00	0.00	-89,969.83	0.00	0.00	0.00	0.00	0.00	0.00	0.00	0.00	0.00	0.00	0.00	0.00	0.00	0.00	0.00	0.00	-1,259.92	0.00	0.00	0.00	0.00	0.00	0.00	0.00	0.00	0.00	0.00	0.00	0.00	0.00	0.00	0.00	0.00
	500	4A	0	001	 2026	000000000001613624	000000000000000000	000000000000000000	USD		H	  016	OVL	MM1601	OE2	0000201413	JV	MMEP3BRE1B		00000000	MMEP3BRE1B				CB		OVL			0000000000	00000000	-146.25	0.00	0.00	0.00	0.00	0.00	0.00	0.00	0.00	0.00	0.00	0.00	0.00	0.00	0.00	0.00	0.00	-10,708.43	0.00	0.00	0.00	0.00	0.00	0.00	0.00	0.00	0.00	0.00	0.00	0.00	0.00	0.00	0.00	0.00	-146.25	0.00	0.00	0.00	0.00	0.00	0.00	0.00	0.00	0.00	0.00	0.00	0.00	0.00	0.00	0.00	0.00
	500	4A	0	001	 2026	000000000001613700	000000000000000000	000000000000000000	INR		H	  016	OVL	MM1601	OE2	0000190699	JV	MMEP3BRE1B		00000000	MMEP3BRE1B				BR		OVL			0000000000	00000000	-757,166.87	0.00	0.00	0.00	0.00	0.00	0.00	0.00	0.00	0.00	0.00	0.00	0.00	0.00	0.00	0.00	0.00	-757,166.87	0.00	0.00	0.00	0.00	0.00	0.00	0.00	0.00	0.00	0.00	0.00	0.00	0.00	0.00	0.00	0.00	-10,860.11	0.00	0.00	0.00	0.00	0.00	0.00	0.00	0.00	0.00	0.00	0.00	0.00	0.00	0.00	0.00	0.00
	500	4A	0	001	 2026	000000000001613700	000000000000000000	000000000000000000	INR		S	  016	OVL	MM1601	OE2	0000190699	JV	MMEP3BRE1B		00000000	MMEP3BRE1B				BR		OVL			0000000000	00000000	       757,166.87	0.00	0.00	0.00	0.00	0.00	0.00	0.00	0.00	0.00	0.00	0.00	0.00	0.00	0.00	0.00	0.00	      757,166.87	0.00	0.00	0.00	0.00	0.00	0.00	0.00	0.00	0.00	0.00	0.00	0.00	0.00	0.00	0.00	0.00	     10,860.11	0.00	0.00	0.00	0.00	0.00	0.00	0.00	0.00	0.00	0.00	0.00	0.00	0.00	0.00	0.00	0.00
	500	4A	0	001	 2026	000000000001613700	000000000000000000	000000000000000000	MMK		H	  016	OVL	MM1601	OE2	0000190699	JV	MMEP3BRE1B		00000000	MMEP3BRE1B				BR		OVL			0000000000	00000000	-19,962,245.69	0.00	0.00	0.00	0.00	0.00	0.00	0.00	0.00	0.00	0.00	0.00	0.00	0.00	0.00	0.00	0.00	-984,937.20	0.00	0.00	0.00	0.00	0.00	0.00	0.00	0.00	0.00	0.00	0.00	0.00	0.00	0.00	0.00	0.00	-13,803.24	0.00	0.00	0.00	0.00	0.00	0.00	0.00	0.00	0.00	0.00	0.00	0.00	0.00	0.00	0.00	0.00
	500	4A	0	001	 2026	000000000001613700	000000000000000000	000000000000000000	MMK		S	  016	OVL	MM1601	OE2	0000190699	JV	MMEP3BRE1B		00000000	MMEP3BRE1B				BR		OVL			0000000000	00000000	    36,468,526.69	0.00	0.00	0.00	0.00	0.00	0.00	0.00	0.00	0.00	0.00	0.00	0.00	0.00	0.00	0.00	0.00	    1,742,104.07	0.00	0.00	0.00	0.00	0.00	0.00	0.00	0.00	0.00	0.00	0.00	0.00	0.00	0.00	0.00	0.00	     24,663.35	0.00	0.00	0.00	0.00	0.00	0.00	0.00	0.00	0.00	0.00	0.00	0.00	0.00	0.00	0.00	0.00
	500	4A	0	001	 2026	000000000001613700	000000000000000000	000000000000000000	USD		H	  016	OVL	MM1601	OE2	0000190699	JV	MMEP3BRE1B		00000000	MMEP3BRE1B				BR		OVL			0000000000	00000000	-97,570.08	0.00	0.00	0.00	0.00	0.00	0.00	0.00	0.00	0.00	0.00	0.00	0.00	0.00	0.00	0.00	0.00	-7,160,935.66	0.00	0.00	0.00	0.00	0.00	0.00	0.00	0.00	0.00	0.00	0.00	0.00	0.00	0.00	0.00	0.00	-100,237.20	0.00	0.00	0.00	0.00	0.00	0.00	0.00	0.00	0.00	0.00	0.00	0.00	0.00	0.00	0.00	0.00
	500	4A	0	001	 2026	000000000001613700	000000000000000000	000000000000000000	USD		S	  016	OVL	MM1601	OE2	0000190699	JV	MMEP3BRE1B		00000000	MMEP3BRE1B				BR		OVL			0000000000	00000000	        86,709.97	0.00	0.00	0.00	0.00	0.00	0.00	0.00	0.00	0.00	0.00	0.00	0.00	0.00	0.00	0.00	0.00	    6,403,768.79	0.00	0.00	0.00	0.00	0.00	0.00	0.00	0.00	0.00	0.00	0.00	0.00	0.00	0.00	0.00	0.00	     89,377.09	0.00	0.00	0.00	0.00	0.00	0.00	0.00	0.00	0.00	0.00	0.00	0.00	0.00	0.00	0.00	0.00
	500	4A	0	001	 2026	000000000001613792	000000000000000000	000000000000000000	INR		H	  016	OVL	MM1601	OE2	0000190699	JV	MMEP3BRE1B		00000000	MMEP3BRE1B				CB		OVL			0000000000	00000000	-757,166.87	0.00	0.00	0.00	0.00	0.00	0.00	0.00	0.00	0.00	0.00	0.00	0.00	0.00	0.00	0.00	0.00	-757,166.87	0.00	0.00	0.00	0.00	0.00	0.00	0.00	0.00	0.00	0.00	0.00	0.00	0.00	0.00	0.00	0.00	-10,860.11	0.00	0.00	0.00	0.00	0.00	0.00	0.00	0.00	0.00	0.00	0.00	0.00	0.00	0.00	0.00	0.00
	500	4A	0	001	 2026	000000000001613792	000000000000000000	000000000000000000	INR		S	  016	OVL	MM1601	OE2	0000190699	JV	MMEP3BRE1B		00000000	MMEP3BRE1B				CB		OVL			0000000000	00000000	       757,166.87	0.00	0.00	0.00	0.00	0.00	0.00	0.00	0.00	0.00	0.00	0.00	0.00	0.00	0.00	0.00	0.00	      757,166.87	0.00	0.00	0.00	0.00	0.00	0.00	0.00	0.00	0.00	0.00	0.00	0.00	0.00	0.00	0.00	0.00	     10,860.11	0.00	0.00	0.00	0.00	0.00	0.00	0.00	0.00	0.00	0.00	0.00	0.00	0.00	0.00	0.00	0.00
	500	4A	0	001	 2026	000000000001613792	000000000000000000	000000000000000000	MMK		H	  016	OVL	MM1601	OE2	0000190699	JV	MMEP3BRE1B		00000000	MMEP3BRE1B				CB		OVL			0000000000	00000000	-36,468,526.69	0.00	0.00	0.00	0.00	0.00	0.00	0.00	0.00	0.00	0.00	0.00	0.00	0.00	0.00	0.00	0.00	-1,742,104.07	0.00	0.00	0.00	0.00	0.00	0.00	0.00	0.00	0.00	0.00	0.00	0.00	0.00	0.00	0.00	0.00	-24,663.35	0.00	0.00	0.00	0.00	0.00	0.00	0.00	0.00	0.00	0.00	0.00	0.00	0.00	0.00	0.00	0.00
	500	4A	0	001	 2026	000000000001613792	000000000000000000	000000000000000000	MMK		S	  016	OVL	MM1601	OE2	0000190699	JV	MMEP3BRE1B		00000000	MMEP3BRE1B				CB		OVL			0000000000	00000000	    19,962,245.69	0.00	0.00	0.00	0.00	0.00	0.00	0.00	0.00	0.00	0.00	0.00	0.00	0.00	0.00	0.00	0.00	      984,937.20	0.00	0.00	0.00	0.00	0.00	0.00	0.00	0.00	0.00	0.00	0.00	0.00	0.00	0.00	0.00	0.00	     13,803.24	0.00	0.00	0.00	0.00	0.00	0.00	0.00	0.00	0.00	0.00	0.00	0.00	0.00	0.00	0.00	0.00
	500	4A	0	001	 2026	000000000001613792	000000000000000000	000000000000000000	USD		H	  016	OVL	MM1601	OE2	0000190699	JV	MMEP3BRE1B		00000000	MMEP3BRE1B				CB		OVL			0000000000	00000000	-60,216.92	0.00	0.00	0.00	0.00	0.00	0.00	0.00	0.00	0.00	0.00	0.00	0.00	0.00	0.00	0.00	0.00	-4,942,264.11	0.00	0.00	0.00	0.00	0.00	0.00	0.00	0.00	0.00	0.00	0.00	0.00	0.00	0.00	0.00	0.00	-69,016.20	0.00	0.00	0.00	0.00	0.00	0.00	0.00	0.00	0.00	0.00	0.00	0.00	0.00	0.00	0.00	0.00
	500	4A	0	001	 2026	000000000001613792	000000000000000000	000000000000000000	USD		S	  016	OVL	MM1601	OE2	0000190699	JV	MMEP3BRE1B		00000000	MMEP3BRE1B				CB		OVL			0000000000	00000000	        71,077.03	0.00	0.00	0.00	0.00	0.00	0.00	0.00	0.00	0.00	0.00	0.00	0.00	0.00	0.00	0.00	0.00	    5,699,430.98	0.00	0.00	0.00	0.00	0.00	0.00	0.00	0.00	0.00	0.00	0.00	0.00	0.00	0.00	0.00	0.00	     79,876.31	0.00	0.00	0.00	0.00	0.00	0.00	0.00	0.00	0.00	0.00	0.00	0.00	0.00	0.00	0.00	0.00
	500	4A	0	001	 2026	000000000001614155	000000000000000000	000000000000000000	USD		S	  016	OVL	MM1601	OE2	0000321011	JV			00000000	MMEP3BRE1B				NB		OVL			0000000000	00000000	        12,296.93	0.00	0.00	0.00	0.00	0.00	0.00	0.00	0.00	0.00	0.00	0.00	0.00	0.00	0.00	0.00	0.00	      831,542.07	0.00	0.00	0.00	0.00	0.00	0.00	0.00	0.00	0.00	0.00	0.00	0.00	0.00	0.00	0.00	0.00	     12,296.93	0.00	0.00	0.00	0.00	0.00	0.00	0.00	0.00	0.00	0.00	0.00	0.00	0.00	0.00	0.00	0.00
	500	4A	0	001	 2026	000000000001620481	000000000000000000	000000000000000000	MMK		S	  016	OVL	MM1601	OE2	0000010431	JV	MMEP3BRE1B		00000000	MMEP3BRE1B	000104008877	0000	100	BR		OVL			0000000000	00000000	       712,350.00	0.00	0.00	0.00	0.00	0.00	0.00	0.00	0.00	0.00	0.00	0.00	0.00	0.00	0.00	0.00	0.00	       33,145.65	0.00	0.00	0.00	0.00	0.00	0.00	0.00	0.00	0.00	0.00	0.00	0.00	0.00	0.00	0.00	0.00	        463.03	0.00	0.00	0.00	0.00	0.00	0.00	0.00	0.00	0.00	0.00	0.00	0.00	0.00	0.00	0.00	0.00
	500	4A	0	001	 2026	000000000001620693	000000000000000000	000000000000000000	MMK		H	  016	OVL	MM1601	OE2	0000230391	JV			00000000	MMEP3BRE1B				BR		OVL			0000000000	00000000	-28,135,507.00	0.00	0.00	0.00	0.00	0.00	0.00	0.00	0.00	0.00	0.00	0.00	0.00	0.00	0.00	0.00	0.00	-1,238,013.37	0.00	0.00	0.00	0.00	0.00	0.00	0.00	0.00	0.00	0.00	0.00	0.00	0.00	0.00	0.00	0.00	-16,379.05	0.00	0.00	0.00	0.00	0.00	0.00	0.00	0.00	0.00	0.00	0.00	0.00	0.00	0.00	0.00	0.00
	500	4A	0	001	 2026	000000000001620762	000000000000000000	000000000000000000	MMK		S	  016	OVL	MM1601	OE2	0000230391	JV			00000000	MMEP3BRE1B				CB		OVL			0000000000	00000000	    28,135,507.00	0.00	0.00	0.00	0.00	0.00	0.00	0.00	0.00	0.00	0.00	0.00	0.00	0.00	0.00	0.00	0.00	    1,238,013.37	0.00	0.00	0.00	0.00	0.00	0.00	0.00	0.00	0.00	0.00	0.00	0.00	0.00	0.00	0.00	0.00	     16,379.05	0.00	0.00	0.00	0.00	0.00	0.00	0.00	0.00	0.00	0.00	0.00	0.00	0.00	0.00	0.00	0.00
	500	4A	0	001	 2026	000000000001620764	000000000000000000	000000000000000000	MMK		H	  016	OVL	MM1601	OE2	0000010431	JV	MMEP3BRE1B		00000000	MMEP3BRE1B	000104008877	0000	100	CB		OVL			0000000000	00000000	-712,350.00	0.00	0.00	0.00	0.00	0.00	0.00	0.00	0.00	0.00	0.00	0.00	0.00	0.00	0.00	0.00	0.00	-33,145.65	0.00	0.00	0.00	0.00	0.00	0.00	0.00	0.00	0.00	0.00	0.00	0.00	0.00	0.00	0.00	0.00	-463.03	0.00	0.00	0.00	0.00	0.00	0.00	0.00	0.00	0.00	0.00	0.00	0.00	0.00	0.00	0.00	0.00
	500	4A	0	001	 2026	000000000001621213	000000000000000000	000000000000000000	MMK		S	  016	OVL	MM1601	OE2	0000201205	JV	MMEP3BRE1B		00000000	MMEP3BRE1B				BR		OVL			0000000000	00000000	         1,000.00	0.00	0.00	0.00	0.00	0.00	0.00	0.00	0.00	0.00	0.00	0.00	0.00	0.00	0.00	0.00	0.00	           44.86	0.00	0.00	0.00	0.00	0.00	0.00	0.00	0.00	0.00	0.00	0.00	0.00	0.00	0.00	0.00	0.00	          0.65	0.00	0.00	0.00	0.00	0.00	0.00	0.00	0.00	0.00	0.00	0.00	0.00	0.00	0.00	0.00	0.00
	500	4A	0	001	 2026	000000000001621476	000000000000000000	000000000000000000	MMK		H	  016	OVL	MM1601	OE2	0000201205	JV	MMEP3BRE1B		00000000	MMEP3BRE1B				CB		OVL			0000000000	00000000	-1,000.00	0.00	0.00	0.00	0.00	0.00	0.00	0.00	0.00	0.00	0.00	0.00	0.00	0.00	0.00	0.00	0.00	-44.86	0.00	0.00	0.00	0.00	0.00	0.00	0.00	0.00	0.00	0.00	0.00	0.00	0.00	0.00	0.00	0.00	-0.65	0.00	0.00	0.00	0.00	0.00	0.00	0.00	0.00	0.00	0.00	0.00	0.00	0.00	0.00	0.00	0.00
	500	4A	0	001	 2026	000000000001622951	000000000000000000	000000000000000000	MMK		H	  016	OVL	MM1601	OE2	0000096214	JV			00000000	MMEP3BRE1B				BR		OVL			0000000000	00000000	-144,974,494.19	0.00	0.00	0.00	0.00	0.00	0.00	0.00	0.00	0.00	0.00	0.00	0.00	0.00	0.00	0.00	0.00	-5,981,609.51	0.00	0.00	0.00	0.00	0.00	0.00	0.00	0.00	0.00	0.00	0.00	0.00	0.00	0.00	0.00	0.00	-70,560.57	0.00	0.00	0.00	0.00	0.00	0.00	0.00	0.00	0.00	0.00	0.00	0.00	0.00	0.00	0.00	0.00
	500	4A	0	001	 2026	000000000001622951	000000000000000000	000000000000000000	MMK		S	  016	OVL	MM1601	OE2	0000096214	JV			00000000	MMEP3BRE1B				BR		OVL			0000000000	00000000	    72,960,464.69	0.00	0.00	0.00	0.00	0.00	0.00	0.00	0.00	0.00	0.00	0.00	0.00	0.00	0.00	0.00	0.00	    3,032,536.91	0.00	0.00	0.00	0.00	0.00	0.00	0.00	0.00	0.00	0.00	0.00	0.00	0.00	0.00	0.00	0.00	     35,083.34	0.00	0.00	0.00	0.00	0.00	0.00	0.00	0.00	0.00	0.00	0.00	0.00	0.00	0.00	0.00	0.00
	500	4A	0	001	 2026	000000000001623099	000000000000000000	000000000000000000	MMK		H	  016	OVL	MM1601	OE2	0000096489	JV			00000000	MMEP3BRE1B				BR		OVL			0000000000	00000000	-53,520,947.80	0.00	0.00	0.00	0.00	0.00	0.00	0.00	0.00	0.00	0.00	0.00	0.00	0.00	0.00	0.00	0.00	-2,410,642.66	0.00	0.00	0.00	0.00	0.00	0.00	0.00	0.00	0.00	0.00	0.00	0.00	0.00	0.00	0.00	0.00	-32,357.01	0.00	0.00	0.00	0.00	0.00	0.00	0.00	0.00	0.00	0.00	0.00	0.00	0.00	0.00	0.00	0.00
	500	4A	0	001	 2026	000000000001623099	000000000000000000	000000000000000000	MMK		S	  016	OVL	MM1601	OE2	0000096489	JV			00000000	MMEP3BRE1B				BR		OVL			0000000000	00000000	    26,126,881.00	0.00	0.00	0.00	0.00	0.00	0.00	0.00	0.00	0.00	0.00	0.00	0.00	0.00	0.00	0.00	0.00	    1,081,756.52	0.00	0.00	0.00	0.00	0.00	0.00	0.00	0.00	0.00	0.00	0.00	0.00	0.00	0.00	0.00	0.00	     13,729.07	0.00	0.00	0.00	0.00	0.00	0.00	0.00	0.00	0.00	0.00	0.00	0.00	0.00	0.00	0.00	0.00
	500	4A	0	001	 2026	000000000001623134	000000000000000000	000000000000000000	MMK		S	  016	OVL	MM1601	OE2	0000010434	JV	MMEP3BRE1B		00000000	MMEP3BRE1B	000104008966	0000	100	BR		OVL			0000000000	00000000	     7,279,125.00	0.00	0.00	0.00	0.00	0.00	0.00	0.00	0.00	0.00	0.00	0.00	0.00	0.00	0.00	0.00	0.00	      353,110.35	0.00	0.00	0.00	0.00	0.00	0.00	0.00	0.00	0.00	0.00	0.00	0.00	0.00	0.00	0.00	0.00	      4,949.81	0.00	0.00	0.00	0.00	0.00	0.00	0.00	0.00	0.00	0.00	0.00	0.00	0.00	0.00	0.00	0.00
	500	4A	0	001	 2026	000000000001623395	000000000000000000	000000000000000000	MMK		H	  016	OVL	MM1601	OE2	0000096214	JV			00000000	MMEP3BRE1B				CB		OVL			0000000000	00000000	-30,553,434.00	0.00	0.00	0.00	0.00	0.00	0.00	0.00	0.00	0.00	0.00	0.00	0.00	0.00	0.00	0.00	0.00	-1,248,905.27	0.00	0.00	0.00	0.00	0.00	0.00	0.00	0.00	0.00	0.00	0.00	0.00	0.00	0.00	0.00	0.00	-14,351.11	0.00	0.00	0.00	0.00	0.00	0.00	0.00	0.00	0.00	0.00	0.00	0.00	0.00	0.00	0.00	0.00
	500	4A	0	001	 2026	000000000001623395	000000000000000000	000000000000000000	MMK		S	  016	OVL	MM1601	OE2	0000096214	JV			00000000	MMEP3BRE1B				CB		OVL			0000000000	00000000	   102,567,463.50	0.00	0.00	0.00	0.00	0.00	0.00	0.00	0.00	0.00	0.00	0.00	0.00	0.00	0.00	0.00	0.00	    4,197,977.87	0.00	0.00	0.00	0.00	0.00	0.00	0.00	0.00	0.00	0.00	0.00	0.00	0.00	0.00	0.00	0.00	     49,828.34	0.00	0.00	0.00	0.00	0.00	0.00	0.00	0.00	0.00	0.00	0.00	0.00	0.00	0.00	0.00	0.00
	500	4A	0	001	 2026	000000000001623396	000000000000000000	000000000000000000	MMK		H	  016	OVL	MM1601	OE2	0000096489	JV			00000000	MMEP3BRE1B				CB		OVL			0000000000	00000000	-8,486,881.00	0.00	0.00	0.00	0.00	0.00	0.00	0.00	0.00	0.00	0.00	0.00	0.00	0.00	0.00	0.00	0.00	-386,916.92	0.00	0.00	0.00	0.00	0.00	0.00	0.00	0.00	0.00	0.00	0.00	0.00	0.00	0.00	0.00	0.00	-5,261.87	0.00	0.00	0.00	0.00	0.00	0.00	0.00	0.00	0.00	0.00	0.00	0.00	0.00	0.00	0.00	0.00
	500	4A	0	001	 2026	000000000001623396	000000000000000000	000000000000000000	MMK		S	  016	OVL	MM1601	OE2	0000096489	JV			00000000	MMEP3BRE1B				CB		OVL			0000000000	00000000	    35,880,947.80	0.00	0.00	0.00	0.00	0.00	0.00	0.00	0.00	0.00	0.00	0.00	0.00	0.00	0.00	0.00	0.00	    1,715,803.06	0.00	0.00	0.00	0.00	0.00	0.00	0.00	0.00	0.00	0.00	0.00	0.00	0.00	0.00	0.00	0.00	     23,889.81	0.00	0.00	0.00	0.00	0.00	0.00	0.00	0.00	0.00	0.00	0.00	0.00	0.00	0.00	0.00	0.00
	500	4A	0	001	 2026	000000000001623397	000000000000000000	000000000000000000	MMK		H	  016	OVL	MM1601	OE2	0000100701	JV			00000000	MMEP3BNE1B				PC		OVL			0000000000	00000000	-52,690,674.49	0.00	0.00	0.00	0.00	0.00	0.00	0.00	0.00	0.00	0.00	0.00	0.00	0.00	0.00	0.00	0.00	-2,573,423.32	0.00	0.00	0.00	0.00	0.00	0.00	0.00	0.00	0.00	0.00	0.00	0.00	0.00	0.00	0.00	0.00	-36,068.56	0.00	0.00	0.00	0.00	0.00	0.00	0.00	0.00	0.00	0.00	0.00	0.00	0.00	0.00	0.00	0.00
	500	4A	0	001	 2026	000000000001623397	000000000000000000	000000000000000000	MMK		S	  016	OVL	MM1601	OE2	0000100701	JV			00000000	MMEP3BNE1B				PC		OVL			0000000000	00000000	    77,913,397.44	0.00	0.00	0.00	0.00	0.00	0.00	0.00	0.00	0.00	0.00	0.00	0.00	0.00	0.00	0.00	0.00	    3,818,344.58	0.00	0.00	0.00	0.00	0.00	0.00	0.00	0.00	0.00	0.00	0.00	0.00	0.00	0.00	0.00	0.00	     53,534.74	0.00	0.00	0.00	0.00	0.00	0.00	0.00	0.00	0.00	0.00	0.00	0.00	0.00	0.00	0.00	0.00
	500	4A	0	001	 2026	000000000001623397	000000000000000000	000000000000000000	USD		H	  016	OVL	MM1601	OE2	0000100701	JV			00000000	MMEP3BNE1B				PC		OVL			0000000000	00000000	-597,274.17	0.00	0.00	0.00	0.00	0.00	0.00	0.00	0.00	0.00	0.00	0.00	0.00	0.00	0.00	0.00	0.00	-42,853,828.05	0.00	0.00	0.00	0.00	0.00	0.00	0.00	0.00	0.00	0.00	0.00	0.00	0.00	0.00	0.00	0.00	-597,274.17	0.00	0.00	0.00	0.00	0.00	0.00	0.00	0.00	0.00	0.00	0.00	0.00	0.00	0.00	0.00	0.00
	500	4A	0	001	 2026	000000000001623397	000000000000000000	000000000000000000	USD		S	  016	OVL	MM1601	OE2	0000100701	JV			00000000	MMEP3BNE1B				PC		OVL			0000000000	00000000	       563,110.85	0.00	0.00	0.00	0.00	0.00	0.00	0.00	0.00	0.00	0.00	0.00	0.00	0.00	0.00	0.00	0.00	   38,420,942.25	0.00	0.00	0.00	0.00	0.00	0.00	0.00	0.00	0.00	0.00	0.00	0.00	0.00	0.00	0.00	0.00	    563,110.85	0.00	0.00	0.00	0.00	0.00	0.00	0.00	0.00	0.00	0.00	0.00	0.00	0.00	0.00	0.00	0.00
	500	4A	0	001	 2026	000000000001623400	000000000000000000	000000000000000000	MMK		H	  016	OVL	MM1601	OE2	0000010434	JV	MMEP3BRE1B		00000000	MMEP3BRE1B	000104008966	0000	100	CB		OVL			0000000000	00000000	-7,279,125.00	0.00	0.00	0.00	0.00	0.00	0.00	0.00	0.00	0.00	0.00	0.00	0.00	0.00	0.00	0.00	0.00	-353,110.35	0.00	0.00	0.00	0.00	0.00	0.00	0.00	0.00	0.00	0.00	0.00	0.00	0.00	0.00	0.00	0.00	-4,949.81	0.00	0.00	0.00	0.00	0.00	0.00	0.00	0.00	0.00	0.00	0.00	0.00	0.00	0.00	0.00	0.00
	500	4A	0	001	 2026	000000000001623509	000000000000000000	000000000000000000	MMK		H	  016	OVL	MM1601	OE2	0000096214	JV	MMEP3BRE1B		00000000	MMEP3BRE1B				BR		OVL			0000000000	00000000	-1,449,021.00	0.00	0.00	0.00	0.00	0.00	0.00	0.00	0.00	0.00	0.00	0.00	0.00	0.00	0.00	0.00	0.00	-76,856.07	0.00	0.00	0.00	0.00	0.00	0.00	0.00	0.00	0.00	0.00	0.00	0.00	0.00	0.00	0.00	0.00	-1,028.80	0.00	0.00	0.00	0.00	0.00	0.00	0.00	0.00	0.00	0.00	0.00	0.00	0.00	0.00	0.00	0.00
	500	4A	0	001	 2026	000000000001623509	000000000000000000	000000000000000000	MMK		S	  016	OVL	MM1601	OE2	0000096214	JV	MMEP3BRE1B		00000000	MMEP3BRE1B				BR		OVL			0000000000	00000000	     5,783,383.00	0.00	0.00	0.00	0.00	0.00	0.00	0.00	0.00	0.00	0.00	0.00	0.00	0.00	0.00	0.00	0.00	      287,115.97	0.00	0.00	0.00	0.00	0.00	0.00	0.00	0.00	0.00	0.00	0.00	0.00	0.00	0.00	0.00	0.00	      3,976.17	0.00	0.00	0.00	0.00	0.00	0.00	0.00	0.00	0.00	0.00	0.00	0.00	0.00	0.00	0.00	0.00
	500	4A	0	001	 2026	000000000001623560	000000000000000000	000000000000000000	USD		H	  016	OVL	MM1601	OE2	0000209929	JV	MMEP3BRE1G		00000000	MMEP3BRE1D				BR		OVL			0000000000	00000000	-122,851.34	0.00	0.00	0.00	0.00	0.00	0.00	0.00	0.00	0.00	0.00	0.00	0.00	0.00	0.00	0.00	0.00	-9,275,172.01	0.00	0.00	0.00	0.00	0.00	0.00	0.00	0.00	0.00	0.00	0.00	0.00	0.00	0.00	0.00	0.00	-122,851.34	0.00	0.00	0.00	0.00	0.00	0.00	0.00	0.00	0.00	0.00	0.00	0.00	0.00	0.00	0.00	0.00
	500	4A	0	001	 2026	000000000001623560	000000000000000000	000000000000000000	USD		S	  016	OVL	MM1601	OE2	0000209929	JV	MMEP3BRE1G		00000000	MMEP3BRE1D				BR		OVL			0000000000	00000000	     1,314,721.34	0.00	0.00	0.00	0.00	0.00	0.00	0.00	0.00	0.00	0.00	0.00	0.00	0.00	0.00	0.00	0.00	  104,929,523.91	0.00	0.00	0.00	0.00	0.00	0.00	0.00	0.00	0.00	0.00	0.00	0.00	0.00	0.00	0.00	0.00	  1,314,721.34	0.00	0.00	0.00	0.00	0.00	0.00	0.00	0.00	0.00	0.00	0.00	0.00	0.00	0.00	0.00	0.00
	500	4A	0	001	 2026	000000000001623568	000000000000000000	000000000000000000	MMK		H	  016	OVL	MM1601	OE2	0000096214	JV	MMEP3BRE1B		00000000	MMEP3BRE1B				CB		OVL			0000000000	00000000	-5,783,383.00	0.00	0.00	0.00	0.00	0.00	0.00	0.00	0.00	0.00	0.00	0.00	0.00	0.00	0.00	0.00	0.00	-287,115.97	0.00	0.00	0.00	0.00	0.00	0.00	0.00	0.00	0.00	0.00	0.00	0.00	0.00	0.00	0.00	0.00	-3,976.17	0.00	0.00	0.00	0.00	0.00	0.00	0.00	0.00	0.00	0.00	0.00	0.00	0.00	0.00	0.00	0.00
	500	4A	0	001	 2026	000000000001623568	000000000000000000	000000000000000000	MMK		S	  016	OVL	MM1601	OE2	0000096214	JV	MMEP3BRE1B		00000000	MMEP3BRE1B				CB		OVL			0000000000	00000000	     1,449,021.00	0.00	0.00	0.00	0.00	0.00	0.00	0.00	0.00	0.00	0.00	0.00	0.00	0.00	0.00	0.00	0.00	       76,856.07	0.00	0.00	0.00	0.00	0.00	0.00	0.00	0.00	0.00	0.00	0.00	0.00	0.00	0.00	0.00	0.00	      1,028.80	0.00	0.00	0.00	0.00	0.00	0.00	0.00	0.00	0.00	0.00	0.00	0.00	0.00	0.00	0.00	0.00
	500	4A	0	001	 2026	000000000001623570	000000000000000000	000000000000000000	USD		H	  016	OVL	MM1601	OE2	0000209929	JV	MMEP3BRE1G		00000000	MMEP3BRE1D				CB		OVL			0000000000	00000000	-1,191,870.00	0.00	0.00	0.00	0.00	0.00	0.00	0.00	0.00	0.00	0.00	0.00	0.00	0.00	0.00	0.00	0.00	-95,654,351.90	0.00	0.00	0.00	0.00	0.00	0.00	0.00	0.00	0.00	0.00	0.00	0.00	0.00	0.00	0.00	0.00	-1,191,870.00	0.00	0.00	0.00	0.00	0.00	0.00	0.00	0.00	0.00	0.00	0.00	0.00	0.00	0.00	0.00	0.00
	500	4A	0	001	 2026	000000000001623626	000000000000000000	000000000000000000	MMK		S	  016	OVL	MM1601	OE2	0000096489	JV	MMEP3BRE1B		00000000	MMEP3BRE1B				BR		OVL			0000000000	00000000	    27,394,066.81	0.00	0.00	0.00	0.00	0.00	0.00	0.00	0.00	0.00	0.00	0.00	0.00	0.00	0.00	0.00	0.00	    1,328,886.18	0.00	0.00	0.00	0.00	0.00	0.00	0.00	0.00	0.00	0.00	0.00	0.00	0.00	0.00	0.00	0.00	     18,627.97	0.00	0.00	0.00	0.00	0.00	0.00	0.00	0.00	0.00	0.00	0.00	0.00	0.00	0.00	0.00	0.00
	500	4A	0	001	 2026	000000000001623627	000000000000000000	000000000000000000	MMK		H	  016	OVL	MM1601	OE2	0000096489	JV	MMEP3BRE1B		00000000	MMEP3BRE1B				CB		OVL			0000000000	00000000	-27,394,066.81	0.00	0.00	0.00	0.00	0.00	0.00	0.00	0.00	0.00	0.00	0.00	0.00	0.00	0.00	0.00	0.00	-1,328,886.18	0.00	0.00	0.00	0.00	0.00	0.00	0.00	0.00	0.00	0.00	0.00	0.00	0.00	0.00	0.00	0.00	-18,627.97	0.00	0.00	0.00	0.00	0.00	0.00	0.00	0.00	0.00	0.00	0.00	0.00	0.00	0.00	0.00	0.00
	500	4A	0	001	 2026	000000000001627573	000000000000000000	000000000000000000	INR		S	  016	OVL	MM1601	OE2	0000201701	JV	MMEP3BRE1B		00000000	MMEP3BRE1B				CP		OVL			0000000000	00000000	       460,361.00	0.00	0.00	0.00	0.00	0.00	0.00	0.00	0.00	0.00	0.00	0.00	0.00	0.00	0.00	0.00	0.00	      460,361.00	0.00	0.00	0.00	0.00	0.00	0.00	0.00	0.00	0.00	0.00	0.00	0.00	0.00	0.00	0.00	0.00	      6,156.06	0.00	0.00	0.00	0.00	0.00	0.00	0.00	0.00	0.00	0.00	0.00	0.00	0.00	0.00	0.00	0.00
	500	4A	0	001	 2026	000000000001627614	000000000000000000	000000000000000000	MMK		S	  016	OVL	MM1601	OE2	0000200855	JV	MMEP3BRE1B		00000000	MMEP3BRE1B				BR		OVL			0000000000	00000000	    10,537,800.00	0.00	0.00	0.00	0.00	0.00	0.00	0.00	0.00	0.00	0.00	0.00	0.00	0.00	0.00	0.00	0.00	      566,750.23	0.00	0.00	0.00	0.00	0.00	0.00	0.00	0.00	0.00	0.00	0.00	0.00	0.00	0.00	0.00	0.00	      7,593.22	0.00	0.00	0.00	0.00	0.00	0.00	0.00	0.00	0.00	0.00	0.00	0.00	0.00	0.00	0.00	0.00
	500	4A	0	001	 2026	000000000001627614	000000000000000000	000000000000000000	USD		H	  016	OVL	MM1601	OE2	0000200855	JV	MMEP3BRE1B		00000000	MMEP3BRE1B				BR		OVL			0000000000	00000000	-4,052.26	0.00	0.00	0.00	0.00	0.00	0.00	0.00	0.00	0.00	0.00	0.00	0.00	0.00	0.00	0.00	0.00	-301,001.87	0.00	0.00	0.00	0.00	0.00	0.00	0.00	0.00	0.00	0.00	0.00	0.00	0.00	0.00	0.00	0.00	-4,052.26	0.00	0.00	0.00	0.00	0.00	0.00	0.00	0.00	0.00	0.00	0.00	0.00	0.00	0.00	0.00	0.00
	500	4A	0	001	 2026	000000000001627614	000000000000000000	000000000000000000	USD		S	  016	OVL	MM1601	OE2	0000200855	JV	MMEP3BRE1B		00000000	MMEP3BRE1B				BR		OVL			0000000000	00000000	        54,508.13	0.00	0.00	0.00	0.00	0.00	0.00	0.00	0.00	0.00	0.00	0.00	0.00	0.00	0.00	0.00	0.00	    4,284,264.43	0.00	0.00	0.00	0.00	0.00	0.00	0.00	0.00	0.00	0.00	0.00	0.00	0.00	0.00	0.00	0.00	     54,508.13	0.00	0.00	0.00	0.00	0.00	0.00	0.00	0.00	0.00	0.00	0.00	0.00	0.00	0.00	0.00	0.00
	500	4A	0	001	 2026	000000000001627653	000000000000000000	000000000000000000	MMK		H	  016	OVL	MM1601	OE2	0000200855	JV	MMEP3BRE1B		00000000	MMEP3BRE1B				CB		OVL			0000000000	00000000	-10,537,800.00	0.00	0.00	0.00	0.00	0.00	0.00	0.00	0.00	0.00	0.00	0.00	0.00	0.00	0.00	0.00	0.00	-566,750.23	0.00	0.00	0.00	0.00	0.00	0.00	0.00	0.00	0.00	0.00	0.00	0.00	0.00	0.00	0.00	0.00	-7,593.22	0.00	0.00	0.00	0.00	0.00	0.00	0.00	0.00	0.00	0.00	0.00	0.00	0.00	0.00	0.00	0.00
	500	4A	0	001	 2026	000000000001627653	000000000000000000	000000000000000000	USD		H	  016	OVL	MM1601	OE2	0000200855	JV	MMEP3BRE1B		00000000	MMEP3BRE1B				CB		OVL			0000000000	00000000	-50,455.87	0.00	0.00	0.00	0.00	0.00	0.00	0.00	0.00	0.00	0.00	0.00	0.00	0.00	0.00	0.00	0.00	-3,983,262.56	0.00	0.00	0.00	0.00	0.00	0.00	0.00	0.00	0.00	0.00	0.00	0.00	0.00	0.00	0.00	0.00	-50,455.87	0.00	0.00	0.00	0.00	0.00	0.00	0.00	0.00	0.00	0.00	0.00	0.00	0.00	0.00	0.00	0.00
	500	4A	0	001	 2026	000000000001628103	000000000000000000	000000000000000000	MMK		S	  016	OVL	MM1601	OE2	0000200449	JV			00129950	MMEP3BRE1B				BR		OVL			0000000000	00000000	     3,333,066.00	0.00	0.00	0.00	0.00	0.00	0.00	0.00	0.00	0.00	0.00	0.00	0.00	0.00	0.00	0.00	0.00	      142,005.49	0.00	0.00	0.00	0.00	0.00	0.00	0.00	0.00	0.00	0.00	0.00	0.00	0.00	0.00	0.00	0.00	      1,903.72	0.00	0.00	0.00	0.00	0.00	0.00	0.00	0.00	0.00	0.00	0.00	0.00	0.00	0.00	0.00	0.00
	500	4A	0	001	 2026	000000000001628103	000000000000000000	000000000000000000	USD		H	  016	OVL	MM1601	OE2	0000200449	JV			00129950	MMEP3BRE1B				BR		OVL			0000000000	00000000	-409.50	0.00	0.00	0.00	0.00	0.00	0.00	0.00	0.00	0.00	0.00	0.00	0.00	0.00	0.00	0.00	0.00	-30,499.56	0.00	0.00	0.00	0.00	0.00	0.00	0.00	0.00	0.00	0.00	0.00	0.00	0.00	0.00	0.00	0.00	-409.50	0.00	0.00	0.00	0.00	0.00	0.00	0.00	0.00	0.00	0.00	0.00	0.00	0.00	0.00	0.00	0.00
	500	4A	0	001	 2026	000000000001628103	000000000000000000	000000000000000000	USD		S	  016	OVL	MM1601	OE2	0000200449	JV			00129950	MMEP3BRE1B				BR		OVL			0000000000	00000000	           819.00	0.00	0.00	0.00	0.00	0.00	0.00	0.00	0.00	0.00	0.00	0.00	0.00	0.00	0.00	0.00	0.00	       60,999.12	0.00	0.00	0.00	0.00	0.00	0.00	0.00	0.00	0.00	0.00	0.00	0.00	0.00	0.00	0.00	0.00	        819.00	0.00	0.00	0.00	0.00	0.00	0.00	0.00	0.00	0.00	0.00	0.00	0.00	0.00	0.00	0.00	0.00
	500	4A	0	001	 2026	000000000001628104	000000000000000000	000000000000000000	MMK		S	  016	OVL	MM1601	OE2	0000201427	JV			00129950	MMEP3BRE1B				BR		OVL			0000000000	00000000	        15,000.00	0.00	0.00	0.00	0.00	0.00	0.00	0.00	0.00	0.00	0.00	0.00	0.00	0.00	0.00	0.00	0.00	          661.88	0.00	0.00	0.00	0.00	0.00	0.00	0.00	0.00	0.00	0.00	0.00	0.00	0.00	0.00	0.00	0.00	          8.90	0.00	0.00	0.00	0.00	0.00	0.00	0.00	0.00	0.00	0.00	0.00	0.00	0.00	0.00	0.00	0.00
	500	4A	0	001	 2026	000000000001628144	000000000000000000	000000000000000000	MMK		S	  016	OVL	MM1601	OE2	0000200820	JV			00129950	MMEP3BRE1B				BR		OVL			0000000000	00000000	       117,775.00	0.00	0.00	0.00	0.00	0.00	0.00	0.00	0.00	0.00	0.00	0.00	0.00	0.00	0.00	0.00	0.00	        5,308.50	0.00	0.00	0.00	0.00	0.00	0.00	0.00	0.00	0.00	0.00	0.00	0.00	0.00	0.00	0.00	0.00	         71.51	0.00	0.00	0.00	0.00	0.00	0.00	0.00	0.00	0.00	0.00	0.00	0.00	0.00	0.00	0.00	0.00
	500	4A	0	001	 2026	000000000001628145	000000000000000000	000000000000000000	MMK		S	  016	OVL	MM1601	OE2	0000201412	JV			00129950	MMEP3BRE1B				BR		OVL			0000000000	00000000	       270,000.00	0.00	0.00	0.00	0.00	0.00	0.00	0.00	0.00	0.00	0.00	0.00	0.00	0.00	0.00	0.00	0.00	       14,998.50	0.00	0.00	0.00	0.00	0.00	0.00	0.00	0.00	0.00	0.00	0.00	0.00	0.00	0.00	0.00	0.00	        205.20	0.00	0.00	0.00	0.00	0.00	0.00	0.00	0.00	0.00	0.00	0.00	0.00	0.00	0.00	0.00	0.00
	500	4A	0	001	 2026	000000000001628146	000000000000000000	000000000000000000	MMK		S	  016	OVL	MM1601	OE2	0000201419	JV			00129950	MMEP3BRE1B				BR		OVL			0000000000	00000000	        13,790.00	0.00	0.00	0.00	0.00	0.00	0.00	0.00	0.00	0.00	0.00	0.00	0.00	0.00	0.00	0.00	0.00	          597.54	0.00	0.00	0.00	0.00	0.00	0.00	0.00	0.00	0.00	0.00	0.00	0.00	0.00	0.00	0.00	0.00	          8.02	0.00	0.00	0.00	0.00	0.00	0.00	0.00	0.00	0.00	0.00	0.00	0.00	0.00	0.00	0.00	0.00
	500	4A	0	001	 2026	000000000001628244	000000000000000000	000000000000000000	MMK		H	  016	OVL	MM1601	OE2	0000200449	JV			00129950	MMEP3BRE1B				CB		OVL			0000000000	00000000	-3,333,066.00	0.00	0.00	0.00	0.00	0.00	0.00	0.00	0.00	0.00	0.00	0.00	0.00	0.00	0.00	0.00	0.00	-142,005.49	0.00	0.00	0.00	0.00	0.00	0.00	0.00	0.00	0.00	0.00	0.00	0.00	0.00	0.00	0.00	0.00	-1,903.72	0.00	0.00	0.00	0.00	0.00	0.00	0.00	0.00	0.00	0.00	0.00	0.00	0.00	0.00	0.00	0.00
	500	4A	0	001	 2026	000000000001628244	000000000000000000	000000000000000000	USD		H	  016	OVL	MM1601	OE2	0000200449	JV			00129950	MMEP3BRE1B				CB		OVL			0000000000	00000000	-409.50	0.00	0.00	0.00	0.00	0.00	0.00	0.00	0.00	0.00	0.00	0.00	0.00	0.00	0.00	0.00	0.00	-30,499.56	0.00	0.00	0.00	0.00	0.00	0.00	0.00	0.00	0.00	0.00	0.00	0.00	0.00	0.00	0.00	0.00	-409.50	0.00	0.00	0.00	0.00	0.00	0.00	0.00	0.00	0.00	0.00	0.00	0.00	0.00	0.00	0.00	0.00
	500	4A	0	001	 2026	000000000001628245	000000000000000000	000000000000000000	MMK		H	  016	OVL	MM1601	OE2	0000200820	JV			00129950	MMEP3BRE1B				CB		OVL			0000000000	00000000	-117,775.00	0.00	0.00	0.00	0.00	0.00	0.00	0.00	0.00	0.00	0.00	0.00	0.00	0.00	0.00	0.00	0.00	-5,308.50	0.00	0.00	0.00	0.00	0.00	0.00	0.00	0.00	0.00	0.00	0.00	0.00	0.00	0.00	0.00	0.00	-71.51	0.00	0.00	0.00	0.00	0.00	0.00	0.00	0.00	0.00	0.00	0.00	0.00	0.00	0.00	0.00	0.00
	500	4A	0	001	 2026	000000000001628246	000000000000000000	000000000000000000	MMK		H	  016	OVL	MM1601	OE2	0000201412	JV			00129950	MMEP3BRE1B				CB		OVL			0000000000	00000000	-270,000.00	0.00	0.00	0.00	0.00	0.00	0.00	0.00	0.00	0.00	0.00	0.00	0.00	0.00	0.00	0.00	0.00	-14,998.50	0.00	0.00	0.00	0.00	0.00	0.00	0.00	0.00	0.00	0.00	0.00	0.00	0.00	0.00	0.00	0.00	-205.20	0.00	0.00	0.00	0.00	0.00	0.00	0.00	0.00	0.00	0.00	0.00	0.00	0.00	0.00	0.00	0.00
	500	4A	0	001	 2026	000000000001628247	000000000000000000	000000000000000000	MMK		H	  016	OVL	MM1601	OE2	0000201419	JV			00129950	MMEP3BRE1B				CB		OVL			0000000000	00000000	-13,790.00	0.00	0.00	0.00	0.00	0.00	0.00	0.00	0.00	0.00	0.00	0.00	0.00	0.00	0.00	0.00	0.00	-597.54	0.00	0.00	0.00	0.00	0.00	0.00	0.00	0.00	0.00	0.00	0.00	0.00	0.00	0.00	0.00	0.00	-8.02	0.00	0.00	0.00	0.00	0.00	0.00	0.00	0.00	0.00	0.00	0.00	0.00	0.00	0.00	0.00	0.00
	500	4A	0	001	 2026	000000000001628248	000000000000000000	000000000000000000	MMK		H	  016	OVL	MM1601	OE2	0000201427	JV			00129950	MMEP3BRE1B				CB		OVL			0000000000	00000000	-15,000.00	0.00	0.00	0.00	0.00	0.00	0.00	0.00	0.00	0.00	0.00	0.00	0.00	0.00	0.00	0.00	0.00	-661.88	0.00	0.00	0.00	0.00	0.00	0.00	0.00	0.00	0.00	0.00	0.00	0.00	0.00	0.00	0.00	0.00	-8.90	0.00	0.00	0.00	0.00	0.00	0.00	0.00	0.00	0.00	0.00	0.00	0.00	0.00	0.00	0.00	0.00
	500	4A	0	001	 2026	000000000001628789	000000000000000000	000000000000000000	MMK		S	  016	OVL	MM1601	OE2	0000200842	JV	MMEP3BRE1B		00000000	MMEP3BRE1B				BR		OVL			0000000000	00000000	     1,128,885.00	0.00	0.00	0.00	0.00	0.00	0.00	0.00	0.00	0.00	0.00	0.00	0.00	0.00	0.00	0.00	0.00	       63,227.48	0.00	0.00	0.00	0.00	0.00	0.00	0.00	0.00	0.00	0.00	0.00	0.00	0.00	0.00	0.00	0.00	        857.77	0.00	0.00	0.00	0.00	0.00	0.00	0.00	0.00	0.00	0.00	0.00	0.00	0.00	0.00	0.00	0.00
	500	4A	0	001	 2026	000000000001628789	000000000000000000	000000000000000000	USD		H	  016	OVL	MM1601	OE2	0000200842	JV	MMEP3BRE1B		00000000	MMEP3BRE1B				BR		OVL			0000000000	00000000	-26,881.25	0.00	0.00	0.00	0.00	0.00	0.00	0.00	0.00	0.00	0.00	0.00	0.00	0.00	0.00	0.00	0.00	-2,115,814.69	0.00	0.00	0.00	0.00	0.00	0.00	0.00	0.00	0.00	0.00	0.00	0.00	0.00	0.00	0.00	0.00	-26,881.25	0.00	0.00	0.00	0.00	0.00	0.00	0.00	0.00	0.00	0.00	0.00	0.00	0.00	0.00	0.00	0.00
	500	4A	0	001	 2026	000000000001628789	000000000000000000	000000000000000000	USD		S	  016	OVL	MM1601	OE2	0000200842	JV	MMEP3BRE1B		00000000	MMEP3BRE1B				BR		OVL			0000000000	00000000	        61,731.25	0.00	0.00	0.00	0.00	0.00	0.00	0.00	0.00	0.00	0.00	0.00	0.00	0.00	0.00	0.00	0.00	    4,678,335.19	0.00	0.00	0.00	0.00	0.00	0.00	0.00	0.00	0.00	0.00	0.00	0.00	0.00	0.00	0.00	0.00	     61,731.25	0.00	0.00	0.00	0.00	0.00	0.00	0.00	0.00	0.00	0.00	0.00	0.00	0.00	0.00	0.00	0.00
	500	4A	0	001	 2026	000000000001628792	000000000000000000	000000000000000000	MMK		S	  016	OVL	MM1601	OE2	0000200886	JV			00129950	MMEP3BRE1B				BR		OVL			0000000000	00000000	     1,544,812.25	0.00	0.00	0.00	0.00	0.00	0.00	0.00	0.00	0.00	0.00	0.00	0.00	0.00	0.00	0.00	0.00	       84,918.33	0.00	0.00	0.00	0.00	0.00	0.00	0.00	0.00	0.00	0.00	0.00	0.00	0.00	0.00	0.00	0.00	      1,158.61	0.00	0.00	0.00	0.00	0.00	0.00	0.00	0.00	0.00	0.00	0.00	0.00	0.00	0.00	0.00	0.00
	500	4A	0	001	 2026	000000000001628792	000000000000000000	000000000000000000	USD		S	  016	OVL	MM1601	OE2	0000200886	JV			00129950	MMEP3BRE1B				BR		OVL			0000000000	00000000	        45,555.90	0.00	0.00	0.00	0.00	0.00	0.00	0.00	0.00	0.00	0.00	0.00	0.00	0.00	0.00	0.00	0.00	    3,335,603.00	0.00	0.00	0.00	0.00	0.00	0.00	0.00	0.00	0.00	0.00	0.00	0.00	0.00	0.00	0.00	0.00	     45,555.90	0.00	0.00	0.00	0.00	0.00	0.00	0.00	0.00	0.00	0.00	0.00	0.00	0.00	0.00	0.00	0.00
	500	4A	0	001	 2026	000000000001628853	000000000000000000	000000000000000000	MMK		S	  016	OVL	MM1601	OE2	0000200886	JV			00129951	MMEP3BRE1B				BR		OVL			0000000000	00000000	     1,544,812.25	0.00	0.00	0.00	0.00	0.00	0.00	0.00	0.00	0.00	0.00	0.00	0.00	0.00	0.00	0.00	0.00	       84,918.33	0.00	0.00	0.00	0.00	0.00	0.00	0.00	0.00	0.00	0.00	0.00	0.00	0.00	0.00	0.00	0.00	      1,158.61	0.00	0.00	0.00	0.00	0.00	0.00	0.00	0.00	0.00	0.00	0.00	0.00	0.00	0.00	0.00	0.00
	500	4A	0	001	 2026	000000000001628853	000000000000000000	000000000000000000	USD		S	  016	OVL	MM1601	OE2	0000200886	JV			00129951	MMEP3BRE1B				BR		OVL			0000000000	00000000	        45,555.90	0.00	0.00	0.00	0.00	0.00	0.00	0.00	0.00	0.00	0.00	0.00	0.00	0.00	0.00	0.00	0.00	    3,335,603.00	0.00	0.00	0.00	0.00	0.00	0.00	0.00	0.00	0.00	0.00	0.00	0.00	0.00	0.00	0.00	0.00	     45,555.90	0.00	0.00	0.00	0.00	0.00	0.00	0.00	0.00	0.00	0.00	0.00	0.00	0.00	0.00	0.00	0.00
	500	4A	0	001	 2026	000000000001628880	000000000000000000	000000000000000000	MMK		H	  016	OVL	MM1601	OE2	0000200842	JV	MMEP3BRE1B		00000000	MMEP3BRE1B				CB		OVL			0000000000	00000000	-1,128,885.00	0.00	0.00	0.00	0.00	0.00	0.00	0.00	0.00	0.00	0.00	0.00	0.00	0.00	0.00	0.00	0.00	-63,227.48	0.00	0.00	0.00	0.00	0.00	0.00	0.00	0.00	0.00	0.00	0.00	0.00	0.00	0.00	0.00	0.00	-857.77	0.00	0.00	0.00	0.00	0.00	0.00	0.00	0.00	0.00	0.00	0.00	0.00	0.00	0.00	0.00	0.00
	500	4A	0	001	 2026	000000000001628880	000000000000000000	000000000000000000	USD		H	  016	OVL	MM1601	OE2	0000200842	JV	MMEP3BRE1B		00000000	MMEP3BRE1B				CB		OVL			0000000000	00000000	-61,731.25	0.00	0.00	0.00	0.00	0.00	0.00	0.00	0.00	0.00	0.00	0.00	0.00	0.00	0.00	0.00	0.00	-4,678,335.19	0.00	0.00	0.00	0.00	0.00	0.00	0.00	0.00	0.00	0.00	0.00	0.00	0.00	0.00	0.00	0.00	-61,731.25	0.00	0.00	0.00	0.00	0.00	0.00	0.00	0.00	0.00	0.00	0.00	0.00	0.00	0.00	0.00	0.00
	500	4A	0	001	 2026	000000000001628880	000000000000000000	000000000000000000	USD		S	  016	OVL	MM1601	OE2	0000200842	JV	MMEP3BRE1B		00000000	MMEP3BRE1B				CB		OVL			0000000000	00000000	        26,881.25	0.00	0.00	0.00	0.00	0.00	0.00	0.00	0.00	0.00	0.00	0.00	0.00	0.00	0.00	0.00	0.00	    2,115,814.69	0.00	0.00	0.00	0.00	0.00	0.00	0.00	0.00	0.00	0.00	0.00	0.00	0.00	0.00	0.00	0.00	     26,881.25	0.00	0.00	0.00	0.00	0.00	0.00	0.00	0.00	0.00	0.00	0.00	0.00	0.00	0.00	0.00	0.00
	500	4A	0	001	 2026	000000000001628882	000000000000000000	000000000000000000	MMK		H	  016	OVL	MM1601	OE2	0000200886	JV			00129950	MMEP3BRE1B				CB		OVL			0000000000	00000000	-1,544,812.25	0.00	0.00	0.00	0.00	0.00	0.00	0.00	0.00	0.00	0.00	0.00	0.00	0.00	0.00	0.00	0.00	-84,918.33	0.00	0.00	0.00	0.00	0.00	0.00	0.00	0.00	0.00	0.00	0.00	0.00	0.00	0.00	0.00	0.00	-1,158.61	0.00	0.00	0.00	0.00	0.00	0.00	0.00	0.00	0.00	0.00	0.00	0.00	0.00	0.00	0.00	0.00
	500	4A	0	001	 2026	000000000001628882	000000000000000000	000000000000000000	USD		H	  016	OVL	MM1601	OE2	0000200886	JV			00129950	MMEP3BRE1B				CB		OVL			0000000000	00000000	-45,555.90	0.00	0.00	0.00	0.00	0.00	0.00	0.00	0.00	0.00	0.00	0.00	0.00	0.00	0.00	0.00	0.00	-3,335,603.00	0.00	0.00	0.00	0.00	0.00	0.00	0.00	0.00	0.00	0.00	0.00	0.00	0.00	0.00	0.00	0.00	-45,555.90	0.00	0.00	0.00	0.00	0.00	0.00	0.00	0.00	0.00	0.00	0.00	0.00	0.00	0.00	0.00	0.00
	500	4A	0	001	 2026	000000000001628883	000000000000000000	000000000000000000	MMK		H	  016	OVL	MM1601	OE2	0000200886	JV			00129951	MMEP3BRE1B				CB		OVL			0000000000	00000000	-1,544,812.25	0.00	0.00	0.00	0.00	0.00	0.00	0.00	0.00	0.00	0.00	0.00	0.00	0.00	0.00	0.00	0.00	-84,918.33	0.00	0.00	0.00	0.00	0.00	0.00	0.00	0.00	0.00	0.00	0.00	0.00	0.00	0.00	0.00	0.00	-1,158.61	0.00	0.00	0.00	0.00	0.00	0.00	0.00	0.00	0.00	0.00	0.00	0.00	0.00	0.00	0.00	0.00
	500	4A	0	001	 2026	000000000001628883	000000000000000000	000000000000000000	USD		H	  016	OVL	MM1601	OE2	0000200886	JV			00129951	MMEP3BRE1B				CB		OVL			0000000000	00000000	-45,555.90	0.00	0.00	0.00	0.00	0.00	0.00	0.00	0.00	0.00	0.00	0.00	0.00	0.00	0.00	0.00	0.00	-3,335,603.00	0.00	0.00	0.00	0.00	0.00	0.00	0.00	0.00	0.00	0.00	0.00	0.00	0.00	0.00	0.00	0.00	-45,555.90	0.00	0.00	0.00	0.00	0.00	0.00	0.00	0.00	0.00	0.00	0.00	0.00	0.00	0.00	0.00	0.00
	500	4A	0	001	 2026	000000000001629794	000000000000000000	000000000000000000	MMK		S	  016	OVL	MM1601	OE2	0000160206	JV			00129950	MMEP3BRE1B				BR		OVL			0000000000	00000000	             0.00	0.00	0.00	0.00	0.00	0.00	0.00	0.00	0.00	0.00	0.00	0.00	0.00	0.00	0.00	0.00	0.00	            0.00	0.00	0.00	0.00	0.00	0.00	0.00	0.00	0.00	0.00	0.00	0.00	0.00	0.00	0.00	0.00	0.00	          0.00	0.00	0.00	0.00	0.00	0.00	0.00	0.00	0.00	0.00	0.00	0.00	0.00	0.00	0.00	0.00	0.00
	500	4A	0	001	 2026	000000000001629794	000000000000000000	000000000000000000	USD		H	  016	OVL	MM1601	OE2	0000160206	JV			00129950	MMEP3BRE1B				BR		OVL			0000000000	00000000	             0.00	0.00	0.00	0.00	0.00	0.00	0.00	0.00	0.00	0.00	0.00	0.00	0.00	0.00	0.00	0.00	0.00	            0.00	0.00	0.00	0.00	0.00	0.00	0.00	0.00	0.00	0.00	0.00	0.00	0.00	0.00	0.00	0.00	0.00	          0.00	0.00	0.00	0.00	0.00	0.00	0.00	0.00	0.00	0.00	0.00	0.00	0.00	0.00	0.00	0.00	0.00
	500	4A	0	001	 2026	000000000001629794	000000000000000000	000000000000000000	USD		S	  016	OVL	MM1601	OE2	0000160206	JV			00129950	MMEP3BRE1B				BR		OVL			0000000000	00000000	             0.00	0.00	0.00	0.00	0.00	0.00	0.00	0.00	0.00	0.00	0.00	0.00	0.00	0.00	0.00	0.00	0.00	            0.00	0.00	0.00	0.00	0.00	0.00	0.00	0.00	0.00	0.00	0.00	0.00	0.00	0.00	0.00	0.00	0.00	          0.00	0.00	0.00	0.00	0.00	0.00	0.00	0.00	0.00	0.00	0.00	0.00	0.00	0.00	0.00	0.00	0.00
	500	4A	0	001	 2026	000000000001629795	000000000000000000	000000000000000000	MMK		S	  016	OVL	MM1601	OE2	0000160206	JV			00129951	MMEP3BRE1B				BR		OVL			0000000000	00000000	             0.00	0.00	0.00	0.00	0.00	0.00	0.00	0.00	0.00	0.00	0.00	0.00	0.00	0.00	0.00	0.00	0.00	            0.00	0.00	0.00	0.00	0.00	0.00	0.00	0.00	0.00	0.00	0.00	0.00	0.00	0.00	0.00	0.00	0.00	          0.00	0.00	0.00	0.00	0.00	0.00	0.00	0.00	0.00	0.00	0.00	0.00	0.00	0.00	0.00	0.00	0.00
	500	4A	0	001	 2026	000000000001629795	000000000000000000	000000000000000000	USD		H	  016	OVL	MM1601	OE2	0000160206	JV			00129951	MMEP3BRE1B				BR		OVL			0000000000	00000000	             0.00	0.00	0.00	0.00	0.00	0.00	0.00	0.00	0.00	0.00	0.00	0.00	0.00	0.00	0.00	0.00	0.00	            0.00	0.00	0.00	0.00	0.00	0.00	0.00	0.00	0.00	0.00	0.00	0.00	0.00	0.00	0.00	0.00	0.00	          0.00	0.00	0.00	0.00	0.00	0.00	0.00	0.00	0.00	0.00	0.00	0.00	0.00	0.00	0.00	0.00	0.00
	500	4A	0	001	 2026	000000000001629795	000000000000000000	000000000000000000	USD		S	  016	OVL	MM1601	OE2	0000160206	JV			00129951	MMEP3BRE1B				BR		OVL			0000000000	00000000	             0.00	0.00	0.00	0.00	0.00	0.00	0.00	0.00	0.00	0.00	0.00	0.00	0.00	0.00	0.00	0.00	0.00	            0.00	0.00	0.00	0.00	0.00	0.00	0.00	0.00	0.00	0.00	0.00	0.00	0.00	0.00	0.00	0.00	0.00	          0.00	0.00	0.00	0.00	0.00	0.00	0.00	0.00	0.00	0.00	0.00	0.00	0.00	0.00	0.00	0.00	0.00
	500	4A	0	001	 2026	000000000001629796	000000000000000000	000000000000000000	USD		H	  016	OVL	MM1601	OE2	0000160206	JV	MMEP3BRE1G		00000000	MMEP3BRE1D				BR		OVL			0000000000	00000000	             0.00	0.00	0.00	0.00	0.00	0.00	0.00	0.00	0.00	0.00	0.00	0.00	0.00	0.00	0.00	0.00	0.00	            0.00	0.00	0.00	0.00	0.00	0.00	0.00	0.00	0.00	0.00	0.00	0.00	0.00	0.00	0.00	0.00	0.00	          0.00	0.00	0.00	0.00	0.00	0.00	0.00	0.00	0.00	0.00	0.00	0.00	0.00	0.00	0.00	0.00	0.00
	500	4A	0	001	 2026	000000000001629796	000000000000000000	000000000000000000	USD		S	  016	OVL	MM1601	OE2	0000160206	JV	MMEP3BRE1G		00000000	MMEP3BRE1D				BR		OVL			0000000000	00000000	             0.00	0.00	0.00	0.00	0.00	0.00	0.00	0.00	0.00	0.00	0.00	0.00	0.00	0.00	0.00	0.00	0.00	            0.00	0.00	0.00	0.00	0.00	0.00	0.00	0.00	0.00	0.00	0.00	0.00	0.00	0.00	0.00	0.00	0.00	          0.00	0.00	0.00	0.00	0.00	0.00	0.00	0.00	0.00	0.00	0.00	0.00	0.00	0.00	0.00	0.00	0.00
	500	4A	0	001	 2026	000000000001629797	000000000000000000	000000000000000000	MMK		H	  016	OVL	MM1601	OE2	0000160206	JV			00129950	MMEP3BRE1B				CB		OVL			0000000000	00000000	             0.00	0.00	0.00	0.00	0.00	0.00	0.00	0.00	0.00	0.00	0.00	0.00	0.00	0.00	0.00	0.00	0.00	            0.00	0.00	0.00	0.00	0.00	0.00	0.00	0.00	0.00	0.00	0.00	0.00	0.00	0.00	0.00	0.00	0.00	          0.00	0.00	0.00	0.00	0.00	0.00	0.00	0.00	0.00	0.00	0.00	0.00	0.00	0.00	0.00	0.00	0.00
	500	4A	0	001	 2026	000000000001629797	000000000000000000	000000000000000000	USD		H	  016	OVL	MM1601	OE2	0000160206	JV			00129950	MMEP3BRE1B				CB		OVL			0000000000	00000000	             0.00	0.00	0.00	0.00	0.00	0.00	0.00	0.00	0.00	0.00	0.00	0.00	0.00	0.00	0.00	0.00	0.00	            0.00	0.00	0.00	0.00	0.00	0.00	0.00	0.00	0.00	0.00	0.00	0.00	0.00	0.00	0.00	0.00	0.00	          0.00	0.00	0.00	0.00	0.00	0.00	0.00	0.00	0.00	0.00	0.00	0.00	0.00	0.00	0.00	0.00	0.00
	500	4A	0	001	 2026	000000000001629798	000000000000000000	000000000000000000	MMK		H	  016	OVL	MM1601	OE2	0000160206	JV			00129951	MMEP3BRE1B				CB		OVL			0000000000	00000000	             0.00	0.00	0.00	0.00	0.00	0.00	0.00	0.00	0.00	0.00	0.00	0.00	0.00	0.00	0.00	0.00	0.00	            0.00	0.00	0.00	0.00	0.00	0.00	0.00	0.00	0.00	0.00	0.00	0.00	0.00	0.00	0.00	0.00	0.00	          0.00	0.00	0.00	0.00	0.00	0.00	0.00	0.00	0.00	0.00	0.00	0.00	0.00	0.00	0.00	0.00	0.00
	500	4A	0	001	 2026	000000000001629798	000000000000000000	000000000000000000	USD		H	  016	OVL	MM1601	OE2	0000160206	JV			00129951	MMEP3BRE1B				CB		OVL			0000000000	00000000	             0.00	0.00	0.00	0.00	0.00	0.00	0.00	0.00	0.00	0.00	0.00	0.00	0.00	0.00	0.00	0.00	0.00	            0.00	0.00	0.00	0.00	0.00	0.00	0.00	0.00	0.00	0.00	0.00	0.00	0.00	0.00	0.00	0.00	0.00	          0.00	0.00	0.00	0.00	0.00	0.00	0.00	0.00	0.00	0.00	0.00	0.00	0.00	0.00	0.00	0.00	0.00
	500	4A	0	001	 2026	000000000001629799	000000000000000000	000000000000000000	USD		H	  016	OVL	MM1601	OE2	0000160206	JV	MMEP3BRE1G		00000000	MMEP3BRE1D				CB		OVL			0000000000	00000000	             0.00	0.00	0.00	0.00	0.00	0.00	0.00	0.00	0.00	0.00	0.00	0.00	0.00	0.00	0.00	0.00	0.00	            0.00	0.00	0.00	0.00	0.00	0.00	0.00	0.00	0.00	0.00	0.00	0.00	0.00	0.00	0.00	0.00	0.00	          0.00	0.00	0.00	0.00	0.00	0.00	0.00	0.00	0.00	0.00	0.00	0.00	0.00	0.00	0.00	0.00	0.00
	500	4A	0	001	 2026	000000000001629800	000000000000000000	000000000000000000	INR		H	  016	OVL	MM1601	OE1	0000160206	JV			00000000	MMEP3BRE1B				NB		OVL			0000000000	00000000	             0.00	0.00	0.00	0.00	0.00	0.00	0.00	0.00	0.00	0.00	0.00	0.00	0.00	0.00	0.00	0.00	0.00	            0.00	0.00	0.00	0.00	0.00	0.00	0.00	0.00	0.00	0.00	0.00	0.00	0.00	0.00	0.00	0.00	0.00	          0.00	0.00	0.00	0.00	0.00	0.00	0.00	0.00	0.00	0.00	0.00	0.00	0.00	0.00	0.00	0.00	0.00
	500	4A	0	001	 2026	000000000001629800	000000000000000000	000000000000000000	INR		S	  016	OVL	MM1601	OE1	0000160206	JV			00000000	MMEP3BRE1B				NB		OVL			0000000000	00000000	             0.00	0.00	0.00	0.00	0.00	0.00	0.00	0.00	0.00	0.00	0.00	0.00	0.00	0.00	0.00	0.00	0.00	            0.00	0.00	0.00	0.00	0.00	0.00	0.00	0.00	0.00	0.00	0.00	0.00	0.00	0.00	0.00	0.00	0.00	          0.00	0.00	0.00	0.00	0.00	0.00	0.00	0.00	0.00	0.00	0.00	0.00	0.00	0.00	0.00	0.00	0.00
	500	4A	0	001	 2026	000000000001629800	000000000000000000	000000000000000000	USD		S	  016	OVL	MM1601	OE1	0000160206	JV			00000000	MMEP3BRE1B				NB		OVL			0000000000	00000000	             0.00	0.00	0.00	0.00	0.00	0.00	0.00	0.00	0.00	0.00	0.00	0.00	0.00	0.00	0.00	0.00	0.00	            0.00	0.00	0.00	0.00	0.00	0.00	0.00	0.00	0.00	0.00	0.00	0.00	0.00	0.00	0.00	0.00	0.00	          0.00	0.00	0.00	0.00	0.00	0.00	0.00	0.00	0.00	0.00	0.00	0.00	0.00	0.00	0.00	0.00	0.00
	500	4A	0	001	 2026	000000000001629801	000000000000000000	000000000000000000	INR		H	  016	OVL	MM1601	OE1	0000160206	JV	MMEP3BRE1B		00000000	MMEP3BRE1B				NB		OVL			0000000000	00000000	             0.00	0.00	0.00	0.00	0.00	0.00	0.00	0.00	0.00	0.00	0.00	0.00	0.00	0.00	0.00	0.00	0.00	            0.00	0.00	0.00	0.00	0.00	0.00	0.00	0.00	0.00	0.00	0.00	0.00	0.00	0.00	0.00	0.00	0.00	          0.00	0.00	0.00	0.00	0.00	0.00	0.00	0.00	0.00	0.00	0.00	0.00	0.00	0.00	0.00	0.00	0.00
	500	4A	0	001	 2026	000000000001629801	000000000000000000	000000000000000000	INR		S	  016	OVL	MM1601	OE1	0000160206	JV	MMEP3BRE1B		00000000	MMEP3BRE1B				NB		OVL			0000000000	00000000	             0.00	0.00	0.00	0.00	0.00	0.00	0.00	0.00	0.00	0.00	0.00	0.00	0.00	0.00	0.00	0.00	0.00	            0.00	0.00	0.00	0.00	0.00	0.00	0.00	0.00	0.00	0.00	0.00	0.00	0.00	0.00	0.00	0.00	0.00	          0.00	0.00	0.00	0.00	0.00	0.00	0.00	0.00	0.00	0.00	0.00	0.00	0.00	0.00	0.00	0.00	0.00
	500	4A	0	001	 2026	000000000001629802	000000000000000000	000000000000000000	INR		H	  016	OVL	MM1601	OE2	0000160206	JV			00000000	MMEP3BRE1B				NB		OVL			0000000000	00000000	             0.00	0.00	0.00	0.00	0.00	0.00	0.00	0.00	0.00	0.00	0.00	0.00	0.00	0.00	0.00	0.00	0.00	            0.00	0.00	0.00	0.00	0.00	0.00	0.00	0.00	0.00	0.00	0.00	0.00	0.00	0.00	0.00	0.00	0.00	          0.00	0.00	0.00	0.00	0.00	0.00	0.00	0.00	0.00	0.00	0.00	0.00	0.00	0.00	0.00	0.00	0.00
	500	4A	0	001	 2026	000000000001629802	000000000000000000	000000000000000000	INR		S	  016	OVL	MM1601	OE2	0000160206	JV			00000000	MMEP3BRE1B				NB		OVL			0000000000	00000000	             0.00	0.00	0.00	0.00	0.00	0.00	0.00	0.00	0.00	0.00	0.00	0.00	0.00	0.00	0.00	0.00	0.00	            0.00	0.00	0.00	0.00	0.00	0.00	0.00	0.00	0.00	0.00	0.00	0.00	0.00	0.00	0.00	0.00	0.00	          0.00	0.00	0.00	0.00	0.00	0.00	0.00	0.00	0.00	0.00	0.00	0.00	0.00	0.00	0.00	0.00	0.00
	500	4A	0	001	 2026	000000000001629802	000000000000000000	000000000000000000	USD		H	  016	OVL	MM1601	OE2	0000160206	JV			00000000	MMEP3BRE1B				NB		OVL			0000000000	00000000	-168,226.54	0.00	0.00	0.00	0.00	0.00	0.00	0.00	0.00	0.00	0.00	0.00	0.00	0.00	0.00	0.00	0.00	-38,233,633.50	0.00	0.00	0.00	0.00	0.00	0.00	0.00	0.00	0.00	0.00	0.00	0.00	0.00	0.00	0.00	0.00	-168,226.54	0.00	0.00	0.00	0.00	0.00	0.00	0.00	0.00	0.00	0.00	0.00	0.00	0.00	0.00	0.00	0.00
	500	4A	0	001	 2026	000000000001629802	000000000000000000	000000000000000000	USD		S	  016	OVL	MM1601	OE2	0000160206	JV			00000000	MMEP3BRE1B				NB		OVL			0000000000	00000000	        84,113.27	0.00	0.00	0.00	0.00	0.00	0.00	0.00	0.00	0.00	0.00	0.00	0.00	0.00	0.00	0.00	0.00	   19,116,816.75	0.00	0.00	0.00	0.00	0.00	0.00	0.00	0.00	0.00	0.00	0.00	0.00	0.00	0.00	0.00	0.00	     84,113.27	0.00	0.00	0.00	0.00	0.00	0.00	0.00	0.00	0.00	0.00	0.00	0.00	0.00	0.00	0.00	0.00
	500	4A	0	001	 2026	000000000001629803	000000000000000000	000000000000000000	INR		H	  016	OVL	MM1601	OE2	0000160206	JV	MMEP3BRE1B		00000000	MMEP3BRE1B				NB		OVL			0000000000	00000000	             0.00	0.00	0.00	0.00	0.00	0.00	0.00	0.00	0.00	0.00	0.00	0.00	0.00	0.00	0.00	0.00	0.00	            0.00	0.00	0.00	0.00	0.00	0.00	0.00	0.00	0.00	0.00	0.00	0.00	0.00	0.00	0.00	0.00	0.00	          0.00	0.00	0.00	0.00	0.00	0.00	0.00	0.00	0.00	0.00	0.00	0.00	0.00	0.00	0.00	0.00	0.00
	500	4A	0	001	 2026	000000000001629803	000000000000000000	000000000000000000	INR		S	  016	OVL	MM1601	OE2	0000160206	JV	MMEP3BRE1B		00000000	MMEP3BRE1B				NB		OVL			0000000000	00000000	             0.00	0.00	0.00	0.00	0.00	0.00	0.00	0.00	0.00	0.00	0.00	0.00	0.00	0.00	0.00	0.00	0.00	            0.00	0.00	0.00	0.00	0.00	0.00	0.00	0.00	0.00	0.00	0.00	0.00	0.00	0.00	0.00	0.00	0.00	          0.00	0.00	0.00	0.00	0.00	0.00	0.00	0.00	0.00	0.00	0.00	0.00	0.00	0.00	0.00	0.00	0.00
	500	4A	0	001	 2026	000000000001629803	000000000000000000	000000000000000000	USD		H	  016	OVL	MM1601	OE2	0000160206	JV	MMEP3BRE1B		00000000	MMEP3BRE1B				NB		OVL			0000000000	00000000	             0.00	0.00	0.00	0.00	0.00	0.00	0.00	0.00	0.00	0.00	0.00	0.00	0.00	0.00	0.00	0.00	0.00	            0.00	0.00	0.00	0.00	0.00	0.00	0.00	0.00	0.00	0.00	0.00	0.00	0.00	0.00	0.00	0.00	0.00	          0.00	0.00	0.00	0.00	0.00	0.00	0.00	0.00	0.00	0.00	0.00	0.00	0.00	0.00	0.00	0.00	0.00
	500	4A	0	001	 2026	000000000001629803	000000000000000000	000000000000000000	USD		S	  016	OVL	MM1601	OE2	0000160206	JV	MMEP3BRE1B		00000000	MMEP3BRE1B				NB		OVL			0000000000	00000000	             0.00	0.00	0.00	0.00	0.00	0.00	0.00	0.00	0.00	0.00	0.00	0.00	0.00	0.00	0.00	0.00	0.00	            0.00	0.00	0.00	0.00	0.00	0.00	0.00	0.00	0.00	0.00	0.00	0.00	0.00	0.00	0.00	0.00	0.00	          0.00	0.00	0.00	0.00	0.00	0.00	0.00	0.00	0.00	0.00	0.00	0.00	0.00	0.00	0.00	0.00	0.00
	500	4A	0	001	 2026	000000000001631056	000000000000000000	000000000000000000	MMK		H	  016	OVL	MM1601	OE2	0000190599	JV			00000000	MMEP3BRE1B				BR		OVL			0000000000	00000000	-153,653,382.58	0.00	0.00	0.00	0.00	0.00	0.00	0.00	0.00	0.00	0.00	0.00	0.00	0.00	0.00	0.00	0.00	-6,245,502.45	0.00	0.00	0.00	0.00	0.00	0.00	0.00	0.00	0.00	0.00	0.00	0.00	0.00	0.00	0.00	0.00	-75,647.23	0.00	0.00	0.00	0.00	0.00	0.00	0.00	0.00	0.00	0.00	0.00	0.00	0.00	0.00	0.00	0.00
	500	4A	0	001	 2026	000000000001631056	000000000000000000	000000000000000000	MMK		S	  016	OVL	MM1601	OE2	0000190599	JV			00000000	MMEP3BRE1B				BR		OVL			0000000000	00000000	   149,979,378.58	0.00	0.00	0.00	0.00	0.00	0.00	0.00	0.00	0.00	0.00	0.00	0.00	0.00	0.00	0.00	0.00	    6,080,907.07	0.00	0.00	0.00	0.00	0.00	0.00	0.00	0.00	0.00	0.00	0.00	0.00	0.00	0.00	0.00	0.00	     73,883.69	0.00	0.00	0.00	0.00	0.00	0.00	0.00	0.00	0.00	0.00	0.00	0.00	0.00	0.00	0.00	0.00
	500	4A	0	001	 2026	000000000001631056	000000000000000000	000000000000000000	USD		H	  016	OVL	MM1601	OE2	0000190599	JV			00000000	MMEP3BRE1B				BR		OVL			0000000000	00000000	-230,068.61	0.00	0.00	0.00	0.00	0.00	0.00	0.00	0.00	0.00	0.00	0.00	0.00	0.00	0.00	0.00	0.00	-18,879,646.59	0.00	0.00	0.00	0.00	0.00	0.00	0.00	0.00	0.00	0.00	0.00	0.00	0.00	0.00	0.00	0.00	-230,068.61	0.00	0.00	0.00	0.00	0.00	0.00	0.00	0.00	0.00	0.00	0.00	0.00	0.00	0.00	0.00	0.00
	500	4A	0	001	 2026	000000000001631056	000000000000000000	000000000000000000	USD		S	  016	OVL	MM1601	OE2	0000190599	JV			00000000	MMEP3BRE1B				BR		OVL			0000000000	00000000	       229,948.81	0.00	0.00	0.00	0.00	0.00	0.00	0.00	0.00	0.00	0.00	0.00	0.00	0.00	0.00	0.00	0.00	   18,868,415.34	0.00	0.00	0.00	0.00	0.00	0.00	0.00	0.00	0.00	0.00	0.00	0.00	0.00	0.00	0.00	0.00	    229,948.81	0.00	0.00	0.00	0.00	0.00	0.00	0.00	0.00	0.00	0.00	0.00	0.00	0.00	0.00	0.00	0.00
	500	4A	0	001	 2026	000000000001631100	000000000000000000	000000000000000000	MMK		S	  016	OVL	MM1601	OE2	0000200449	JV			00129951	MMEP3BRE1B				BR		OVL			0000000000	00000000	     3,626,024.00	0.00	0.00	0.00	0.00	0.00	0.00	0.00	0.00	0.00	0.00	0.00	0.00	0.00	0.00	0.00	0.00	      154,296.94	0.00	0.00	0.00	0.00	0.00	0.00	0.00	0.00	0.00	0.00	0.00	0.00	0.00	0.00	0.00	0.00	      2,067.17	0.00	0.00	0.00	0.00	0.00	0.00	0.00	0.00	0.00	0.00	0.00	0.00	0.00	0.00	0.00	0.00
	500	4A	0	001	 2026	000000000001631100	000000000000000000	000000000000000000	USD		H	  016	OVL	MM1601	OE2	0000200449	JV			00129951	MMEP3BRE1B				BR		OVL			0000000000	00000000	-409.50	0.00	0.00	0.00	0.00	0.00	0.00	0.00	0.00	0.00	0.00	0.00	0.00	0.00	0.00	0.00	0.00	-30,499.56	0.00	0.00	0.00	0.00	0.00	0.00	0.00	0.00	0.00	0.00	0.00	0.00	0.00	0.00	0.00	0.00	-409.50	0.00	0.00	0.00	0.00	0.00	0.00	0.00	0.00	0.00	0.00	0.00	0.00	0.00	0.00	0.00	0.00
	500	4A	0	001	 2026	000000000001631100	000000000000000000	000000000000000000	USD		S	  016	OVL	MM1601	OE2	0000200449	JV			00129951	MMEP3BRE1B				BR		OVL			0000000000	00000000	           819.00	0.00	0.00	0.00	0.00	0.00	0.00	0.00	0.00	0.00	0.00	0.00	0.00	0.00	0.00	0.00	0.00	       60,999.12	0.00	0.00	0.00	0.00	0.00	0.00	0.00	0.00	0.00	0.00	0.00	0.00	0.00	0.00	0.00	0.00	        819.00	0.00	0.00	0.00	0.00	0.00	0.00	0.00	0.00	0.00	0.00	0.00	0.00	0.00	0.00	0.00	0.00
	500	4A	0	001	 2026	000000000001631117	000000000000000000	000000000000000000	MMK		H	  016	OVL	MM1601	OE2	0000200449	JV			00129951	MMEP3BRE1B				CB		OVL			0000000000	00000000	-3,626,024.00	0.00	0.00	0.00	0.00	0.00	0.00	0.00	0.00	0.00	0.00	0.00	0.00	0.00	0.00	0.00	0.00	-154,296.94	0.00	0.00	0.00	0.00	0.00	0.00	0.00	0.00	0.00	0.00	0.00	0.00	0.00	0.00	0.00	0.00	-2,067.17	0.00	0.00	0.00	0.00	0.00	0.00	0.00	0.00	0.00	0.00	0.00	0.00	0.00	0.00	0.00	0.00
	500	4A	0	001	 2026	000000000001631117	000000000000000000	000000000000000000	USD		H	  016	OVL	MM1601	OE2	0000200449	JV			00129951	MMEP3BRE1B				CB		OVL			0000000000	00000000	-409.50	0.00	0.00	0.00	0.00	0.00	0.00	0.00	0.00	0.00	0.00	0.00	0.00	0.00	0.00	0.00	0.00	-30,499.56	0.00	0.00	0.00	0.00	0.00	0.00	0.00	0.00	0.00	0.00	0.00	0.00	0.00	0.00	0.00	0.00	-409.50	0.00	0.00	0.00	0.00	0.00	0.00	0.00	0.00	0.00	0.00	0.00	0.00	0.00	0.00	0.00	0.00
	500	4A	0	001	 2026	000000000001631120	000000000000000000	000000000000000000	MMK		S	  016	OVL	MM1601	OE2	0000190699	JV			00000000	MMEP3BRE1B				BR		OVL			0000000000	00000000	    19,962,245.69	0.00	0.00	0.00	0.00	0.00	0.00	0.00	0.00	0.00	0.00	0.00	0.00	0.00	0.00	0.00	0.00	      984,937.20	0.00	0.00	0.00	0.00	0.00	0.00	0.00	0.00	0.00	0.00	0.00	0.00	0.00	0.00	0.00	0.00	     13,803.24	0.00	0.00	0.00	0.00	0.00	0.00	0.00	0.00	0.00	0.00	0.00	0.00	0.00	0.00	0.00	0.00
	500	4A	0	001	 2026	000000000001631120	000000000000000000	000000000000000000	USD		H	  016	OVL	MM1601	OE2	0000190699	JV			00000000	MMEP3BRE1B				BR		OVL			0000000000	00000000	-26,272.92	0.00	0.00	0.00	0.00	0.00	0.00	0.00	0.00	0.00	0.00	0.00	0.00	0.00	0.00	0.00	0.00	-1,975,733.77	0.00	0.00	0.00	0.00	0.00	0.00	0.00	0.00	0.00	0.00	0.00	0.00	0.00	0.00	0.00	0.00	-27,606.48	0.00	0.00	0.00	0.00	0.00	0.00	0.00	0.00	0.00	0.00	0.00	0.00	0.00	0.00	0.00	0.00
	500	4A	0	001	 2026	000000000001631120	000000000000000000	000000000000000000	USD		S	  016	OVL	MM1601	OE2	0000190699	JV			00000000	MMEP3BRE1B				BR		OVL			0000000000	00000000	        13,803.24	0.00	0.00	0.00	0.00	0.00	0.00	0.00	0.00	0.00	0.00	0.00	0.00	0.00	0.00	0.00	0.00	      990,796.57	0.00	0.00	0.00	0.00	0.00	0.00	0.00	0.00	0.00	0.00	0.00	0.00	0.00	0.00	0.00	0.00	     13,803.24	0.00	0.00	0.00	0.00	0.00	0.00	0.00	0.00	0.00	0.00	0.00	0.00	0.00	0.00	0.00	0.00
	500	4A	0	001	 2026	000000000001631122	000000000000000000	000000000000000000	MMK		H	  016	OVL	MM1601	OE2	0000190599	JV			00000000	MMEP3BRE1B				CB		OVL			0000000000	00000000	-149,979,378.58	0.00	0.00	0.00	0.00	0.00	0.00	0.00	0.00	0.00	0.00	0.00	0.00	0.00	0.00	0.00	0.00	-6,080,907.07	0.00	0.00	0.00	0.00	0.00	0.00	0.00	0.00	0.00	0.00	0.00	0.00	0.00	0.00	0.00	0.00	-73,883.69	0.00	0.00	0.00	0.00	0.00	0.00	0.00	0.00	0.00	0.00	0.00	0.00	0.00	0.00	0.00	0.00
	500	4A	0	001	 2026	000000000001631122	000000000000000000	000000000000000000	MMK		S	  016	OVL	MM1601	OE2	0000190599	JV			00000000	MMEP3BRE1B				CB		OVL			0000000000	00000000	   153,653,382.58	0.00	0.00	0.00	0.00	0.00	0.00	0.00	0.00	0.00	0.00	0.00	0.00	0.00	0.00	0.00	0.00	    6,245,502.45	0.00	0.00	0.00	0.00	0.00	0.00	0.00	0.00	0.00	0.00	0.00	0.00	0.00	0.00	0.00	0.00	     75,647.23	0.00	0.00	0.00	0.00	0.00	0.00	0.00	0.00	0.00	0.00	0.00	0.00	0.00	0.00	0.00	0.00
	500	4A	0	001	 2026	000000000001631122	000000000000000000	000000000000000000	USD		H	  016	OVL	MM1601	OE2	0000190599	JV			00000000	MMEP3BRE1B				CB		OVL			0000000000	00000000	-776,066.95	0.00	0.00	0.00	0.00	0.00	0.00	0.00	0.00	0.00	0.00	0.00	0.00	0.00	0.00	0.00	0.00	-64,084,771.12	0.00	0.00	0.00	0.00	0.00	0.00	0.00	0.00	0.00	0.00	0.00	0.00	0.00	0.00	0.00	0.00	-781,683.29	0.00	0.00	0.00	0.00	0.00	0.00	0.00	0.00	0.00	0.00	0.00	0.00	0.00	0.00	0.00	0.00
	500	4A	0	001	 2026	000000000001631122	000000000000000000	000000000000000000	USD		S	  016	OVL	MM1601	OE2	0000190599	JV			00000000	MMEP3BRE1B				CB		OVL			0000000000	00000000	       776,186.75	0.00	0.00	0.00	0.00	0.00	0.00	0.00	0.00	0.00	0.00	0.00	0.00	0.00	0.00	0.00	0.00	   64,096,002.37	0.00	0.00	0.00	0.00	0.00	0.00	0.00	0.00	0.00	0.00	0.00	0.00	0.00	0.00	0.00	0.00	    781,803.09	0.00	0.00	0.00	0.00	0.00	0.00	0.00	0.00	0.00	0.00	0.00	0.00	0.00	0.00	0.00	0.00
	500	4A	0	001	 2026	000000000001631123	000000000000000000	000000000000000000	MMK		H	  016	OVL	MM1601	OE2	0000190699	JV			00000000	MMEP3BRE1B				CB		OVL			0000000000	00000000	-19,962,245.69	0.00	0.00	0.00	0.00	0.00	0.00	0.00	0.00	0.00	0.00	0.00	0.00	0.00	0.00	0.00	0.00	-984,937.20	0.00	0.00	0.00	0.00	0.00	0.00	0.00	0.00	0.00	0.00	0.00	0.00	0.00	0.00	0.00	0.00	-13,803.24	0.00	0.00	0.00	0.00	0.00	0.00	0.00	0.00	0.00	0.00	0.00	0.00	0.00	0.00	0.00	0.00
	500	4A	0	001	 2026	000000000001631123	000000000000000000	000000000000000000	USD		H	  016	OVL	MM1601	OE2	0000190699	JV			00000000	MMEP3BRE1B				CB		OVL			0000000000	00000000	-21,873.28	0.00	0.00	0.00	0.00	0.00	0.00	0.00	0.00	0.00	0.00	0.00	0.00	0.00	0.00	0.00	0.00	-1,969,874.40	0.00	0.00	0.00	0.00	0.00	0.00	0.00	0.00	0.00	0.00	0.00	0.00	0.00	0.00	0.00	0.00	-27,606.48	0.00	0.00	0.00	0.00	0.00	0.00	0.00	0.00	0.00	0.00	0.00	0.00	0.00	0.00	0.00	0.00
	500	4A	0	001	 2026	000000000001631123	000000000000000000	000000000000000000	USD		S	  016	OVL	MM1601	OE2	0000190699	JV			00000000	MMEP3BRE1B				CB		OVL			0000000000	00000000	        34,342.96	0.00	0.00	0.00	0.00	0.00	0.00	0.00	0.00	0.00	0.00	0.00	0.00	0.00	0.00	0.00	0.00	    2,954,811.60	0.00	0.00	0.00	0.00	0.00	0.00	0.00	0.00	0.00	0.00	0.00	0.00	0.00	0.00	0.00	0.00	     41,409.72	0.00	0.00	0.00	0.00	0.00	0.00	0.00	0.00	0.00	0.00	0.00	0.00	0.00	0.00	0.00	0.00
	500	4A	0	001	 2026	000000000001631249	000000000000000000	000000000000000000	MMK		H	  016	OVL	MM1601	OE2	0000201449	JV			00000000	MMEP3BRE1B				BR		OVL			0000000000	00000000	-1.50	0.00	0.00	0.00	0.00	0.00	0.00	0.00	0.00	0.00	0.00	0.00	0.00	0.00	0.00	0.00	0.00	-0.06	0.00	0.00	0.00	0.00	0.00	0.00	0.00	0.00	0.00	0.00	0.00	0.00	0.00	0.00	0.00	0.00	          0.00	0.00	0.00	0.00	0.00	0.00	0.00	0.00	0.00	0.00	0.00	0.00	0.00	0.00	0.00	0.00	0.00
	500	4A	0	001	 2026	000000000001631249	000000000000000000	000000000000000000	MMK		S	  016	OVL	MM1601	OE2	0000201449	JV			00000000	MMEP3BRE1B				BR		OVL			0000000000	00000000	             0.50	0.00	0.00	0.00	0.00	0.00	0.00	0.00	0.00	0.00	0.00	0.00	0.00	0.00	0.00	0.00	0.00	            0.02	0.00	0.00	0.00	0.00	0.00	0.00	0.00	0.00	0.00	0.00	0.00	0.00	0.00	0.00	0.00	0.00	          0.00	0.00	0.00	0.00	0.00	0.00	0.00	0.00	0.00	0.00	0.00	0.00	0.00	0.00	0.00	0.00	0.00
	500	4A	0	001	 2026	000000000001631249	000000000000000000	000000000000000000	USD		H	  016	OVL	MM1601	OE2	0000201449	JV			00000000	MMEP3BRE1B				BR		OVL			0000000000	00000000	-0.01	0.00	0.00	0.00	0.00	0.00	0.00	0.00	0.00	0.00	0.00	0.00	0.00	0.00	0.00	0.00	0.00	-0.75	0.00	0.00	0.00	0.00	0.00	0.00	0.00	0.00	0.00	0.00	0.00	0.00	0.00	0.00	0.00	0.00	-0.01	0.00	0.00	0.00	0.00	0.00	0.00	0.00	0.00	0.00	0.00	0.00	0.00	0.00	0.00	0.00	0.00
	500	4A	0	001	 2026	000000000001631420	000000000000000000	000000000000000000	MMK		H	  016	OVL	MM1601	OE2	0000096451	JV			00000000	MMEP3BRE1B				BR		OVL			0000000000	00000000	-710,143,537.40	0.00	0.00	0.00	0.00	0.00	0.00	0.00	0.00	0.00	0.00	0.00	0.00	0.00	0.00	0.00	0.00	-29,737,369.76	0.00	0.00	0.00	0.00	0.00	0.00	0.00	0.00	0.00	0.00	0.00	0.00	0.00	0.00	0.00	0.00	-334,966.04	0.00	0.00	0.00	0.00	0.00	0.00	0.00	0.00	0.00	0.00	0.00	0.00	0.00	0.00	0.00	0.00
	500	4A	0	001	 2026	000000000001631420	000000000000000000	000000000000000000	MMK		S	  016	OVL	MM1601	OE2	0000096451	JV			00000000	MMEP3BRE1B				BR		OVL			0000000000	00000000	   710,496,091.63	0.00	0.00	0.00	0.00	0.00	0.00	0.00	0.00	0.00	0.00	0.00	0.00	0.00	0.00	0.00	0.00	   29,740,281.48	0.00	0.00	0.00	0.00	0.00	0.00	0.00	0.00	0.00	0.00	0.00	0.00	0.00	0.00	0.00	0.00	    321,450.30	0.00	0.00	0.00	0.00	0.00	0.00	0.00	0.00	0.00	0.00	0.00	0.00	0.00	0.00	0.00	0.00
	500	4A	0	001	 2026	000000000001631800	000000000000000000	000000000000000000	MMK		S	  016	OVL	MM1601	OE2	0000201449	JV			00000000	MMEP3BRE1B				CB		OVL			0000000000	00000000	             1.00	0.00	0.00	0.00	0.00	0.00	0.00	0.00	0.00	0.00	0.00	0.00	0.00	0.00	0.00	0.00	0.00	            0.04	0.00	0.00	0.00	0.00	0.00	0.00	0.00	0.00	0.00	0.00	0.00	0.00	0.00	0.00	0.00	0.00	          0.00	0.00	0.00	0.00	0.00	0.00	0.00	0.00	0.00	0.00	0.00	0.00	0.00	0.00	0.00	0.00	0.00
	500	4A	0	001	 2026	000000000001631800	000000000000000000	000000000000000000	USD		S	  016	OVL	MM1601	OE2	0000201449	JV			00000000	MMEP3BRE1B				CB		OVL			0000000000	00000000	             0.01	0.00	0.00	0.00	0.00	0.00	0.00	0.00	0.00	0.00	0.00	0.00	0.00	0.00	0.00	0.00	0.00	            0.75	0.00	0.00	0.00	0.00	0.00	0.00	0.00	0.00	0.00	0.00	0.00	0.00	0.00	0.00	0.00	0.00	          0.01	0.00	0.00	0.00	0.00	0.00	0.00	0.00	0.00	0.00	0.00	0.00	0.00	0.00	0.00	0.00	0.00
	500	4A	0	001	 2026	000000000001631802	000000000000000000	000000000000000000	MMK		S	  016	OVL	MM1601	OE2	0000096451				00000000	MMEP3BRE1B				CB		OVL			0000000000	00000000	       489,000.00	0.00	0.00	0.00	0.00	0.00	0.00	0.00	0.00	0.00	0.00	0.00	0.00	0.00	0.00	0.00	0.00	       21,956.10	0.00	0.00	0.00	0.00	0.00	0.00	0.00	0.00	0.00	0.00	0.00	0.00	0.00	0.00	0.00	0.00	        293.40	0.00	0.00	0.00	0.00	0.00	0.00	0.00	0.00	0.00	0.00	0.00	0.00	0.00	0.00	0.00	0.00
	500	4A	0	001	 2026	000000000001632197	000000000000000000	000000000000000000	EUR		H	  016	OVL	MM1601	OE2	0000091299	JV			00000000	MMEP3BRE1B				BR		OVL			0000000000	00000000	-1.00	0.00	0.00	0.00	0.00	0.00	0.00	0.00	0.00	0.00	0.00	0.00	0.00	0.00	0.00	0.00	0.00	-90.00	0.00	0.00	0.00	0.00	0.00	0.00	0.00	0.00	0.00	0.00	0.00	0.00	0.00	0.00	0.00	0.00	-1.04	0.00	0.00	0.00	0.00	0.00	0.00	0.00	0.00	0.00	0.00	0.00	0.00	0.00	0.00	0.00	0.00
	500	4A	0	001	 2026	000000000001632197	000000000000000000	000000000000000000	EUR		S	  016	OVL	MM1601	OE2	0000091299	JV			00000000	MMEP3BRE1B				BR		OVL			0000000000	00000000	         3,777.46	0.00	0.00	0.00	0.00	0.00	0.00	0.00	0.00	0.00	0.00	0.00	0.00	0.00	0.00	0.00	0.00	      382,973.65	0.00	0.00	0.00	0.00	0.00	0.00	0.00	0.00	0.00	0.00	0.00	0.00	0.00	0.00	0.00	0.00	      4,385.18	0.00	0.00	0.00	0.00	0.00	0.00	0.00	0.00	0.00	0.00	0.00	0.00	0.00	0.00	0.00	0.00
	500	4A	0	001	 2026	000000000001632197	000000000000000000	000000000000000000	INR		H	  016	OVL	MM1601	OE2	0000091299	JV			00000000	MMEP3BRE1B				BR		OVL			0000000000	00000000	-265,265.60	0.00	0.00	0.00	0.00	0.00	0.00	0.00	0.00	0.00	0.00	0.00	0.00	0.00	0.00	0.00	0.00	-265,265.60	0.00	0.00	0.00	0.00	0.00	0.00	0.00	0.00	0.00	0.00	0.00	0.00	0.00	0.00	0.00	0.00	-3,170.00	0.00	0.00	0.00	0.00	0.00	0.00	0.00	0.00	0.00	0.00	0.00	0.00	0.00	0.00	0.00	0.00
	500	4A	0	001	 2026	000000000001632197	000000000000000000	000000000000000000	MMK		H	  016	OVL	MM1601	OE2	0000091299	JV			00000000	MMEP3BRE1B				BR		OVL			0000000000	00000000	-574,163,718.45	0.00	0.00	0.00	0.00	0.00	0.00	0.00	0.00	0.00	0.00	0.00	0.00	0.00	0.00	0.00	0.00	-23,712,138.23	0.00	0.00	0.00	0.00	0.00	0.00	0.00	0.00	0.00	0.00	0.00	0.00	0.00	0.00	0.00	0.00	-266,898.54	0.00	0.00	0.00	0.00	0.00	0.00	0.00	0.00	0.00	0.00	0.00	0.00	0.00	0.00	0.00	0.00
	500	4A	0	001	 2026	000000000001632197	000000000000000000	000000000000000000	MMK		S	  016	OVL	MM1601	OE2	0000091299	JV			00000000	MMEP3BRE1B				BR		OVL			0000000000	00000000	    98,752,718.00	0.00	0.00	0.00	0.00	0.00	0.00	0.00	0.00	0.00	0.00	0.00	0.00	0.00	0.00	0.00	0.00	    4,093,517.62	0.00	0.00	0.00	0.00	0.00	0.00	0.00	0.00	0.00	0.00	0.00	0.00	0.00	0.00	0.00	0.00	     43,634.10	0.00	0.00	0.00	0.00	0.00	0.00	0.00	0.00	0.00	0.00	0.00	0.00	0.00	0.00	0.00	0.00
	500	4A	0	001	 2026	000000000001632197	000000000000000000	000000000000000000	USD		H	  016	OVL	MM1601	OE2	0000091299	JV			00000000	MMEP3BRE1B				BR		OVL			0000000000	00000000	-504,375.27	0.00	0.00	0.00	0.00	0.00	0.00	0.00	0.00	0.00	0.00	0.00	0.00	0.00	0.00	0.00	0.00	-42,832,618.58	0.00	0.00	0.00	0.00	0.00	0.00	0.00	0.00	0.00	0.00	0.00	0.00	0.00	0.00	0.00	0.00	-501,100.80	0.00	0.00	0.00	0.00	0.00	0.00	0.00	0.00	0.00	0.00	0.00	0.00	0.00	0.00	0.00	0.00
	500	4A	0	001	 2026	000000000001632197	000000000000000000	000000000000000000	USD		S	  016	OVL	MM1601	OE2	0000091299	JV			00000000	MMEP3BRE1B				BR		OVL			0000000000	00000000	       729,486.97	0.00	0.00	0.00	0.00	0.00	0.00	0.00	0.00	0.00	0.00	0.00	0.00	0.00	0.00	0.00	0.00	   62,333,621.14	0.00	0.00	0.00	0.00	0.00	0.00	0.00	0.00	0.00	0.00	0.00	0.00	0.00	0.00	0.00	0.00	    723,151.10	0.00	0.00	0.00	0.00	0.00	0.00	0.00	0.00	0.00	0.00	0.00	0.00	0.00	0.00	0.00	0.00
	500	4A	0	001	 2026	000000000001632235	000000000000000000	000000000000000000	MMK		H	  016	OVL	MM1601	OE2	0000096451	JV			00000000	MMEP3BRE1B				CB		OVL			0000000000	00000000	-210,428,387.84	0.00	0.00	0.00	0.00	0.00	0.00	0.00	0.00	0.00	0.00	0.00	0.00	0.00	0.00	0.00	0.00	-8,673,294.09	0.00	0.00	0.00	0.00	0.00	0.00	0.00	0.00	0.00	0.00	0.00	0.00	0.00	0.00	0.00	0.00	-99,917.94	0.00	0.00	0.00	0.00	0.00	0.00	0.00	0.00	0.00	0.00	0.00	0.00	0.00	0.00	0.00	0.00
	500	4A	0	001	 2026	000000000001632235	000000000000000000	000000000000000000	MMK		S	  016	OVL	MM1601	OE2	0000096451	JV			00000000	MMEP3BRE1B				CB		OVL			0000000000	00000000	   209,586,833.61	0.00	0.00	0.00	0.00	0.00	0.00	0.00	0.00	0.00	0.00	0.00	0.00	0.00	0.00	0.00	0.00	    8,648,426.27	0.00	0.00	0.00	0.00	0.00	0.00	0.00	0.00	0.00	0.00	0.00	0.00	0.00	0.00	0.00	0.00	    113,140.28	0.00	0.00	0.00	0.00	0.00	0.00	0.00	0.00	0.00	0.00	0.00	0.00	0.00	0.00	0.00	0.00
	500	4A	0	001	 2026	000000000001632309	000000000000000000	000000000000000000	USD		H	  016	OVL	MM1601	OE2	0000096219	JV			00000000	MMEP3BRE1B				BR		OVL			0000000000	00000000	-5,115.50	0.00	0.00	0.00	0.00	0.00	0.00	0.00	0.00	0.00	0.00	0.00	0.00	0.00	0.00	0.00	0.00	-401,088.67	0.00	0.00	0.00	0.00	0.00	0.00	0.00	0.00	0.00	0.00	0.00	0.00	0.00	0.00	0.00	0.00	-5,115.50	0.00	0.00	0.00	0.00	0.00	0.00	0.00	0.00	0.00	0.00	0.00	0.00	0.00	0.00	0.00	0.00
	500	4A	0	001	 2026	000000000001632309	000000000000000000	000000000000000000	USD		S	  016	OVL	MM1601	OE2	0000096219	JV			00000000	MMEP3BRE1B				BR		OVL			0000000000	00000000	         4,927.00	0.00	0.00	0.00	0.00	0.00	0.00	0.00	0.00	0.00	0.00	0.00	0.00	0.00	0.00	0.00	0.00	      396,968.56	0.00	0.00	0.00	0.00	0.00	0.00	0.00	0.00	0.00	0.00	0.00	0.00	0.00	0.00	0.00	0.00	      4,927.00	0.00	0.00	0.00	0.00	0.00	0.00	0.00	0.00	0.00	0.00	0.00	0.00	0.00	0.00	0.00	0.00
	500	4A	0	001	 2026	000000000001632562	000000000000000000	000000000000000000	MMK		S	  016	OVL	MM1601	OE2	0000201427	JV			00129951	MMEP3BRE1B				BR		OVL			0000000000	00000000	        12,500.00	0.00	0.00	0.00	0.00	0.00	0.00	0.00	0.00	0.00	0.00	0.00	0.00	0.00	0.00	0.00	0.00	          523.00	0.00	0.00	0.00	0.00	0.00	0.00	0.00	0.00	0.00	0.00	0.00	0.00	0.00	0.00	0.00	0.00	          7.00	0.00	0.00	0.00	0.00	0.00	0.00	0.00	0.00	0.00	0.00	0.00	0.00	0.00	0.00	0.00	0.00
	500	4A	0	001	 2026	000000000001632563	000000000000000000	000000000000000000	MMK		S	  016	OVL	MM1601	OE2	0000200820	JV			00129951	MMEP3BRE1B				BR		OVL			0000000000	00000000	        90,000.00	0.00	0.00	0.00	0.00	0.00	0.00	0.00	0.00	0.00	0.00	0.00	0.00	0.00	0.00	0.00	0.00	        3,765.60	0.00	0.00	0.00	0.00	0.00	0.00	0.00	0.00	0.00	0.00	0.00	0.00	0.00	0.00	0.00	0.00	         50.40	0.00	0.00	0.00	0.00	0.00	0.00	0.00	0.00	0.00	0.00	0.00	0.00	0.00	0.00	0.00	0.00
	500	4A	0	001	 2026	000000000001632564	000000000000000000	000000000000000000	MMK		S	  016	OVL	MM1601	OE2	0000201419	JV			00129951	MMEP3BRE1B				BR		OVL			0000000000	00000000	        12,290.00	0.00	0.00	0.00	0.00	0.00	0.00	0.00	0.00	0.00	0.00	0.00	0.00	0.00	0.00	0.00	0.00	          514.21	0.00	0.00	0.00	0.00	0.00	0.00	0.00	0.00	0.00	0.00	0.00	0.00	0.00	0.00	0.00	0.00	          6.88	0.00	0.00	0.00	0.00	0.00	0.00	0.00	0.00	0.00	0.00	0.00	0.00	0.00	0.00	0.00	0.00
	500	4A	0	001	 2026	000000000001632565	000000000000000000	000000000000000000	MMK		S	  016	OVL	MM1601	OE2	0000201430	JV			00129950	MMEP3BRE1B				BR		OVL			0000000000	00000000	        57,853.50	0.00	0.00	0.00	0.00	0.00	0.00	0.00	0.00	0.00	0.00	0.00	0.00	0.00	0.00	0.00	0.00	        2,420.59	0.00	0.00	0.00	0.00	0.00	0.00	0.00	0.00	0.00	0.00	0.00	0.00	0.00	0.00	0.00	0.00	         32.40	0.00	0.00	0.00	0.00	0.00	0.00	0.00	0.00	0.00	0.00	0.00	0.00	0.00	0.00	0.00	0.00
	500	4A	0	001	 2026	000000000001632566	000000000000000000	000000000000000000	MMK		S	  016	OVL	MM1601	OE2	0000201430	JV			00129951	MMEP3BRE1B				BR		OVL			0000000000	00000000	        57,853.50	0.00	0.00	0.00	0.00	0.00	0.00	0.00	0.00	0.00	0.00	0.00	0.00	0.00	0.00	0.00	0.00	        2,420.59	0.00	0.00	0.00	0.00	0.00	0.00	0.00	0.00	0.00	0.00	0.00	0.00	0.00	0.00	0.00	0.00	         32.40	0.00	0.00	0.00	0.00	0.00	0.00	0.00	0.00	0.00	0.00	0.00	0.00	0.00	0.00	0.00	0.00
	500	4A	0	001	 2026	000000000001632567	000000000000000000	000000000000000000	MMK		S	  016	OVL	MM1601	OE2	0000201499	JV			00129950	MMEP3BRE1B				BR		OVL			0000000000	00000000	         9,500.00	0.00	0.00	0.00	0.00	0.00	0.00	0.00	0.00	0.00	0.00	0.00	0.00	0.00	0.00	0.00	0.00	          397.48	0.00	0.00	0.00	0.00	0.00	0.00	0.00	0.00	0.00	0.00	0.00	0.00	0.00	0.00	0.00	0.00	          5.32	0.00	0.00	0.00	0.00	0.00	0.00	0.00	0.00	0.00	0.00	0.00	0.00	0.00	0.00	0.00	0.00
	500	4A	0	001	 2026	000000000001632568	000000000000000000	000000000000000000	MMK		S	  016	OVL	MM1601	OE2	0000201499	JV			00129951	MMEP3BRE1B				BR		OVL			0000000000	00000000	         9,500.00	0.00	0.00	0.00	0.00	0.00	0.00	0.00	0.00	0.00	0.00	0.00	0.00	0.00	0.00	0.00	0.00	          397.48	0.00	0.00	0.00	0.00	0.00	0.00	0.00	0.00	0.00	0.00	0.00	0.00	0.00	0.00	0.00	0.00	          5.32	0.00	0.00	0.00	0.00	0.00	0.00	0.00	0.00	0.00	0.00	0.00	0.00	0.00	0.00	0.00	0.00
	500	4A	0	001	 2026	000000000001632570	000000000000000000	000000000000000000	MMK		H	  016	OVL	MM1601	OE2	0000200820	JV			00129951	MMEP3BRE1B				CB		OVL			0000000000	00000000	-90,000.00	0.00	0.00	0.00	0.00	0.00	0.00	0.00	0.00	0.00	0.00	0.00	0.00	0.00	0.00	0.00	0.00	-3,765.60	0.00	0.00	0.00	0.00	0.00	0.00	0.00	0.00	0.00	0.00	0.00	0.00	0.00	0.00	0.00	0.00	-50.40	0.00	0.00	0.00	0.00	0.00	0.00	0.00	0.00	0.00	0.00	0.00	0.00	0.00	0.00	0.00	0.00
	500	4A	0	001	 2026	000000000001632571	000000000000000000	000000000000000000	MMK		H	  016	OVL	MM1601	OE2	0000201419	JV			00129951	MMEP3BRE1B				CB		OVL			0000000000	00000000	-12,290.00	0.00	0.00	0.00	0.00	0.00	0.00	0.00	0.00	0.00	0.00	0.00	0.00	0.00	0.00	0.00	0.00	-514.21	0.00	0.00	0.00	0.00	0.00	0.00	0.00	0.00	0.00	0.00	0.00	0.00	0.00	0.00	0.00	0.00	-6.88	0.00	0.00	0.00	0.00	0.00	0.00	0.00	0.00	0.00	0.00	0.00	0.00	0.00	0.00	0.00	0.00
	500	4A	0	001	 2026	000000000001632572	000000000000000000	000000000000000000	MMK		H	  016	OVL	MM1601	OE2	0000201427	JV			00129951	MMEP3BRE1B				CB		OVL			0000000000	00000000	-12,500.00	0.00	0.00	0.00	0.00	0.00	0.00	0.00	0.00	0.00	0.00	0.00	0.00	0.00	0.00	0.00	0.00	-523.00	0.00	0.00	0.00	0.00	0.00	0.00	0.00	0.00	0.00	0.00	0.00	0.00	0.00	0.00	0.00	0.00	-7.00	0.00	0.00	0.00	0.00	0.00	0.00	0.00	0.00	0.00	0.00	0.00	0.00	0.00	0.00	0.00	0.00
	500	4A	0	001	 2026	000000000001632593	000000000000000000	000000000000000000	MMK		H	  016	OVL	MM1601	OE2	0000201430	JV			00129950	MMEP3BRE1B				CB		OVL			0000000000	00000000	-57,853.50	0.00	0.00	0.00	0.00	0.00	0.00	0.00	0.00	0.00	0.00	0.00	0.00	0.00	0.00	0.00	0.00	-2,420.59	0.00	0.00	0.00	0.00	0.00	0.00	0.00	0.00	0.00	0.00	0.00	0.00	0.00	0.00	0.00	0.00	-32.40	0.00	0.00	0.00	0.00	0.00	0.00	0.00	0.00	0.00	0.00	0.00	0.00	0.00	0.00	0.00	0.00
	500	4A	0	001	 2026	000000000001632594	000000000000000000	000000000000000000	MMK		H	  016	OVL	MM1601	OE2	0000201430	JV			00129951	MMEP3BRE1B				CB		OVL			0000000000	00000000	-57,853.50	0.00	0.00	0.00	0.00	0.00	0.00	0.00	0.00	0.00	0.00	0.00	0.00	0.00	0.00	0.00	0.00	-2,420.59	0.00	0.00	0.00	0.00	0.00	0.00	0.00	0.00	0.00	0.00	0.00	0.00	0.00	0.00	0.00	0.00	-32.40	0.00	0.00	0.00	0.00	0.00	0.00	0.00	0.00	0.00	0.00	0.00	0.00	0.00	0.00	0.00	0.00
	500	4A	0	001	 2026	000000000001632595	000000000000000000	000000000000000000	MMK		H	  016	OVL	MM1601	OE2	0000201499	JV			00129950	MMEP3BRE1B				CB		OVL			0000000000	00000000	-9,500.00	0.00	0.00	0.00	0.00	0.00	0.00	0.00	0.00	0.00	0.00	0.00	0.00	0.00	0.00	0.00	0.00	-397.48	0.00	0.00	0.00	0.00	0.00	0.00	0.00	0.00	0.00	0.00	0.00	0.00	0.00	0.00	0.00	0.00	-5.32	0.00	0.00	0.00	0.00	0.00	0.00	0.00	0.00	0.00	0.00	0.00	0.00	0.00	0.00	0.00	0.00
	500	4A	0	001	 2026	000000000001632596	000000000000000000	000000000000000000	MMK		H	  016	OVL	MM1601	OE2	0000201499	JV			00129951	MMEP3BRE1B				CB		OVL			0000000000	00000000	-9,500.00	0.00	0.00	0.00	0.00	0.00	0.00	0.00	0.00	0.00	0.00	0.00	0.00	0.00	0.00	0.00	0.00	-397.48	0.00	0.00	0.00	0.00	0.00	0.00	0.00	0.00	0.00	0.00	0.00	0.00	0.00	0.00	0.00	0.00	-5.32	0.00	0.00	0.00	0.00	0.00	0.00	0.00	0.00	0.00	0.00	0.00	0.00	0.00	0.00	0.00	0.00
	500	4A	0	001	 2026	000000000001632604	000000000000000000	000000000000000000	USD		S	  016	OVL	MM1601	OE2	0000096219				00000000	MMEP3BRE1B				CB		OVL			0000000000	00000000	           819.00	0.00	0.00	0.00	0.00	0.00	0.00	0.00	0.00	0.00	0.00	0.00	0.00	0.00	0.00	0.00	0.00	       60,999.12	0.00	0.00	0.00	0.00	0.00	0.00	0.00	0.00	0.00	0.00	0.00	0.00	0.00	0.00	0.00	0.00	        819.00	0.00	0.00	0.00	0.00	0.00	0.00	0.00	0.00	0.00	0.00	0.00	0.00	0.00	0.00	0.00	0.00
	500	4A	0	001	 2026	000000000001633118	000000000000000000	000000000000000000	USD		S	  016	OVL	MM1601	OE2	0000209724	JV	MMEP3BRE1B		00000000	MMEP3BRE1B				BR		OVL			0000000000	00000000	        13,169.19	0.00	0.00	0.00	0.00	0.00	0.00	0.00	0.00	0.00	0.00	0.00	0.00	0.00	0.00	0.00	0.00	    1,009,813.49	0.00	0.00	0.00	0.00	0.00	0.00	0.00	0.00	0.00	0.00	0.00	0.00	0.00	0.00	0.00	0.00	     13,169.19	0.00	0.00	0.00	0.00	0.00	0.00	0.00	0.00	0.00	0.00	0.00	0.00	0.00	0.00	0.00	0.00
	500	4A	0	001	 2026	000000000001633159	000000000000000000	000000000000000000	USD		H	  016	OVL	MM1601	OE2	0000096219	JV			00000000	MMEP3BRE1B				CB		OVL			0000000000	00000000	-4,927.00	0.00	0.00	0.00	0.00	0.00	0.00	0.00	0.00	0.00	0.00	0.00	0.00	0.00	0.00	0.00	0.00	-396,968.56	0.00	0.00	0.00	0.00	0.00	0.00	0.00	0.00	0.00	0.00	0.00	0.00	0.00	0.00	0.00	0.00	-4,927.00	0.00	0.00	0.00	0.00	0.00	0.00	0.00	0.00	0.00	0.00	0.00	0.00	0.00	0.00	0.00	0.00
	500	4A	0	001	 2026	000000000001633159	000000000000000000	000000000000000000	USD		S	  016	OVL	MM1601	OE2	0000096219	JV			00000000	MMEP3BRE1B				CB		OVL			0000000000	00000000	         4,296.50	0.00	0.00	0.00	0.00	0.00	0.00	0.00	0.00	0.00	0.00	0.00	0.00	0.00	0.00	0.00	0.00	      340,089.55	0.00	0.00	0.00	0.00	0.00	0.00	0.00	0.00	0.00	0.00	0.00	0.00	0.00	0.00	0.00	0.00	      4,296.50	0.00	0.00	0.00	0.00	0.00	0.00	0.00	0.00	0.00	0.00	0.00	0.00	0.00	0.00	0.00	0.00
	500	4A	0	001	 2026	000000000001633161	000000000000000000	000000000000000000	USD		H	  016	OVL	MM1601	OE2	0000209724	JV	MMEP3BRE1B		00000000	MMEP3BRE1B				CB		OVL			0000000000	00000000	-13,169.19	0.00	0.00	0.00	0.00	0.00	0.00	0.00	0.00	0.00	0.00	0.00	0.00	0.00	0.00	0.00	0.00	-1,009,813.49	0.00	0.00	0.00	0.00	0.00	0.00	0.00	0.00	0.00	0.00	0.00	0.00	0.00	0.00	0.00	0.00	-13,169.19	0.00	0.00	0.00	0.00	0.00	0.00	0.00	0.00	0.00	0.00	0.00	0.00	0.00	0.00	0.00	0.00
	500	4A	0	001	 2026	000000000001633721	000000000000000000	000000000000000000	MMK		H	  016	OVL	MM1601	OE2	0000100701	JV			00000000	MMEP3BRE1B				PC		OVL			0000000000	00000000	-11,713,800.00	0.00	0.00	0.00	0.00	0.00	0.00	0.00	0.00	0.00	0.00	0.00	0.00	0.00	0.00	0.00	0.00	-512,712.91	0.00	0.00	0.00	0.00	0.00	0.00	0.00	0.00	0.00	0.00	0.00	0.00	0.00	0.00	0.00	0.00	-5,856.91	0.00	0.00	0.00	0.00	0.00	0.00	0.00	0.00	0.00	0.00	0.00	0.00	0.00	0.00	0.00	0.00
	500	4A	0	001	 2026	000000000001633721	000000000000000000	000000000000000000	MMK		S	  016	OVL	MM1601	OE2	0000100701	JV			00000000	MMEP3BRE1B				PC		OVL			0000000000	00000000	    64,636,029.50	0.00	0.00	0.00	0.00	0.00	0.00	0.00	0.00	0.00	0.00	0.00	0.00	0.00	0.00	0.00	0.00	    2,716,322.24	0.00	0.00	0.00	0.00	0.00	0.00	0.00	0.00	0.00	0.00	0.00	0.00	0.00	0.00	0.00	0.00	     32,318.08	0.00	0.00	0.00	0.00	0.00	0.00	0.00	0.00	0.00	0.00	0.00	0.00	0.00	0.00	0.00	0.00
	500	4A	0	001	 2026	000000000001633721	000000000000000000	000000000000000000	USD		H	  016	OVL	MM1601	OE2	0000100701	JV			00000000	MMEP3BRE1B				PC		OVL			0000000000	00000000	-47,956.85	0.00	0.00	0.00	0.00	0.00	0.00	0.00	0.00	0.00	0.00	0.00	0.00	0.00	0.00	0.00	0.00	-3,737,090.65	0.00	0.00	0.00	0.00	0.00	0.00	0.00	0.00	0.00	0.00	0.00	0.00	0.00	0.00	0.00	0.00	-47,956.85	0.00	0.00	0.00	0.00	0.00	0.00	0.00	0.00	0.00	0.00	0.00	0.00	0.00	0.00	0.00	0.00
	500	4A	0	001	 2026	000000000001633721	000000000000000000	000000000000000000	USD		S	  016	OVL	MM1601	OE2	0000100701	JV			00000000	MMEP3BRE1B				PC		OVL			0000000000	00000000	        38,357.47	0.00	0.00	0.00	0.00	0.00	0.00	0.00	0.00	0.00	0.00	0.00	0.00	0.00	0.00	0.00	0.00	    2,999,225.97	0.00	0.00	0.00	0.00	0.00	0.00	0.00	0.00	0.00	0.00	0.00	0.00	0.00	0.00	0.00	0.00	     38,357.47	0.00	0.00	0.00	0.00	0.00	0.00	0.00	0.00	0.00	0.00	0.00	0.00	0.00	0.00	0.00	0.00
	500	4A	0	001	 2026	000000000001637859	000000000000000000	000000000000000000	MMK		S	  016	OVL	MM1601	OE2	0000190289	JV			00000000	MMEP3BRE1B				BR		OVL			0000000000	00000000	    26,234,758.71	0.00	0.00	0.00	0.00	0.00	0.00	0.00	0.00	0.00	0.00	0.00	0.00	0.00	0.00	0.00	0.00	    1,013,429.72	0.00	0.00	0.00	0.00	0.00	0.00	0.00	0.00	0.00	0.00	0.00	0.00	0.00	0.00	0.00	0.00	     12,559.70	0.00	0.00	0.00	0.00	0.00	0.00	0.00	0.00	0.00	0.00	0.00	0.00	0.00	0.00	0.00	0.00
	500	4A	0	001	 2026	000000000001637859	000000000000000000	000000000000000000	USD		H	  016	OVL	MM1601	OE2	0000190289	JV			00000000	MMEP3BRE1B				BR		OVL			0000000000	00000000	-12,559.70	0.00	0.00	0.00	0.00	0.00	0.00	0.00	0.00	0.00	0.00	0.00	0.00	0.00	0.00	0.00	0.00	-1,013,429.72	0.00	0.00	0.00	0.00	0.00	0.00	0.00	0.00	0.00	0.00	0.00	0.00	0.00	0.00	0.00	0.00	-12,559.70	0.00	0.00	0.00	0.00	0.00	0.00	0.00	0.00	0.00	0.00	0.00	0.00	0.00	0.00	0.00	0.00
	500	4A	0	001	 2026	000000000001637860	000000000000000000	000000000000000000	MMK		H	  016	OVL	MM1601	OE2	0000190289	JV			00000000	MMEP3BRE1B				CB		OVL			0000000000	00000000	-26,234,758.71	0.00	0.00	0.00	0.00	0.00	0.00	0.00	0.00	0.00	0.00	0.00	0.00	0.00	0.00	0.00	0.00	-1,013,429.72	0.00	0.00	0.00	0.00	0.00	0.00	0.00	0.00	0.00	0.00	0.00	0.00	0.00	0.00	0.00	0.00	-12,559.70	0.00	0.00	0.00	0.00	0.00	0.00	0.00	0.00	0.00	0.00	0.00	0.00	0.00	0.00	0.00	0.00
	500	4A	0	001	 2026	000000000001637860	000000000000000000	000000000000000000	USD		S	  016	OVL	MM1601	OE2	0000190289	JV			00000000	MMEP3BRE1B				CB		OVL			0000000000	00000000	        12,559.70	0.00	0.00	0.00	0.00	0.00	0.00	0.00	0.00	0.00	0.00	0.00	0.00	0.00	0.00	0.00	0.00	    1,013,429.72	0.00	0.00	0.00	0.00	0.00	0.00	0.00	0.00	0.00	0.00	0.00	0.00	0.00	0.00	0.00	0.00	     12,559.70	0.00	0.00	0.00	0.00	0.00	0.00	0.00	0.00	0.00	0.00	0.00	0.00	0.00	0.00	0.00	0.00
	500	4A	0	001	 2026	000000000001638821	000000000000000000	000000000000000000	USD		S	  016	OVL	MM1601	OE2	0000200904	JV	MMEP3BRE1B		00000000	MMEP3BRE1B				BR		OVL			0000000000	00000000	       200,000.00	0.00	0.00	0.00	0.00	0.00	0.00	0.00	0.00	0.00	0.00	0.00	0.00	0.00	0.00	0.00	0.00	   16,568,000.00	0.00	0.00	0.00	0.00	0.00	0.00	0.00	0.00	0.00	0.00	0.00	0.00	0.00	0.00	0.00	0.00	    200,000.00	0.00	0.00	0.00	0.00	0.00	0.00	0.00	0.00	0.00	0.00	0.00	0.00	0.00	0.00	0.00	0.00
	500	4A	0	001	 2026	000000000001638940	000000000000000000	000000000000000000	USD		H	  016	OVL	MM1601	OE2	0000200904	JV	MMEP3BRE1B		00000000	MMEP3BRE1B				CB		OVL			0000000000	00000000	-200,000.00	0.00	0.00	0.00	0.00	0.00	0.00	0.00	0.00	0.00	0.00	0.00	0.00	0.00	0.00	0.00	0.00	-16,568,000.00	0.00	0.00	0.00	0.00	0.00	0.00	0.00	0.00	0.00	0.00	0.00	0.00	0.00	0.00	0.00	0.00	-200,000.00	0.00	0.00	0.00	0.00	0.00	0.00	0.00	0.00	0.00	0.00	0.00	0.00	0.00	0.00	0.00	0.00
	500	4A	0	001	 2026	000000000001639249	000000000000000000	000000000000000000	USD		H	  016	OVL	MM1601	OE2	0000096490	JV			00000000	MMEP3BRE1B				NB		OVL			0000000000	00000000	-408.28	0.00	0.00	0.00	0.00	0.00	0.00	0.00	0.00	0.00	0.00	0.00	0.00	0.00	0.00	0.00	0.00	-33,564.66	0.00	0.00	0.00	0.00	0.00	0.00	0.00	0.00	0.00	0.00	0.00	0.00	0.00	0.00	0.00	0.00	-408.28	0.00	0.00	0.00	0.00	0.00	0.00	0.00	0.00	0.00	0.00	0.00	0.00	0.00	0.00	0.00	0.00
	500	4A	0	001	 2026	000000000001639249	000000000000000000	000000000000000000	USD		S	  016	OVL	MM1601	OE2	0000096490	JV			00000000	MMEP3BRE1B				NB		OVL			0000000000	00000000	           408.28	0.00	0.00	0.00	0.00	0.00	0.00	0.00	0.00	0.00	0.00	0.00	0.00	0.00	0.00	0.00	0.00	       33,564.66	0.00	0.00	0.00	0.00	0.00	0.00	0.00	0.00	0.00	0.00	0.00	0.00	0.00	0.00	0.00	0.00	        408.28	0.00	0.00	0.00	0.00	0.00	0.00	0.00	0.00	0.00	0.00	0.00	0.00	0.00	0.00	0.00	0.00
	500	4A	0	001	 2026	000000000001639889	000000000000000000	000000000000000000	INR		H	  016	OVL	MM1601	OE2	0000092608	JV	MMEP3BRE1B		00000000	MMEP3BRE1B				CP		OVL			0000000000	00000000	-220,525.92	0.00	0.00	0.00	0.00	0.00	0.00	0.00	0.00	0.00	0.00	0.00	0.00	0.00	0.00	0.00	0.00	-220,525.92	0.00	0.00	0.00	0.00	0.00	0.00	0.00	0.00	0.00	0.00	0.00	0.00	0.00	0.00	0.00	0.00	-2,664.00	0.00	0.00	0.00	0.00	0.00	0.00	0.00	0.00	0.00	0.00	0.00	0.00	0.00	0.00	0.00	0.00
	500	4A	0	001	 2026	000000000001639889	000000000000000000	000000000000000000	USD		S	  016	OVL	MM1601	OE2	0000092608	JV	MMEP3BRE1B		00000000	MMEP3BRE1B				CP		OVL			0000000000	00000000	         2,664.00	0.00	0.00	0.00	0.00	0.00	0.00	0.00	0.00	0.00	0.00	0.00	0.00	0.00	0.00	0.00	0.00	      220,525.92	0.00	0.00	0.00	0.00	0.00	0.00	0.00	0.00	0.00	0.00	0.00	0.00	0.00	0.00	0.00	0.00	      2,664.00	0.00	0.00	0.00	0.00	0.00	0.00	0.00	0.00	0.00	0.00	0.00	0.00	0.00	0.00	0.00	0.00
	500	4A	0	001	 2026	000000000001639890	000000000000000000	000000000000000000	INR		S	  016	OVL	MM1601	OE2	0000192604	JV	MMEP3BRE1B		00000000	MMEP3BRE1B				CP		OVL			0000000000	00000000	       220,525.92	0.00	0.00	0.00	0.00	0.00	0.00	0.00	0.00	0.00	0.00	0.00	0.00	0.00	0.00	0.00	0.00	      220,525.92	0.00	0.00	0.00	0.00	0.00	0.00	0.00	0.00	0.00	0.00	0.00	0.00	0.00	0.00	0.00	0.00	      2,664.00	0.00	0.00	0.00	0.00	0.00	0.00	0.00	0.00	0.00	0.00	0.00	0.00	0.00	0.00	0.00	0.00
	500	4A	0	001	 2026	000000000001639890	000000000000000000	000000000000000000	USD		H	  016	OVL	MM1601	OE2	0000192604	JV	MMEP3BRE1B		00000000	MMEP3BRE1B				CP		OVL			0000000000	00000000	-2,664.00	0.00	0.00	0.00	0.00	0.00	0.00	0.00	0.00	0.00	0.00	0.00	0.00	0.00	0.00	0.00	0.00	-220,525.92	0.00	0.00	0.00	0.00	0.00	0.00	0.00	0.00	0.00	0.00	0.00	0.00	0.00	0.00	0.00	0.00	-2,664.00	0.00	0.00	0.00	0.00	0.00	0.00	0.00	0.00	0.00	0.00	0.00	0.00	0.00	0.00	0.00	0.00
	500	4A	0	001	 2026	000000000001640340	000000000000000000	000000000000000000	USD		H	  016	OVL	MM1601	OE2	0000102103	JV			00000000	MMEP3BRE1B				BR		OVL			0000000000	00000000	-9,723.00	0.00	0.00	0.00	0.00	0.00	0.00	0.00	0.00	0.00	0.00	0.00	0.00	0.00	0.00	0.00	0.00	-798,306.91	0.00	0.00	0.00	0.00	0.00	0.00	0.00	0.00	0.00	0.00	0.00	0.00	0.00	0.00	0.00	0.00	-9,723.00	0.00	0.00	0.00	0.00	0.00	0.00	0.00	0.00	0.00	0.00	0.00	0.00	0.00	0.00	0.00	0.00
	500	4A	0	001	 2026	000000000001640340	000000000000000000	000000000000000000	USD		S	  016	OVL	MM1601	OE2	0000102103	JV			00000000	MMEP3BRE1B				BR		OVL			0000000000	00000000	         9,723.00	0.00	0.00	0.00	0.00	0.00	0.00	0.00	0.00	0.00	0.00	0.00	0.00	0.00	0.00	0.00	0.00	      797,480.46	0.00	0.00	0.00	0.00	0.00	0.00	0.00	0.00	0.00	0.00	0.00	0.00	0.00	0.00	0.00	0.00	      9,723.00	0.00	0.00	0.00	0.00	0.00	0.00	0.00	0.00	0.00	0.00	0.00	0.00	0.00	0.00	0.00	0.00
	500	4A	0	001	 2026	000000000001640629	000000000000000000	000000000000000000	MMK		H	  016	OVL	MM1601	OE2	0000201920	JV	OVLJVCP001		00000000	OVLJVCORP				CB		OVL			0000000000	00000000	             0.00	0.00	0.00	0.00	0.00	0.00	0.00	0.00	0.00	0.00	0.00	0.00	0.00	0.00	0.00	0.00	0.00	-26,380.95	0.00	0.00	0.00	0.00	0.00	0.00	0.00	0.00	0.00	0.00	0.00	0.00	0.00	0.00	0.00	0.00	-393.93	0.00	0.00	0.00	0.00	0.00	0.00	0.00	0.00	0.00	0.00	0.00	0.00	0.00	0.00	0.00	0.00
	500	4A	0	001	 2026	000000000001640629	000000000000000000	000000000000000000	MMK		S	  016	OVL	MM1601	OE2	0000201920	JV	OVLJVCP001		00000000	OVLJVCORP				CB		OVL			0000000000	00000000	         4,087.87	0.00	0.00	0.00	0.00	0.00	0.00	0.00	0.00	0.00	0.00	0.00	0.00	0.00	0.00	0.00	0.00	            0.00	0.00	0.00	0.00	0.00	0.00	0.00	0.00	0.00	0.00	0.00	0.00	0.00	0.00	0.00	0.00	0.00	          0.00	0.00	0.00	0.00	0.00	0.00	0.00	0.00	0.00	0.00	0.00	0.00	0.00	0.00	0.00	0.00	0.00
	500	4A	0	001	 2026	000000000001640629	000000000000000000	000000000000000000	USD		H	  016	OVL	MM1601	OE2	0000201920	JV	OVLJVCP001		00000000	OVLJVCORP				CB		OVL			0000000000	00000000	-79.75	0.00	0.00	0.00	0.00	0.00	0.00	0.00	0.00	0.00	0.00	0.00	0.00	0.00	0.00	0.00	0.00	-59,520.37	0.00	0.00	0.00	0.00	0.00	0.00	0.00	0.00	0.00	0.00	0.00	0.00	0.00	0.00	0.00	0.00	-79.75	0.00	0.00	0.00	0.00	0.00	0.00	0.00	0.00	0.00	0.00	0.00	0.00	0.00	0.00	0.00	0.00
	500	4A	0	001	 2026	000000000001640629	000000000000000000	000000000000000000	USD		S	  016	OVL	MM1601	OE2	0000201920	JV	OVLJVCP001		00000000	OVLJVCORP				CB		OVL			0000000000	00000000	         3,003.10	0.00	0.00	0.00	0.00	0.00	0.00	0.00	0.00	0.00	0.00	0.00	0.00	0.00	0.00	0.00	0.00	      334,476.61	0.00	0.00	0.00	0.00	0.00	0.00	0.00	0.00	0.00	0.00	0.00	0.00	0.00	0.00	0.00	0.00	      3,003.10	0.00	0.00	0.00	0.00	0.00	0.00	0.00	0.00	0.00	0.00	0.00	0.00	0.00	0.00	0.00	0.00
	500	4A	0	001	 2026	000000000001640631	000000000000000000	000000000000000000	USD		H	  016	OVL	MM1601	OE2	0000102103	JV			00000000	MMEP3BRE1B				CB		OVL			0000000000	00000000	-7,292.25	0.00	0.00	0.00	0.00	0.00	0.00	0.00	0.00	0.00	0.00	0.00	0.00	0.00	0.00	0.00	0.00	-598,231.88	0.00	0.00	0.00	0.00	0.00	0.00	0.00	0.00	0.00	0.00	0.00	0.00	0.00	0.00	0.00	0.00	-7,292.25	0.00	0.00	0.00	0.00	0.00	0.00	0.00	0.00	0.00	0.00	0.00	0.00	0.00	0.00	0.00	0.00
	500	4A	0	001	 2026	000000000001640631	000000000000000000	000000000000000000	USD		S	  016	OVL	MM1601	OE2	0000102103	JV			00000000	MMEP3BRE1B				CB		OVL			0000000000	00000000	         7,292.25	0.00	0.00	0.00	0.00	0.00	0.00	0.00	0.00	0.00	0.00	0.00	0.00	0.00	0.00	0.00	0.00	      599,058.33	0.00	0.00	0.00	0.00	0.00	0.00	0.00	0.00	0.00	0.00	0.00	0.00	0.00	0.00	0.00	0.00	      7,292.25	0.00	0.00	0.00	0.00	0.00	0.00	0.00	0.00	0.00	0.00	0.00	0.00	0.00	0.00	0.00	0.00
	500	4A	0	001	 2026	000000000001641276	000000000000000000	000000000000000000	USD		H	  016	OVL	MM1601	OE2	0000201922	JV			00000000	MMEP3BRE1B				BR		OVL			0000000000	00000000	-0.03	0.00	0.00	0.00	0.00	0.00	0.00	0.00	0.00	0.00	0.00	0.00	0.00	0.00	0.00	0.00	0.00	-5,723,873.01	0.00	0.00	0.00	0.00	0.00	0.00	0.00	0.00	0.00	0.00	0.00	0.00	0.00	0.00	0.00	0.00	-0.03	0.00	0.00	0.00	0.00	0.00	0.00	0.00	0.00	0.00	0.00	0.00	0.00	0.00	0.00	0.00	0.00
	500	4A	0	001	 2026	000000000001641276	000000000000000000	000000000000000000	USD		S	  016	OVL	MM1601	OE2	0000201922	JV			00000000	MMEP3BRE1B				BR		OVL			0000000000	00000000	             0.03	0.00	0.00	0.00	0.00	0.00	0.00	0.00	0.00	0.00	0.00	0.00	0.00	0.00	0.00	0.00	0.00	    1,838,167.33	0.00	0.00	0.00	0.00	0.00	0.00	0.00	0.00	0.00	0.00	0.00	0.00	0.00	0.00	0.00	0.00	          0.03	0.00	0.00	0.00	0.00	0.00	0.00	0.00	0.00	0.00	0.00	0.00	0.00	0.00	0.00	0.00	0.00
	500	4A	0	001	 2026	000000000001641458	000000000000000000	000000000000000000	USD		H	  016	OVL	MM1601	OE2	0000201922	JV			00000000	MMEP3BRE1B				CP		OVL			0000000000	00000000	             0.00	0.00	0.00	0.00	0.00	0.00	0.00	0.00	0.00	0.00	0.00	0.00	0.00	0.00	0.00	0.00	0.00	-1,919,413.53	0.00	0.00	0.00	0.00	0.00	0.00	0.00	0.00	0.00	0.00	0.00	0.00	0.00	0.00	0.00	0.00	          0.00	0.00	0.00	0.00	0.00	0.00	0.00	0.00	0.00	0.00	0.00	0.00	0.00	0.00	0.00	0.00	0.00
	500	4A	0	001	 2026	000000000001641458	000000000000000000	000000000000000000	USD		S	  016	OVL	MM1601	OE2	0000201922	JV			00000000	MMEP3BRE1B				CP		OVL			0000000000	00000000	             0.00	0.00	0.00	0.00	0.00	0.00	0.00	0.00	0.00	0.00	0.00	0.00	0.00	0.00	0.00	0.00	0.00	      165,684.24	0.00	0.00	0.00	0.00	0.00	0.00	0.00	0.00	0.00	0.00	0.00	0.00	0.00	0.00	0.00	0.00	          0.00	0.00	0.00	0.00	0.00	0.00	0.00	0.00	0.00	0.00	0.00	0.00	0.00	0.00	0.00	0.00	0.00
	500	4A	0	001	 2026	000000000001641505	000000000000000000	000000000000000000	USD		H	  016	OVL	MM1601	OE2	0000209891	JV	MMEP3BRE1B		00000000	MMEP3BRE1B				BR		OVL			0000000000	00000000	-29,661.94	0.00	0.00	0.00	0.00	0.00	0.00	0.00	0.00	0.00	0.00	0.00	0.00	0.00	0.00	0.00	0.00	-2,436,728.37	0.00	0.00	0.00	0.00	0.00	0.00	0.00	0.00	0.00	0.00	0.00	0.00	0.00	0.00	0.00	0.00	-29,661.94	0.00	0.00	0.00	0.00	0.00	0.00	0.00	0.00	0.00	0.00	0.00	0.00	0.00	0.00	0.00	0.00
	500	4A	0	001	 2026	000000000001641522	000000000000000000	000000000000000000	MMK		H	  016	OVL	MM1601	OE2	0000100297	JV			00000000	MMEP3BRE1B				BR		OVL			0000000000	00000000	-35,280,000.00	0.00	0.00	0.00	0.00	0.00	0.00	0.00	0.00	0.00	0.00	0.00	0.00	0.00	0.00	0.00	0.00	-1,391,178.60	0.00	0.00	0.00	0.00	0.00	0.00	0.00	0.00	0.00	0.00	0.00	0.00	0.00	0.00	0.00	0.00	-16,934.40	0.00	0.00	0.00	0.00	0.00	0.00	0.00	0.00	0.00	0.00	0.00	0.00	0.00	0.00	0.00	0.00
	500	4A	0	001	 2026	000000000001641522	000000000000000000	000000000000000000	MMK		S	  016	OVL	MM1601	OE2	0000100297	JV			00000000	MMEP3BRE1B				BR		OVL			0000000000	00000000	    35,280,000.00	0.00	0.00	0.00	0.00	0.00	0.00	0.00	0.00	0.00	0.00	0.00	0.00	0.00	0.00	0.00	0.00	    1,391,178.60	0.00	0.00	0.00	0.00	0.00	0.00	0.00	0.00	0.00	0.00	0.00	0.00	0.00	0.00	0.00	0.00	     16,934.40	0.00	0.00	0.00	0.00	0.00	0.00	0.00	0.00	0.00	0.00	0.00	0.00	0.00	0.00	0.00	0.00
	500	4A	0	001	 2026	000000000001641529	000000000000000000	000000000000000000	MMK		H	  016	OVL	MM1601	OE2	0000321005	JV			00000000	MMEP3BRE1B				CB		OVL			0000000000	00000000	-17,640,000.00	0.00	0.00	0.00	0.00	0.00	0.00	0.00	0.00	0.00	0.00	0.00	0.00	0.00	0.00	0.00	0.00	-696,339.00	0.00	0.00	0.00	0.00	0.00	0.00	0.00	0.00	0.00	0.00	0.00	0.00	0.00	0.00	0.00	0.00	-8,467.20	0.00	0.00	0.00	0.00	0.00	0.00	0.00	0.00	0.00	0.00	0.00	0.00	0.00	0.00	0.00	0.00
	500	4A	0	001	 2026	000000000001641529	000000000000000000	000000000000000000	MMK		S	  016	OVL	MM1601	OE2	0000321005	JV			00000000	MMEP3BRE1B				CB		OVL			0000000000	00000000	    17,640,000.00	0.00	0.00	0.00	0.00	0.00	0.00	0.00	0.00	0.00	0.00	0.00	0.00	0.00	0.00	0.00	0.00	      696,339.00	0.00	0.00	0.00	0.00	0.00	0.00	0.00	0.00	0.00	0.00	0.00	0.00	0.00	0.00	0.00	0.00	      8,467.20	0.00	0.00	0.00	0.00	0.00	0.00	0.00	0.00	0.00	0.00	0.00	0.00	0.00	0.00	0.00	0.00
	500	4A	0	001	 2026	000000000001641542	000000000000000000	000000000000000000	USD		H	  016	OVL	MM1601	OE2	0000201922	JV			00000000	MMEP3BRE1B				CB		OVL			0000000000	00000000	             0.00	0.00	0.00	0.00	0.00	0.00	0.00	0.00	0.00	0.00	0.00	0.00	0.00	0.00	0.00	0.00	0.00	-31,930.80	0.00	0.00	0.00	0.00	0.00	0.00	0.00	0.00	0.00	0.00	0.00	0.00	0.00	0.00	0.00	0.00	-1,333.56	0.00	0.00	0.00	0.00	0.00	0.00	0.00	0.00	0.00	0.00	0.00	0.00	0.00	0.00	0.00	0.00
	500	4A	0	001	 2026	000000000001641542	000000000000000000	000000000000000000	USD		S	  016	OVL	MM1601	OE2	0000201922	JV			00000000	MMEP3BRE1B				CB		OVL			0000000000	00000000	             0.00	0.00	0.00	0.00	0.00	0.00	0.00	0.00	0.00	0.00	0.00	0.00	0.00	0.00	0.00	0.00	0.00	    5,664,865.14	0.00	0.00	0.00	0.00	0.00	0.00	0.00	0.00	0.00	0.00	0.00	0.00	0.00	0.00	0.00	0.00	      1,333.56	0.00	0.00	0.00	0.00	0.00	0.00	0.00	0.00	0.00	0.00	0.00	0.00	0.00	0.00	0.00	0.00
	500	4A	0	001	 2026	000000000001641543	000000000000000000	000000000000000000	USD		S	  016	OVL	MM1601	OE2	0000209891	JV	MMEP3BRE1B		00000000	MMEP3BRE1B				CB		OVL			0000000000	00000000	        29,661.94	0.00	0.00	0.00	0.00	0.00	0.00	0.00	0.00	0.00	0.00	0.00	0.00	0.00	0.00	0.00	0.00	    2,436,728.37	0.00	0.00	0.00	0.00	0.00	0.00	0.00	0.00	0.00	0.00	0.00	0.00	0.00	0.00	0.00	0.00	     29,661.94	0.00	0.00	0.00	0.00	0.00	0.00	0.00	0.00	0.00	0.00	0.00	0.00	0.00	0.00	0.00	0.00
	500	4A	0	001	 2026	000000000001641636	000000000000000000	000000000000000000	USD		H	  016	OVL	MM1601	OE2	0000100708	JV			00000000	MMEP3BRE1B				CP		OVL			0000000000	00000000	-4,161,685.00	0.00	0.00	0.00	0.00	0.00	0.00	0.00	0.00	0.00	0.00	0.00	0.00	0.00	0.00	0.00	0.00	-267,685,767.46	0.00	0.00	0.00	0.00	0.00	0.00	0.00	0.00	0.00	0.00	0.00	0.00	0.00	0.00	0.00	0.00	-4,161,685.00	0.00	0.00	0.00	0.00	0.00	0.00	0.00	0.00	0.00	0.00	0.00	0.00	0.00	0.00	0.00	0.00
	500	4A	0	001	 2026	000000000001641636	000000000000000000	000000000000000000	USD		S	  016	OVL	MM1601	OE2	0000100708	JV			00000000	MMEP3BRE1B				CP		OVL			0000000000	00000000	     2,108,257.09	0.00	0.00	0.00	0.00	0.00	0.00	0.00	0.00	0.00	0.00	0.00	0.00	0.00	0.00	0.00	0.00	  136,413,001.54	0.00	0.00	0.00	0.00	0.00	0.00	0.00	0.00	0.00	0.00	0.00	0.00	0.00	0.00	0.00	0.00	  2,108,257.09	0.00	0.00	0.00	0.00	0.00	0.00	0.00	0.00	0.00	0.00	0.00	0.00	0.00	0.00	0.00	0.00
	500	4A	0	001	 2026	000000000001642067	000000000000000000	000000000000000000	USD		S	  016	OVL	MM1601	OE2	0000109905	JV			00000000	MMEP3BRE1B				NB		OVL			0000000000	00000000	         1,905.55	0.00	0.00	0.00	0.00	0.00	0.00	0.00	0.00	0.00	0.00	0.00	0.00	0.00	0.00	0.00	0.00	      156,369.43	0.00	0.00	0.00	0.00	0.00	0.00	0.00	0.00	0.00	0.00	0.00	0.00	0.00	0.00	0.00	0.00	      1,905.55	0.00	0.00	0.00	0.00	0.00	0.00	0.00	0.00	0.00	0.00	0.00	0.00	0.00	0.00	0.00	0.00
	500	4A	0	001	 2026	000000000001642407	000000000000000000	000000000000000000	USD		H	  016	OVL	MM1601	OE1	0000201922	JV			00000000	MMEP3BRE1B				CB		OVL			0000000000	00000000	             0.00	0.00	0.00	0.00	0.00	0.00	0.00	0.00	0.00	0.00	0.00	0.00	0.00	0.00	0.00	0.00	0.00	-6,840,671.71	0.00	0.00	0.00	0.00	0.00	0.00	0.00	0.00	0.00	0.00	0.00	0.00	0.00	0.00	0.00	0.00	          0.00	0.00	0.00	0.00	0.00	0.00	0.00	0.00	0.00	0.00	0.00	0.00	0.00	0.00	0.00	0.00	0.00
	500	4A	0	001	 2026	000000000001643084	000000000000000000	000000000000000000	MMK		H	  016	OVL	MM1601	OE2	0000201411	JV	MMEP3BRE1B		00000000	MMEP3BRE1B				BR		OVL			0000000000	00000000	-1,795,000.00	0.00	0.00	0.00	0.00	0.00	0.00	0.00	0.00	0.00	0.00	0.00	0.00	0.00	0.00	0.00	0.00	-72,446.20	0.00	0.00	0.00	0.00	0.00	0.00	0.00	0.00	0.00	0.00	0.00	0.00	0.00	0.00	0.00	0.00	-861.60	0.00	0.00	0.00	0.00	0.00	0.00	0.00	0.00	0.00	0.00	0.00	0.00	0.00	0.00	0.00	0.00
	500	4A	0	001	 2026	000000000001643084	000000000000000000	000000000000000000	MMK		S	  016	OVL	MM1601	OE2	0000201411	JV	MMEP3BRE1B		00000000	MMEP3BRE1B				BR		OVL			0000000000	00000000	     6,782,500.00	0.00	0.00	0.00	0.00	0.00	0.00	0.00	0.00	0.00	0.00	0.00	0.00	0.00	0.00	0.00	0.00	      274,668.60	0.00	0.00	0.00	0.00	0.00	0.00	0.00	0.00	0.00	0.00	0.00	0.00	0.00	0.00	0.00	0.00	      3,255.60	0.00	0.00	0.00	0.00	0.00	0.00	0.00	0.00	0.00	0.00	0.00	0.00	0.00	0.00	0.00	0.00
	500	4A	0	001	 2026	000000000001643092	000000000000000000	000000000000000000	MMK		H	  016	OVL	MM1601	OE2	0000201411	JV	MMEP3BRE1B		00000000	MMEP3BRE1B				CB		OVL			0000000000	00000000	-4,987,500.00	0.00	0.00	0.00	0.00	0.00	0.00	0.00	0.00	0.00	0.00	0.00	0.00	0.00	0.00	0.00	0.00	-202,222.40	0.00	0.00	0.00	0.00	0.00	0.00	0.00	0.00	0.00	0.00	0.00	0.00	0.00	0.00	0.00	0.00	-2,394.00	0.00	0.00	0.00	0.00	0.00	0.00	0.00	0.00	0.00	0.00	0.00	0.00	0.00	0.00	0.00	0.00
	500	4A	0	001	 2026	000000000001647964	000000000000000000	000000000000000000	USD		H	  016	OVL	MM1601	OE2	0000200355	JV	MMEP3BRE1B		00000000	MMEP3BRE1B				NB		OVL			0000000000	00000000	-17,446.41	0.00	0.00	0.00	0.00	0.00	0.00	0.00	0.00	0.00	0.00	0.00	0.00	0.00	0.00	0.00	0.00	-1,476,605.34	0.00	0.00	0.00	0.00	0.00	0.00	0.00	0.00	0.00	0.00	0.00	0.00	0.00	0.00	0.00	0.00	-17,446.41	0.00	0.00	0.00	0.00	0.00	0.00	0.00	0.00	0.00	0.00	0.00	0.00	0.00	0.00	0.00	0.00
	500	4A	0	001	 2026	000000000001647964	000000000000000000	000000000000000000	USD		S	  016	OVL	MM1601	OE2	0000200355	JV	MMEP3BRE1B		00000000	MMEP3BRE1B				NB		OVL			0000000000	00000000	        17,446.41	0.00	0.00	0.00	0.00	0.00	0.00	0.00	0.00	0.00	0.00	0.00	0.00	0.00	0.00	0.00	0.00	    1,476,605.34	0.00	0.00	0.00	0.00	0.00	0.00	0.00	0.00	0.00	0.00	0.00	0.00	0.00	0.00	0.00	0.00	     17,446.41	0.00	0.00	0.00	0.00	0.00	0.00	0.00	0.00	0.00	0.00	0.00	0.00	0.00	0.00	0.00	0.00
	500	4A	0	001	 2026	000000000001648469	000000000000000000	000000000000000000	INR		H	  016	OVL	MM1601	OE2	0000091299	JV			00000000	MMEP3BRE1B				CB		OVL			0000000000	00000000	-382,883.65	0.00	0.00	0.00	0.00	0.00	0.00	0.00	0.00	0.00	0.00	0.00	0.00	0.00	0.00	0.00	0.00	-382,883.65	0.00	0.00	0.00	0.00	0.00	0.00	0.00	0.00	0.00	0.00	0.00	0.00	0.00	0.00	0.00	0.00	-4,384.14	0.00	0.00	0.00	0.00	0.00	0.00	0.00	0.00	0.00	0.00	0.00	0.00	0.00	0.00	0.00	0.00
	500	4A	0	001	 2026	000000000001648469	000000000000000000	000000000000000000	INR		S	  016	OVL	MM1601	OE2	0000091299	JV			00000000	MMEP3BRE1B				CB		OVL			0000000000	00000000	       265,265.60	0.00	0.00	0.00	0.00	0.00	0.00	0.00	0.00	0.00	0.00	0.00	0.00	0.00	0.00	0.00	0.00	      265,265.60	0.00	0.00	0.00	0.00	0.00	0.00	0.00	0.00	0.00	0.00	0.00	0.00	0.00	0.00	0.00	0.00	      3,170.00	0.00	0.00	0.00	0.00	0.00	0.00	0.00	0.00	0.00	0.00	0.00	0.00	0.00	0.00	0.00	0.00
	500	4A	0	001	 2026	000000000001648469	000000000000000000	000000000000000000	MMK		H	  016	OVL	MM1601	OE2	0000091299	JV			00000000	MMEP3BRE1B				CB		OVL			0000000000	00000000	-23,940,000.00	0.00	0.00	0.00	0.00	0.00	0.00	0.00	0.00	0.00	0.00	0.00	0.00	0.00	0.00	0.00	0.00	-957,373.20	0.00	0.00	0.00	0.00	0.00	0.00	0.00	0.00	0.00	0.00	0.00	0.00	0.00	0.00	0.00	0.00	-12,387.20	0.00	0.00	0.00	0.00	0.00	0.00	0.00	0.00	0.00	0.00	0.00	0.00	0.00	0.00	0.00	0.00
	500	4A	0	001	 2026	000000000001648469	000000000000000000	000000000000000000	MMK		S	  016	OVL	MM1601	OE2	0000091299	JV			00000000	MMEP3BRE1B				CB		OVL			0000000000	00000000	   499,351,000.45	0.00	0.00	0.00	0.00	0.00	0.00	0.00	0.00	0.00	0.00	0.00	0.00	0.00	0.00	0.00	0.00	   20,575,993.81	0.00	0.00	0.00	0.00	0.00	0.00	0.00	0.00	0.00	0.00	0.00	0.00	0.00	0.00	0.00	0.00	    235,651.64	0.00	0.00	0.00	0.00	0.00	0.00	0.00	0.00	0.00	0.00	0.00	0.00	0.00	0.00	0.00	0.00
	500	4A	0	001	 2026	000000000001648469	000000000000000000	000000000000000000	USD		H	  016	OVL	MM1601	OE2	0000091299	JV			00000000	MMEP3BRE1B				CB		OVL			0000000000	00000000	-305,511.70	0.00	0.00	0.00	0.00	0.00	0.00	0.00	0.00	0.00	0.00	0.00	0.00	0.00	0.00	0.00	0.00	-26,277,954.56	0.00	0.00	0.00	0.00	0.00	0.00	0.00	0.00	0.00	0.00	0.00	0.00	0.00	0.00	0.00	0.00	-303,346.30	0.00	0.00	0.00	0.00	0.00	0.00	0.00	0.00	0.00	0.00	0.00	0.00	0.00	0.00	0.00	0.00
	500	4A	0	001	 2026	000000000001648469	000000000000000000	000000000000000000	USD		S	  016	OVL	MM1601	OE2	0000091299	JV			00000000	MMEP3BRE1B				CB		OVL			0000000000	00000000	        80,400.00	0.00	0.00	0.00	0.00	0.00	0.00	0.00	0.00	0.00	0.00	0.00	0.00	0.00	0.00	0.00	0.00	    6,776,952.00	0.00	0.00	0.00	0.00	0.00	0.00	0.00	0.00	0.00	0.00	0.00	0.00	0.00	0.00	0.00	0.00	     81,296.00	0.00	0.00	0.00	0.00	0.00	0.00	0.00	0.00	0.00	0.00	0.00	0.00	0.00	0.00	0.00	0.00
	500	4A	0	001	 2026	000000000001648473	000000000000000000	000000000000000000	MMK		H	  016	OVL	MM1601	OE2	0000091299	JV			00000000	MMEP3BRE1B				NB		OVL			0000000000	00000000	-133,517,540.00	0.00	0.00	0.00	0.00	0.00	0.00	0.00	0.00	0.00	0.00	0.00	0.00	0.00	0.00	0.00	0.00	-5,780,231.64	0.00	0.00	0.00	0.00	0.00	0.00	0.00	0.00	0.00	0.00	0.00	0.00	0.00	0.00	0.00	0.00	-47,421.26	0.00	0.00	0.00	0.00	0.00	0.00	0.00	0.00	0.00	0.00	0.00	0.00	0.00	0.00	0.00	0.00
	500	4A	0	001	 2026	000000000001648473	000000000000000000	000000000000000000	MMK		S	  016	OVL	MM1601	OE2	0000091299	JV			00000000	MMEP3BRE1B				NB		OVL			0000000000	00000000	    51,383,170.00	0.00	0.00	0.00	0.00	0.00	0.00	0.00	0.00	0.00	0.00	0.00	0.00	0.00	0.00	0.00	0.00	    2,208,972.82	0.00	0.00	0.00	0.00	0.00	0.00	0.00	0.00	0.00	0.00	0.00	0.00	0.00	0.00	0.00	0.00	     21,560.27	0.00	0.00	0.00	0.00	0.00	0.00	0.00	0.00	0.00	0.00	0.00	0.00	0.00	0.00	0.00	0.00
	500	4A	0	001	 2026	000000000001648473	000000000000000000	000000000000000000	USD		H	  016	OVL	MM1601	OE2	0000091299	JV			00000000	MMEP3BRE1B				NB		OVL			0000000000	00000000	-121,693.40	0.00	0.00	0.00	0.00	0.00	0.00	0.00	0.00	0.00	0.00	0.00	0.00	0.00	0.00	0.00	0.00	-10,883,101.98	0.00	0.00	0.00	0.00	0.00	0.00	0.00	0.00	0.00	0.00	0.00	0.00	0.00	0.00	0.00	0.00	-107,965.00	0.00	0.00	0.00	0.00	0.00	0.00	0.00	0.00	0.00	0.00	0.00	0.00	0.00	0.00	0.00	0.00
	500	4A	0	001	 2026	000000000001648473	000000000000000000	000000000000000000	USD		S	  016	OVL	MM1601	OE2	0000091299	JV			00000000	MMEP3BRE1B				NB		OVL			0000000000	00000000	       160,840.33	0.00	0.00	0.00	0.00	0.00	0.00	0.00	0.00	0.00	0.00	0.00	0.00	0.00	0.00	0.00	0.00	   14,454,360.80	0.00	0.00	0.00	0.00	0.00	0.00	0.00	0.00	0.00	0.00	0.00	0.00	0.00	0.00	0.00	0.00	    133,825.99	0.00	0.00	0.00	0.00	0.00	0.00	0.00	0.00	0.00	0.00	0.00	0.00	0.00	0.00	0.00	0.00
	500	4A	0	001	 2026	000000000001649196	000000000000000000	000000000000000000	MMK		S	  016	OVL	MM1601	OE2	0000200499	JV	MMEP3BRE1B		00000000	MMEP3BRE1B				BR		OVL			0000000000	00000000	     6,428,337.00	0.00	0.00	0.00	0.00	0.00	0.00	0.00	0.00	0.00	0.00	0.00	0.00	0.00	0.00	0.00	0.00	      258,426.09	0.00	0.00	0.00	0.00	0.00	0.00	0.00	0.00	0.00	0.00	0.00	0.00	0.00	0.00	0.00	0.00	      3,085.61	0.00	0.00	0.00	0.00	0.00	0.00	0.00	0.00	0.00	0.00	0.00	0.00	0.00	0.00	0.00	0.00
	500	4A	0	001	 2026	000000000001649211	000000000000000000	000000000000000000	MMK		H	  016	OVL	MM1601	OE2	0000200499	JV	MMEP3BRE1B		00000000	MMEP3BRE1B				CB		OVL			0000000000	00000000	-6,428,337.00	0.00	0.00	0.00	0.00	0.00	0.00	0.00	0.00	0.00	0.00	0.00	0.00	0.00	0.00	0.00	0.00	-258,426.09	0.00	0.00	0.00	0.00	0.00	0.00	0.00	0.00	0.00	0.00	0.00	0.00	0.00	0.00	0.00	0.00	-3,085.61	0.00	0.00	0.00	0.00	0.00	0.00	0.00	0.00	0.00	0.00	0.00	0.00	0.00	0.00	0.00	0.00
	500	4A	0	001	 2026	000000000001654981	000000000000000000	000000000000000000	MMK		H	  016	OVL	MM1601	OE2	0000201206	JV	MMEP3BRE1B		00000000	MMEP3BRE1B				BR		OVL			0000000000	00000000	-308,175.00	0.00	0.00	0.00	0.00	0.00	0.00	0.00	0.00	0.00	0.00	0.00	0.00	0.00	0.00	0.00	0.00	-13,131.34	0.00	0.00	0.00	0.00	0.00	0.00	0.00	0.00	0.00	0.00	0.00	0.00	0.00	0.00	0.00	0.00	-147.92	0.00	0.00	0.00	0.00	0.00	0.00	0.00	0.00	0.00	0.00	0.00	0.00	0.00	0.00	0.00	0.00
	500	4A	0	001	 2026	000000000001654981	000000000000000000	000000000000000000	MMK		S	  016	OVL	MM1601	OE2	0000201206	JV	MMEP3BRE1B		00000000	MMEP3BRE1B				BR		OVL			0000000000	00000000	     2,967,815.00	0.00	0.00	0.00	0.00	0.00	0.00	0.00	0.00	0.00	0.00	0.00	0.00	0.00	0.00	0.00	0.00	      121,779.07	0.00	0.00	0.00	0.00	0.00	0.00	0.00	0.00	0.00	0.00	0.00	0.00	0.00	0.00	0.00	0.00	      1,424.54	0.00	0.00	0.00	0.00	0.00	0.00	0.00	0.00	0.00	0.00	0.00	0.00	0.00	0.00	0.00	0.00
	500	4A	0	001	 2026	000000000001654986	000000000000000000	000000000000000000	MMK		S	  016	OVL	MM1601	OE2	0000010602	JV	MMEP3BRE1D		00000000	MMEP3BRE1B	000106017062	0000	100	BR		OVL			0000000000	00000000	       302,500.00	0.00	0.00	0.00	0.00	0.00	0.00	0.00	0.00	0.00	0.00	0.00	0.00	0.00	0.00	0.00	0.00	       12,112.10	0.00	0.00	0.00	0.00	0.00	0.00	0.00	0.00	0.00	0.00	0.00	0.00	0.00	0.00	0.00	0.00	        145.20	0.00	0.00	0.00	0.00	0.00	0.00	0.00	0.00	0.00	0.00	0.00	0.00	0.00	0.00	0.00	0.00
	500	4A	0	001	 2026	000000000001655164	000000000000000000	000000000000000000	MMK		H	  016	OVL	MM1601	OE2	0000010602	JV	MMEP3BRE1D		00000000	MMEP3BRE1B	000106017062	0000	100	CB		OVL			0000000000	00000000	-302,500.00	0.00	0.00	0.00	0.00	0.00	0.00	0.00	0.00	0.00	0.00	0.00	0.00	0.00	0.00	0.00	0.00	-12,112.10	0.00	0.00	0.00	0.00	0.00	0.00	0.00	0.00	0.00	0.00	0.00	0.00	0.00	0.00	0.00	0.00	-145.20	0.00	0.00	0.00	0.00	0.00	0.00	0.00	0.00	0.00	0.00	0.00	0.00	0.00	0.00	0.00	0.00
	500	4A	0	001	 2026	000000000001655165	000000000000000000	000000000000000000	MMK		H	  016	OVL	MM1601	OE2	0000320061	JV	MMEP3BRE1D		00000000	MMEP3BRE1B				CB		OVL			0000000000	00000000	-11,052,400.00	0.00	0.00	0.00	0.00	0.00	0.00	0.00	0.00	0.00	0.00	0.00	0.00	0.00	0.00	0.00	0.00	-449,418.03	0.00	0.00	0.00	0.00	0.00	0.00	0.00	0.00	0.00	0.00	0.00	0.00	0.00	0.00	0.00	0.00	-5,305.15	0.00	0.00	0.00	0.00	0.00	0.00	0.00	0.00	0.00	0.00	0.00	0.00	0.00	0.00	0.00	0.00
	500	4A	0	001	 2026	000000000001655165	000000000000000000	000000000000000000	MMK		S	  016	OVL	MM1601	OE2	0000320061	JV	MMEP3BRE1D		00000000	MMEP3BRE1B				CB		OVL			0000000000	00000000	    11,052,400.00	0.00	0.00	0.00	0.00	0.00	0.00	0.00	0.00	0.00	0.00	0.00	0.00	0.00	0.00	0.00	0.00	      449,418.03	0.00	0.00	0.00	0.00	0.00	0.00	0.00	0.00	0.00	0.00	0.00	0.00	0.00	0.00	0.00	0.00	      5,305.15	0.00	0.00	0.00	0.00	0.00	0.00	0.00	0.00	0.00	0.00	0.00	0.00	0.00	0.00	0.00	0.00
	500	4A	0	001	 2026	000000000001655166	000000000000000000	000000000000000000	MMK		H	  016	OVL	MM1601	OE2	0000201206	JV	MMEP3BRE1B		00000000	MMEP3BRE1B				CB		OVL			0000000000	00000000	-2,659,640.00	0.00	0.00	0.00	0.00	0.00	0.00	0.00	0.00	0.00	0.00	0.00	0.00	0.00	0.00	0.00	0.00	-108,647.73	0.00	0.00	0.00	0.00	0.00	0.00	0.00	0.00	0.00	0.00	0.00	0.00	0.00	0.00	0.00	0.00	-1,276.62	0.00	0.00	0.00	0.00	0.00	0.00	0.00	0.00	0.00	0.00	0.00	0.00	0.00	0.00	0.00	0.00
	500	4A	0	001	 2026	000000000001655264	000000000000000000	000000000000000000	USD		H	  016	OVL	MM1601	OE2	0000093237	JV			00000000	MMEP3BRE1B				BR		OVL			0000000000	00000000	-283,104.76	0.00	0.00	0.00	0.00	0.00	0.00	0.00	0.00	0.00	0.00	0.00	0.00	0.00	0.00	0.00	0.00	-24,804,166.80	0.00	0.00	0.00	0.00	0.00	0.00	0.00	0.00	0.00	0.00	0.00	0.00	0.00	0.00	0.00	0.00	-283,104.76	0.00	0.00	0.00	0.00	0.00	0.00	0.00	0.00	0.00	0.00	0.00	0.00	0.00	0.00	0.00	0.00
	500	4A	0	001	 2026	000000000001655264	000000000000000000	000000000000000000	USD		S	  016	OVL	MM1601	OE2	0000093237	JV			00000000	MMEP3BRE1B				BR		OVL			0000000000	00000000	       299,126.23	0.00	0.00	0.00	0.00	0.00	0.00	0.00	0.00	0.00	0.00	0.00	0.00	0.00	0.00	0.00	0.00	   26,444,821.71	0.00	0.00	0.00	0.00	0.00	0.00	0.00	0.00	0.00	0.00	0.00	0.00	0.00	0.00	0.00	0.00	    299,126.23	0.00	0.00	0.00	0.00	0.00	0.00	0.00	0.00	0.00	0.00	0.00	0.00	0.00	0.00	0.00	0.00
	500	4A	0	001	 2026	000000000001655308	000000000000000000	000000000000000000	USD		H	  016	OVL	MM1601	OE2	0000200449	JV	MMEP3BRE1B		00000000	MMEP3BRE1B				CP		OVL			0000000000	00000000	-273.00	0.00	0.00	0.00	0.00	0.00	0.00	0.00	0.00	0.00	0.00	0.00	0.00	0.00	0.00	0.00	0.00	-22,959.30	0.00	0.00	0.00	0.00	0.00	0.00	0.00	0.00	0.00	0.00	0.00	0.00	0.00	0.00	0.00	0.00	-273.00	0.00	0.00	0.00	0.00	0.00	0.00	0.00	0.00	0.00	0.00	0.00	0.00	0.00	0.00	0.00	0.00
	500	4A	0	001	 2026	000000000001655308	000000000000000000	000000000000000000	USD		S	  016	OVL	MM1601	OE2	0000200449	JV	MMEP3BRE1B		00000000	MMEP3BRE1B				CP		OVL			0000000000	00000000	           273.00	0.00	0.00	0.00	0.00	0.00	0.00	0.00	0.00	0.00	0.00	0.00	0.00	0.00	0.00	0.00	0.00	       22,959.30	0.00	0.00	0.00	0.00	0.00	0.00	0.00	0.00	0.00	0.00	0.00	0.00	0.00	0.00	0.00	0.00	        273.00	0.00	0.00	0.00	0.00	0.00	0.00	0.00	0.00	0.00	0.00	0.00	0.00	0.00	0.00	0.00	0.00
	500	4A	0	001	 2026	000000000001655311	000000000000000000	000000000000000000	USD		H	  016	OVL	MM1601	OE2	0000093237	JV			00000000	MMEP3BRE1B				CB		OVL			0000000000	00000000	-106,819.30	0.00	0.00	0.00	0.00	0.00	0.00	0.00	0.00	0.00	0.00	0.00	0.00	0.00	0.00	0.00	0.00	-9,339,242.58	0.00	0.00	0.00	0.00	0.00	0.00	0.00	0.00	0.00	0.00	0.00	0.00	0.00	0.00	0.00	0.00	-106,819.30	0.00	0.00	0.00	0.00	0.00	0.00	0.00	0.00	0.00	0.00	0.00	0.00	0.00	0.00	0.00	0.00
	500	4A	0	001	 2026	000000000001655311	000000000000000000	000000000000000000	USD		S	  016	OVL	MM1601	OE2	0000093237	JV			00000000	MMEP3BRE1B				CB		OVL			0000000000	00000000	        90,797.83	0.00	0.00	0.00	0.00	0.00	0.00	0.00	0.00	0.00	0.00	0.00	0.00	0.00	0.00	0.00	0.00	    7,698,587.67	0.00	0.00	0.00	0.00	0.00	0.00	0.00	0.00	0.00	0.00	0.00	0.00	0.00	0.00	0.00	0.00	     90,797.83	0.00	0.00	0.00	0.00	0.00	0.00	0.00	0.00	0.00	0.00	0.00	0.00	0.00	0.00	0.00	0.00
	500	4A	0	001	 2026	000000000001655521	000000000000000000	000000000000000000	EUR		H	  016	OVL	MM1601	OE2	0000096441	JV			00000000	MMEP3BRE1B				CP		OVL			0000000000	00000000	-1.00	0.00	0.00	0.00	0.00	0.00	0.00	0.00	0.00	0.00	0.00	0.00	0.00	0.00	0.00	0.00	0.00	-90.00	0.00	0.00	0.00	0.00	0.00	0.00	0.00	0.00	0.00	0.00	0.00	0.00	0.00	0.00	0.00	0.00	-1.04	0.00	0.00	0.00	0.00	0.00	0.00	0.00	0.00	0.00	0.00	0.00	0.00	0.00	0.00	0.00	0.00
	500	4A	0	001	 2026	000000000001655521	000000000000000000	000000000000000000	EUR		S	  016	OVL	MM1601	OE2	0000096441	JV			00000000	MMEP3BRE1B				CP		OVL			0000000000	00000000	             2.00	0.00	0.00	0.00	0.00	0.00	0.00	0.00	0.00	0.00	0.00	0.00	0.00	0.00	0.00	0.00	0.00	          180.00	0.00	0.00	0.00	0.00	0.00	0.00	0.00	0.00	0.00	0.00	0.00	0.00	0.00	0.00	0.00	0.00	          2.08	0.00	0.00	0.00	0.00	0.00	0.00	0.00	0.00	0.00	0.00	0.00	0.00	0.00	0.00	0.00	0.00
	500	4A	0	001	 2026	000000000001655522	000000000000000000	000000000000000000	MMK		H	  016	OVL	MM1601	OE2	0000096451	JV			00000000	MMEP3BRE1B				CP		OVL			0000000000	00000000	-2,206.00	0.00	0.00	0.00	0.00	0.00	0.00	0.00	0.00	0.00	0.00	0.00	0.00	0.00	0.00	0.00	0.00	-91.00	0.00	0.00	0.00	0.00	0.00	0.00	0.00	0.00	0.00	0.00	0.00	0.00	0.00	0.00	0.00	0.00	-1.06	0.00	0.00	0.00	0.00	0.00	0.00	0.00	0.00	0.00	0.00	0.00	0.00	0.00	0.00	0.00	0.00
	500	4A	0	001	 2026	000000000001655522	000000000000000000	000000000000000000	MMK		S	  016	OVL	MM1601	OE2	0000096451	JV			00000000	MMEP3BRE1B				CP		OVL			0000000000	00000000	         2,206.00	0.00	0.00	0.00	0.00	0.00	0.00	0.00	0.00	0.00	0.00	0.00	0.00	0.00	0.00	0.00	0.00	           91.00	0.00	0.00	0.00	0.00	0.00	0.00	0.00	0.00	0.00	0.00	0.00	0.00	0.00	0.00	0.00	0.00	          1.06	0.00	0.00	0.00	0.00	0.00	0.00	0.00	0.00	0.00	0.00	0.00	0.00	0.00	0.00	0.00	0.00
	500	4A	0	001	 2026	000000000001656185	000000000000000000	000000000000000000	EUR		H	  016	OVL	MM1601	OE2	0000096441	JV			00000000	MMEP3BRE1B				BR		OVL			0000000000	00000000	-3,787.46	0.00	0.00	0.00	0.00	0.00	0.00	0.00	0.00	0.00	0.00	0.00	0.00	0.00	0.00	0.00	0.00	-383,994.45	0.00	0.00	0.00	0.00	0.00	0.00	0.00	0.00	0.00	0.00	0.00	0.00	0.00	0.00	0.00	0.00	-4,396.84	0.00	0.00	0.00	0.00	0.00	0.00	0.00	0.00	0.00	0.00	0.00	0.00	0.00	0.00	0.00	0.00
	500	4A	0	001	 2026	000000000001656185	000000000000000000	000000000000000000	EUR		S	  016	OVL	MM1601	OE2	0000096441	JV			00000000	MMEP3BRE1B				BR		OVL			0000000000	00000000	         3,787.46	0.00	0.00	0.00	0.00	0.00	0.00	0.00	0.00	0.00	0.00	0.00	0.00	0.00	0.00	0.00	0.00	      383,994.45	0.00	0.00	0.00	0.00	0.00	0.00	0.00	0.00	0.00	0.00	0.00	0.00	0.00	0.00	0.00	0.00	      4,396.84	0.00	0.00	0.00	0.00	0.00	0.00	0.00	0.00	0.00	0.00	0.00	0.00	0.00	0.00	0.00	0.00
	500	4A	0	001	 2026	000000000001656340	000000000000000000	000000000000000000	MMK		S	  016	OVL	MM1601	OE2	0000010602	JV	MMEP3BRE1D		00000000	MMEP3BRE1B	000106017179	0000	100	BR		OVL			0000000000	00000000	     3,282,300.00	0.00	0.00	0.00	0.00	0.00	0.00	0.00	0.00	0.00	0.00	0.00	0.00	0.00	0.00	0.00	0.00	      133,523.97	0.00	0.00	0.00	0.00	0.00	0.00	0.00	0.00	0.00	0.00	0.00	0.00	0.00	0.00	0.00	0.00	      1,575.51	0.00	0.00	0.00	0.00	0.00	0.00	0.00	0.00	0.00	0.00	0.00	0.00	0.00	0.00	0.00	0.00
	500	4A	0	001	 2026	000000000001656341	000000000000000000	000000000000000000	MMK		S	  016	OVL	MM1601	OE2	0000010602	JV	MMEP3BRE1D		00000000	MMEP3BRE1B	000106017180	0000	100	BR		OVL			0000000000	00000000	     3,733,800.00	0.00	0.00	0.00	0.00	0.00	0.00	0.00	0.00	0.00	0.00	0.00	0.00	0.00	0.00	0.00	0.00	      151,890.98	0.00	0.00	0.00	0.00	0.00	0.00	0.00	0.00	0.00	0.00	0.00	0.00	0.00	0.00	0.00	0.00	      1,792.22	0.00	0.00	0.00	0.00	0.00	0.00	0.00	0.00	0.00	0.00	0.00	0.00	0.00	0.00	0.00	0.00
	500	4A	0	001	 2026	000000000001656342	000000000000000000	000000000000000000	MMK		S	  016	OVL	MM1601	OE2	0000010602	JV	MMEP3BRE1D		00000000	MMEP3BRE1B	000106017181	0000	100	BR		OVL			0000000000	00000000	     3,733,800.00	0.00	0.00	0.00	0.00	0.00	0.00	0.00	0.00	0.00	0.00	0.00	0.00	0.00	0.00	0.00	0.00	      151,890.98	0.00	0.00	0.00	0.00	0.00	0.00	0.00	0.00	0.00	0.00	0.00	0.00	0.00	0.00	0.00	0.00	      1,792.22	0.00	0.00	0.00	0.00	0.00	0.00	0.00	0.00	0.00	0.00	0.00	0.00	0.00	0.00	0.00	0.00
	500	4A	0	001	 2026	000000000001656457	000000000000000000	000000000000000000	MMK		H	  016	OVL	MM1601	OE2	0000010602	JV	MMEP3BRE1D		00000000	MMEP3BRE1B	000106017179	0000	100	CB		OVL			0000000000	00000000	-3,282,300.00	0.00	0.00	0.00	0.00	0.00	0.00	0.00	0.00	0.00	0.00	0.00	0.00	0.00	0.00	0.00	0.00	-133,523.97	0.00	0.00	0.00	0.00	0.00	0.00	0.00	0.00	0.00	0.00	0.00	0.00	0.00	0.00	0.00	0.00	-1,575.51	0.00	0.00	0.00	0.00	0.00	0.00	0.00	0.00	0.00	0.00	0.00	0.00	0.00	0.00	0.00	0.00
	500	4A	0	001	 2026	000000000001656458	000000000000000000	000000000000000000	MMK		H	  016	OVL	MM1601	OE2	0000010602	JV	MMEP3BRE1D		00000000	MMEP3BRE1B	000106017180	0000	100	CB		OVL			0000000000	00000000	-3,733,800.00	0.00	0.00	0.00	0.00	0.00	0.00	0.00	0.00	0.00	0.00	0.00	0.00	0.00	0.00	0.00	0.00	-151,890.98	0.00	0.00	0.00	0.00	0.00	0.00	0.00	0.00	0.00	0.00	0.00	0.00	0.00	0.00	0.00	0.00	-1,792.22	0.00	0.00	0.00	0.00	0.00	0.00	0.00	0.00	0.00	0.00	0.00	0.00	0.00	0.00	0.00	0.00
	500	4A	0	001	 2026	000000000001656459	000000000000000000	000000000000000000	MMK		H	  016	OVL	MM1601	OE2	0000010602	JV	MMEP3BRE1D		00000000	MMEP3BRE1B	000106017181	0000	100	CB		OVL			0000000000	00000000	-3,733,800.00	0.00	0.00	0.00	0.00	0.00	0.00	0.00	0.00	0.00	0.00	0.00	0.00	0.00	0.00	0.00	0.00	-151,890.98	0.00	0.00	0.00	0.00	0.00	0.00	0.00	0.00	0.00	0.00	0.00	0.00	0.00	0.00	0.00	0.00	-1,792.22	0.00	0.00	0.00	0.00	0.00	0.00	0.00	0.00	0.00	0.00	0.00	0.00	0.00	0.00	0.00	0.00
	500	4A	0	001	 2026	000000000001659492	000000000000000000	000000000000000000	USD		H	  016	OVL	MM1601	OE2	0000190289	JV	MMEP3BRE1B		00000000	MMEP3BRE1B				BR		OVL			0000000000	00000000	-7,354.35	0.00	0.00	0.00	0.00	0.00	0.00	0.00	0.00	0.00	0.00	0.00	0.00	0.00	0.00	0.00	0.00	-676,085.40	0.00	0.00	0.00	0.00	0.00	0.00	0.00	0.00	0.00	0.00	0.00	0.00	0.00	0.00	0.00	0.00	-7,354.35	0.00	0.00	0.00	0.00	0.00	0.00	0.00	0.00	0.00	0.00	0.00	0.00	0.00	0.00	0.00	0.00
	500	4A	0	001	 2026	000000000001659492	000000000000000000	000000000000000000	USD		S	  016	OVL	MM1601	OE2	0000190289	JV	MMEP3BRE1B		00000000	MMEP3BRE1B				BR		OVL			0000000000	00000000	         7,354.35	0.00	0.00	0.00	0.00	0.00	0.00	0.00	0.00	0.00	0.00	0.00	0.00	0.00	0.00	0.00	0.00	      676,085.40	0.00	0.00	0.00	0.00	0.00	0.00	0.00	0.00	0.00	0.00	0.00	0.00	0.00	0.00	0.00	0.00	      7,354.35	0.00	0.00	0.00	0.00	0.00	0.00	0.00	0.00	0.00	0.00	0.00	0.00	0.00	0.00	0.00	0.00
	500	4A	0	001	 2026	000000000001659567	000000000000000000	000000000000000000	USD		H	  016	OVL	MM1601	OE2	0000190289	JV	MMEP3BRE1B		00000000	MMEP3BRE1B				CB		OVL			0000000000	00000000	-7,354.35	0.00	0.00	0.00	0.00	0.00	0.00	0.00	0.00	0.00	0.00	0.00	0.00	0.00	0.00	0.00	0.00	-676,085.40	0.00	0.00	0.00	0.00	0.00	0.00	0.00	0.00	0.00	0.00	0.00	0.00	0.00	0.00	0.00	0.00	-7,354.35	0.00	0.00	0.00	0.00	0.00	0.00	0.00	0.00	0.00	0.00	0.00	0.00	0.00	0.00	0.00	0.00
	500	4A	0	001	 2026	000000000001659567	000000000000000000	000000000000000000	USD		S	  016	OVL	MM1601	OE2	0000190289	JV	MMEP3BRE1B		00000000	MMEP3BRE1B				CB		OVL			0000000000	00000000	         7,354.35	0.00	0.00	0.00	0.00	0.00	0.00	0.00	0.00	0.00	0.00	0.00	0.00	0.00	0.00	0.00	0.00	      676,085.40	0.00	0.00	0.00	0.00	0.00	0.00	0.00	0.00	0.00	0.00	0.00	0.00	0.00	0.00	0.00	0.00	      7,354.35	0.00	0.00	0.00	0.00	0.00	0.00	0.00	0.00	0.00	0.00	0.00	0.00	0.00	0.00	0.00	0.00
	500	4A	0	001	 2026	000000000001659646	000000000000000000	000000000000000000	USD		H	  016	OVL	MM1601	OE2	0000201922	JV	MMOB2BRE1B		00000000	MMOB2BRE1B				CB		OVL			0000000000	00000000	             0.00	0.00	0.00	0.00	0.00	0.00	0.00	0.00	0.00	0.00	0.00	0.00	0.00	0.00	0.00	0.00	0.00	-1,747,228.66	0.00	0.00	0.00	0.00	0.00	0.00	0.00	0.00	0.00	0.00	0.00	0.00	0.00	0.00	0.00	0.00	          0.00	0.00	0.00	0.00	0.00	0.00	0.00	0.00	0.00	0.00	0.00	0.00	0.00	0.00	0.00	0.00	0.00
	500	4A	0	001	 2026	000000000001659819	000000000000000000	000000000000000000	USD		S	  016	OVL	MM1601	OE2	0000209726	JV	MMEP3BRE1B		00000000	MMEP3BRE1B				BR		OVL			0000000000	00000000	         7,354.35	0.00	0.00	0.00	0.00	0.00	0.00	0.00	0.00	0.00	0.00	0.00	0.00	0.00	0.00	0.00	0.00	      676,085.40	0.00	0.00	0.00	0.00	0.00	0.00	0.00	0.00	0.00	0.00	0.00	0.00	0.00	0.00	0.00	0.00	      7,354.35	0.00	0.00	0.00	0.00	0.00	0.00	0.00	0.00	0.00	0.00	0.00	0.00	0.00	0.00	0.00	0.00
	500	4A	0	001	 2026	000000000001659877	000000000000000000	000000000000000000	USD		H	  016	OVL	MM1601	OE2	0000209726	JV	MMEP3BRE1B		00000000	MMEP3BRE1B				CB		OVL			0000000000	00000000	-7,354.35	0.00	0.00	0.00	0.00	0.00	0.00	0.00	0.00	0.00	0.00	0.00	0.00	0.00	0.00	0.00	0.00	-676,085.40	0.00	0.00	0.00	0.00	0.00	0.00	0.00	0.00	0.00	0.00	0.00	0.00	0.00	0.00	0.00	0.00	-7,354.35	0.00	0.00	0.00	0.00	0.00	0.00	0.00	0.00	0.00	0.00	0.00	0.00	0.00	0.00	0.00	0.00
	500	4A	0	001	 2026	000000000001660723	000000000000000000	000000000000000000	USD		H	  016	OVL	MM1601	OE2	0000190598	JV			00000000	MMEP3BRE1B				CP		OVL			0000000000	00000000	-27,414.59	0.00	0.00	0.00	0.00	0.00	0.00	0.00	0.00	0.00	0.00	0.00	0.00	0.00	0.00	0.00	0.00	-2,570,117.81	0.00	0.00	0.00	0.00	0.00	0.00	0.00	0.00	0.00	0.00	0.00	0.00	0.00	0.00	0.00	0.00	-27,414.59	0.00	0.00	0.00	0.00	0.00	0.00	0.00	0.00	0.00	0.00	0.00	0.00	0.00	0.00	0.00	0.00
	500	4A	0	001	 2026	000000000001661109	000000000000000000	000000000000000000	MMK		H	  016	OVL	MM1601	OE2	0000160206	JV	OVLJVCP001		00000000	OVLJVCORP				CB		OVL			0000000000	00000000	             0.00	0.00	0.00	0.00	0.00	0.00	0.00	0.00	0.00	0.00	0.00	0.00	0.00	0.00	0.00	0.00	0.00	            0.00	0.00	0.00	0.00	0.00	0.00	0.00	0.00	0.00	0.00	0.00	0.00	0.00	0.00	0.00	0.00	0.00	          0.00	0.00	0.00	0.00	0.00	0.00	0.00	0.00	0.00	0.00	0.00	0.00	0.00	0.00	0.00	0.00	0.00
	500	4A	0	001	 2026	000000000001661109	000000000000000000	000000000000000000	MMK		S	  016	OVL	MM1601	OE2	0000160206	JV	OVLJVCP001		00000000	OVLJVCORP				CB		OVL			0000000000	00000000	             0.00	0.00	0.00	0.00	0.00	0.00	0.00	0.00	0.00	0.00	0.00	0.00	0.00	0.00	0.00	0.00	0.00	            0.00	0.00	0.00	0.00	0.00	0.00	0.00	0.00	0.00	0.00	0.00	0.00	0.00	0.00	0.00	0.00	0.00	          0.00	0.00	0.00	0.00	0.00	0.00	0.00	0.00	0.00	0.00	0.00	0.00	0.00	0.00	0.00	0.00	0.00
	500	4A	0	001	 2026	000000000001661109	000000000000000000	000000000000000000	USD		H	  016	OVL	MM1601	OE2	0000160206	JV	OVLJVCP001		00000000	OVLJVCORP				CB		OVL			0000000000	00000000	             0.00	0.00	0.00	0.00	0.00	0.00	0.00	0.00	0.00	0.00	0.00	0.00	0.00	0.00	0.00	0.00	0.00	            0.00	0.00	0.00	0.00	0.00	0.00	0.00	0.00	0.00	0.00	0.00	0.00	0.00	0.00	0.00	0.00	0.00	          0.00	0.00	0.00	0.00	0.00	0.00	0.00	0.00	0.00	0.00	0.00	0.00	0.00	0.00	0.00	0.00	0.00
	500	4A	0	001	 2026	000000000001661109	000000000000000000	000000000000000000	USD		S	  016	OVL	MM1601	OE2	0000160206	JV	OVLJVCP001		00000000	OVLJVCORP				CB		OVL			0000000000	00000000	             0.00	0.00	0.00	0.00	0.00	0.00	0.00	0.00	0.00	0.00	0.00	0.00	0.00	0.00	0.00	0.00	0.00	            0.00	0.00	0.00	0.00	0.00	0.00	0.00	0.00	0.00	0.00	0.00	0.00	0.00	0.00	0.00	0.00	0.00	          0.00	0.00	0.00	0.00	0.00	0.00	0.00	0.00	0.00	0.00	0.00	0.00	0.00	0.00	0.00	0.00	0.00
	500	4A	0	001	 2026	000000000001661168	000000000000000000	000000000000000000	USD		H	  016	OVL	MM1601	OE2	0000160206	JV	MMOB2BRE1B		00000000	MMOB2BRE1B				CB		OVL			0000000000	00000000	             0.00	0.00	0.00	0.00	0.00	0.00	0.00	0.00	0.00	0.00	0.00	0.00	0.00	0.00	0.00	0.00	0.00	            0.00	0.00	0.00	0.00	0.00	0.00	0.00	0.00	0.00	0.00	0.00	0.00	0.00	0.00	0.00	0.00	0.00	          0.00	0.00	0.00	0.00	0.00	0.00	0.00	0.00	0.00	0.00	0.00	0.00	0.00	0.00	0.00	0.00	0.00
